longitude,latitude,elevation
79.75,12.75,128.7
79.755,12.75,131.0
79.75999999999999,12.75,135.3
79.76499999999999,12.75,129.4
79.76999999999998,12.75,123.8
79.77499999999998,12.75,118.8
79.77999999999997,12.75,127.1
79.78499999999997,12.75,123.7
79.78999999999996,12.75,122.4
79.79499999999996,12.75,120.8
79.79999999999995,12.75,120.8
79.80499999999995,12.75,129.4
79.80999999999995,12.75,130.4
79.81499999999994,12.75,117.7
79.81999999999994,12.75,120.1
79.82499999999993,12.75,106.2
79.82999999999993,12.75,113.9
79.83499999999992,12.75,119.7
79.83999999999992,12.75,112.6
79.84499999999991,12.75,107.8
79.84999999999991,12.75,109.5
79.8549999999999,12.75,109.1
79.8599999999999,12.75,127.4
79.8649999999999,12.75,106.4
79.86999999999989,12.75,106.4
79.87499999999989,12.75,108.3
79.87999999999988,12.75,116.2
79.88499999999988,12.75,103.2
79.88999999999987,12.75,102.3
79.89499999999987,12.75,106.2
79.89999999999986,12.75,103.1
79.90499999999986,12.75,97.4
79.90999999999985,12.75,94.7
79.91499999999985,12.75,105.9
79.91999999999985,12.75,92.2
79.92499999999984,12.75,94.9
79.92999999999984,12.75,96.2
79.93499999999983,12.75,97.4
79.93999999999983,12.75,96.2
79.94499999999982,12.75,94.0
79.94999999999982,12.75,93.5
79.95499999999981,12.75,90.9
79.95999999999981,12.75,94.5
79.9649999999998,12.75,95.1
79.9699999999998,12.75,81.9
79.9749999999998,12.75,85.8
79.97999999999979,12.75,88.5
79.98499999999979,12.75,82.6
79.98999999999978,12.75,86.6
79.99499999999978,12.75,76.4
79.99999999999977,12.75,78.7
80.00499999999977,12.75,81.2
80.00999999999976,12.75,74.0
80.01499999999976,12.75,71.9
80.01999999999975,12.75,71.8
80.02499999999975,12.75,75.4
80.02999999999975,12.75,68.5
80.03499999999974,12.75,82.7
80.03999999999974,12.75,81.3
80.04499999999973,12.75,73.6
80.04999999999973,12.75,81.4
80.05499999999972,12.75,68.0
80.05999999999972,12.75,63.9
80.06499999999971,12.75,63.9
80.06999999999971,12.75,75.4
80.0749999999997,12.75,55.1
80.0799999999997,12.75,67.3
80.0849999999997,12.75,60.5
80.08999999999969,12.75,61.7
80.09499999999969,12.75,57.1
80.09999999999968,12.75,49.2
80.10499999999968,12.75,65.8
80.10999999999967,12.75,59.8
80.11499999999967,12.75,51.7
80.11999999999966,12.75,51.9
80.12499999999966,12.75,59.3
80.12999999999965,12.75,50.3
80.13499999999965,12.75,46.3
80.13999999999965,12.75,60.0
80.14499999999964,12.75,48.0
80.14999999999964,12.75,43.3
80.15499999999963,12.75,38.4
80.15999999999963,12.75,28.7
80.16499999999962,12.75,29.7
80.16999999999962,12.75,34.9
80.17499999999961,12.75,35.8
80.17999999999961,12.75,29.6
80.1849999999996,12.75,23.7
80.1899999999996,12.75,27.1
80.1949999999996,12.75,22.9
80.19999999999959,12.75,16.4
80.20499999999959,12.75,16.0
80.20999999999958,12.75,10.3
80.21499999999958,12.75,21.4
80.21999999999957,12.75,20.2
80.22499999999957,12.75,11.8
80.22999999999956,12.75,18.6
80.23499999999956,12.75,15.1
80.23999999999955,12.75,12.1
80.24499999999955,12.75,10.7
80.24999999999955,12.75,19.3
80.25499999999954,12.75,9.1
80.25999999999954,12.75,3.0
80.26499999999953,12.75,4.0
80.26999999999953,12.75,3.5
80.27499999999952,12.75,-2.0
80.27999999999952,12.75,-2.0
80.28499999999951,12.75,0.8
80.28999999999951,12.75,0.7
80.2949999999995,12.75,-0.0
80.2999999999995,12.75,5.4
80.3049999999995,12.75,7.1
80.30999999999949,12.75,2.9
80.31499999999949,12.75,1.1
80.31999999999948,12.75,10.6
80.32499999999948,12.75,-1.4
80.32999999999947,12.75,-2.0
80.33499999999947,12.75,-0.1
80.33999999999946,12.75,9.3
80.34499999999946,12.75,3.5
80.34999999999945,12.75,3.6
80.35499999999945,12.75,9.3
80.35999999999945,12.75,9.7
80.36499999999944,12.75,7.6
80.36999999999944,12.75,-1.7
80.37499999999943,12.75,1.6
80.37999999999943,12.75,-1.0
80.38499999999942,12.75,-2.0
80.38999999999942,12.75,-0.9
80.39499999999941,12.75,0.1
80.39999999999941,12.75,1.1
80.4049999999994,12.75,0.5
80.4099999999994,12.75,5.7
80.4149999999994,12.75,-1.9
80.41999999999939,12.75,-2.0
80.42499999999939,12.75,7.1
80.42999999999938,12.75,4.7
80.43499999999938,12.75,-2.0
80.43999999999937,12.75,16.0
80.44499999999937,12.75,10.1
80.44999999999936,12.75,-2.0
79.75,12.755,140.9
79.755,12.755,130.7
79.75999999999999,12.755,142.4
79.76499999999999,12.755,129.1
79.76999999999998,12.755,116.1
79.77499999999998,12.755,117.8
79.77999999999997,12.755,131.2
79.78499999999997,12.755,128.5
79.78999999999996,12.755,127.6
79.79499999999996,12.755,126.9
79.79999999999995,12.755,118.5
79.80499999999995,12.755,120.4
79.80999999999995,12.755,112.2
79.81499999999994,12.755,107.5
79.81999999999994,12.755,122.1
79.82499999999993,12.755,118.9
79.82999999999993,12.755,113.7
79.83499999999992,12.755,108.2
79.83999999999992,12.755,109.2
79.84499999999991,12.755,116.5
79.84999999999991,12.755,108.1
79.8549999999999,12.755,108.2
79.8599999999999,12.755,114.5
79.8649999999999,12.755,111.1
79.86999999999989,12.755,111.0
79.87499999999989,12.755,105.5
79.87999999999988,12.755,110.4
79.88499999999988,12.755,97.5
79.88999999999987,12.755,105.9
79.89499999999987,12.755,94.6
79.89999999999986,12.755,96.2
79.90499999999986,12.755,97.7
79.90999999999985,12.755,104.6
79.91499999999985,12.755,100.8
79.91999999999985,12.755,96.6
79.92499999999984,12.755,100.9
79.92999999999984,12.755,91.9
79.93499999999983,12.755,86.8
79.93999999999983,12.755,87.0
79.94499999999982,12.755,91.6
79.94999999999982,12.755,99.7
79.95499999999981,12.755,88.8
79.95999999999981,12.755,84.6
79.9649999999998,12.755,76.9
79.9699999999998,12.755,89.4
79.9749999999998,12.755,88.0
79.97999999999979,12.755,81.0
79.98499999999979,12.755,86.9
79.98999999999978,12.755,91.4
79.99499999999978,12.755,84.4
79.99999999999977,12.755,81.3
80.00499999999977,12.755,83.7
80.00999999999976,12.755,83.6
80.01499999999976,12.755,84.6
80.01999999999975,12.755,76.0
80.02499999999975,12.755,76.3
80.02999999999975,12.755,84.4
80.03499999999974,12.755,72.1
80.03999999999974,12.755,71.7
80.04499999999973,12.755,71.4
80.04999999999973,12.755,76.2
80.05499999999972,12.755,63.1
80.05999999999972,12.755,58.9
80.06499999999971,12.755,67.0
80.06999999999971,12.755,63.9
80.0749999999997,12.755,53.8
80.0799999999997,12.755,54.9
80.0849999999997,12.755,65.6
80.08999999999969,12.755,66.6
80.09499999999969,12.755,55.2
80.09999999999968,12.755,52.7
80.10499999999968,12.755,58.3
80.10999999999967,12.755,63.9
80.11499999999967,12.755,53.3
80.11999999999966,12.755,56.7
80.12499999999966,12.755,57.6
80.12999999999965,12.755,54.4
80.13499999999965,12.755,53.2
80.13999999999965,12.755,55.7
80.14499999999964,12.755,49.7
80.14999999999964,12.755,41.7
80.15499999999963,12.755,27.6
80.15999999999963,12.755,29.2
80.16499999999962,12.755,28.9
80.16999999999962,12.755,29.1
80.17499999999961,12.755,20.3
80.17999999999961,12.755,19.1
80.1849999999996,12.755,29.7
80.1899999999996,12.755,22.3
80.1949999999996,12.755,16.2
80.19999999999959,12.755,18.7
80.20499999999959,12.755,12.1
80.20999999999958,12.755,11.2
80.21499999999958,12.755,20.9
80.21999999999957,12.755,28.4
80.22499999999957,12.755,15.2
80.22999999999956,12.755,14.0
80.23499999999956,12.755,17.8
80.23999999999955,12.755,24.4
80.24499999999955,12.755,3.7
80.24999999999955,12.755,4.1
80.25499999999954,12.755,11.7
80.25999999999954,12.755,-0.9
80.26499999999953,12.755,-2.0
80.26999999999953,12.755,2.0
80.27499999999952,12.755,9.6
80.27999999999952,12.755,-2.0
80.28499999999951,12.755,0.5
80.28999999999951,12.755,-2.0
80.2949999999995,12.755,-0.3
80.2999999999995,12.755,-2.0
80.3049999999995,12.755,13.3
80.30999999999949,12.755,0.3
80.31499999999949,12.755,4.8
80.31999999999948,12.755,8.3
80.32499999999948,12.755,2.2
80.32999999999947,12.755,12.1
80.33499999999947,12.755,5.4
80.33999999999946,12.755,-0.8
80.34499999999946,12.755,1.9
80.34999999999945,12.755,7.1
80.35499999999945,12.755,0.3
80.35999999999945,12.755,2.3
80.36499999999944,12.755,2.2
80.36999999999944,12.755,-2.0
80.37499999999943,12.755,8.8
80.37999999999943,12.755,-2.0
80.38499999999942,12.755,5.2
80.38999999999942,12.755,10.1
80.39499999999941,12.755,1.5
80.39999999999941,12.755,5.6
80.4049999999994,12.755,6.5
80.4099999999994,12.755,-2.0
80.4149999999994,12.755,-2.0
80.41999999999939,12.755,0.8
80.42499999999939,12.755,-1.5
80.42999999999938,12.755,-2.0
80.43499999999938,12.755,-2.0
80.43999999999937,12.755,-1.7
80.44499999999937,12.755,1.4
80.44999999999936,12.755,3.5
79.75,12.760000000000002,134.1
79.755,12.760000000000002,129.9
79.75999999999999,12.760000000000002,133.9
79.76499999999999,12.760000000000002,137.4
79.76999999999998,12.760000000000002,128.9
79.77499999999998,12.760000000000002,127.2
79.77999999999997,12.760000000000002,126.6
79.78499999999997,12.760000000000002,134.7
79.78999999999996,12.760000000000002,116.1
79.79499999999996,12.760000000000002,121.7
79.79999999999995,12.760000000000002,116.7
79.80499999999995,12.760000000000002,114.4
79.80999999999995,12.760000000000002,119.5
79.81499999999994,12.760000000000002,115.9
79.81999999999994,12.760000000000002,112.1
79.82499999999993,12.760000000000002,127.1
79.82999999999993,12.760000000000002,126.7
79.83499999999992,12.760000000000002,112.2
79.83999999999992,12.760000000000002,113.1
79.84499999999991,12.760000000000002,111.5
79.84999999999991,12.760000000000002,112.2
79.8549999999999,12.760000000000002,118.0
79.8599999999999,12.760000000000002,105.3
79.8649999999999,12.760000000000002,105.4
79.86999999999989,12.760000000000002,108.7
79.87499999999989,12.760000000000002,104.6
79.87999999999988,12.760000000000002,107.6
79.88499999999988,12.760000000000002,106.4
79.88999999999987,12.760000000000002,108.8
79.89499999999987,12.760000000000002,109.0
79.89999999999986,12.760000000000002,98.6
79.90499999999986,12.760000000000002,101.9
79.90999999999985,12.760000000000002,101.2
79.91499999999985,12.760000000000002,93.6
79.91999999999985,12.760000000000002,95.7
79.92499999999984,12.760000000000002,102.4
79.92999999999984,12.760000000000002,98.6
79.93499999999983,12.760000000000002,91.1
79.93999999999983,12.760000000000002,95.0
79.94499999999982,12.760000000000002,93.3
79.94999999999982,12.760000000000002,95.9
79.95499999999981,12.760000000000002,89.3
79.95999999999981,12.760000000000002,105.1
79.9649999999998,12.760000000000002,94.2
79.9699999999998,12.760000000000002,76.2
79.9749999999998,12.760000000000002,89.4
79.97999999999979,12.760000000000002,81.7
79.98499999999979,12.760000000000002,78.4
79.98999999999978,12.760000000000002,92.4
79.99499999999978,12.760000000000002,88.2
79.99999999999977,12.760000000000002,84.0
80.00499999999977,12.760000000000002,67.2
80.00999999999976,12.760000000000002,71.7
80.01499999999976,12.760000000000002,77.9
80.01999999999975,12.760000000000002,81.2
80.02499999999975,12.760000000000002,79.5
80.02999999999975,12.760000000000002,72.0
80.03499999999974,12.760000000000002,74.2
80.03999999999974,12.760000000000002,74.0
80.04499999999973,12.760000000000002,74.3
80.04999999999973,12.760000000000002,69.8
80.05499999999972,12.760000000000002,63.0
80.05999999999972,12.760000000000002,69.1
80.06499999999971,12.760000000000002,72.4
80.06999999999971,12.760000000000002,51.5
80.0749999999997,12.760000000000002,60.6
80.0799999999997,12.760000000000002,60.0
80.0849999999997,12.760000000000002,62.4
80.08999999999969,12.760000000000002,62.2
80.09499999999969,12.760000000000002,62.4
80.09999999999968,12.760000000000002,57.4
80.10499999999968,12.760000000000002,55.1
80.10999999999967,12.760000000000002,57.9
80.11499999999967,12.760000000000002,52.3
80.11999999999966,12.760000000000002,53.5
80.12499999999966,12.760000000000002,53.4
80.12999999999965,12.760000000000002,48.9
80.13499999999965,12.760000000000002,55.0
80.13999999999965,12.760000000000002,50.4
80.14499999999964,12.760000000000002,56.6
80.14999999999964,12.760000000000002,49.7
80.15499999999963,12.760000000000002,23.9
80.15999999999963,12.760000000000002,24.5
80.16499999999962,12.760000000000002,32.2
80.16999999999962,12.760000000000002,36.4
80.17499999999961,12.760000000000002,27.4
80.17999999999961,12.760000000000002,31.3
80.1849999999996,12.760000000000002,30.3
80.1899999999996,12.760000000000002,19.9
80.1949999999996,12.760000000000002,20.1
80.19999999999959,12.760000000000002,31.2
80.20499999999959,12.760000000000002,18.8
80.20999999999958,12.760000000000002,13.9
80.21499999999958,12.760000000000002,25.7
80.21999999999957,12.760000000000002,19.6
80.22499999999957,12.760000000000002,11.9
80.22999999999956,12.760000000000002,15.2
80.23499999999956,12.760000000000002,13.0
80.23999999999955,12.760000000000002,13.7
80.24499999999955,12.760000000000002,11.5
80.24999999999955,12.760000000000002,23.4
80.25499999999954,12.760000000000002,7.7
80.25999999999954,12.760000000000002,-2.0
80.26499999999953,12.760000000000002,3.0
80.26999999999953,12.760000000000002,2.4
80.27499999999952,12.760000000000002,0.9
80.27999999999952,12.760000000000002,-2.0
80.28499999999951,12.760000000000002,-2.0
80.28999999999951,12.760000000000002,-2.0
80.2949999999995,12.760000000000002,-1.1
80.2999999999995,12.760000000000002,10.3
80.3049999999995,12.760000000000002,0.7
80.30999999999949,12.760000000000002,-0.2
80.31499999999949,12.760000000000002,4.9
80.31999999999948,12.760000000000002,4.7
80.32499999999948,12.760000000000002,3.4
80.32999999999947,12.760000000000002,-1.5
80.33499999999947,12.760000000000002,4.9
80.33999999999946,12.760000000000002,-0.3
80.34499999999946,12.760000000000002,-0.3
80.34999999999945,12.760000000000002,7.3
80.35499999999945,12.760000000000002,4.1
80.35999999999945,12.760000000000002,1.5
80.36499999999944,12.760000000000002,2.9
80.36999999999944,12.760000000000002,-2.0
80.37499999999943,12.760000000000002,5.3
80.37999999999943,12.760000000000002,-1.0
80.38499999999942,12.760000000000002,9.3
80.38999999999942,12.760000000000002,-2.0
80.39499999999941,12.760000000000002,9.4
80.39999999999941,12.760000000000002,1.2
80.4049999999994,12.760000000000002,2.1
80.4099999999994,12.760000000000002,-2.0
80.4149999999994,12.760000000000002,5.8
80.41999999999939,12.760000000000002,3.9
80.42499999999939,12.760000000000002,4.1
80.42999999999938,12.760000000000002,6.4
80.43499999999938,12.760000000000002,2.4
80.43999999999937,12.760000000000002,-1.4
80.44499999999937,12.760000000000002,10.5
80.44999999999936,12.760000000000002,-2.0
79.75,12.765000000000002,133.1
79.755,12.765000000000002,131.7
79.75999999999999,12.765000000000002,132.9
79.76499999999999,12.765000000000002,136.6
79.76999999999998,12.765000000000002,130.4
79.77499999999998,12.765000000000002,123.7
79.77999999999997,12.765000000000002,132.3
79.78499999999997,12.765000000000002,121.3
79.78999999999996,12.765000000000002,124.9
79.79499999999996,12.765000000000002,121.0
79.79999999999995,12.765000000000002,131.0
79.80499999999995,12.765000000000002,123.8
79.80999999999995,12.765000000000002,124.6
79.81499999999994,12.765000000000002,116.5
79.81999999999994,12.765000000000002,122.7
79.82499999999993,12.765000000000002,113.3
79.82999999999993,12.765000000000002,110.5
79.83499999999992,12.765000000000002,119.3
79.83999999999992,12.765000000000002,116.6
79.84499999999991,12.765000000000002,114.2
79.84999999999991,12.765000000000002,111.1
79.8549999999999,12.765000000000002,122.6
79.8599999999999,12.765000000000002,103.8
79.8649999999999,12.765000000000002,103.3
79.86999999999989,12.765000000000002,113.9
79.87499999999989,12.765000000000002,109.2
79.87999999999988,12.765000000000002,101.8
79.88499999999988,12.765000000000002,105.4
79.88999999999987,12.765000000000002,112.7
79.89499999999987,12.765000000000002,103.2
79.89999999999986,12.765000000000002,101.3
79.90499999999986,12.765000000000002,105.5
79.90999999999985,12.765000000000002,98.7
79.91499999999985,12.765000000000002,99.6
79.91999999999985,12.765000000000002,103.3
79.92499999999984,12.765000000000002,94.2
79.92999999999984,12.765000000000002,94.6
79.93499999999983,12.765000000000002,84.1
79.93999999999983,12.765000000000002,92.8
79.94499999999982,12.765000000000002,95.3
79.94999999999982,12.765000000000002,99.6
79.95499999999981,12.765000000000002,96.0
79.95999999999981,12.765000000000002,91.3
79.9649999999998,12.765000000000002,97.1
79.9699999999998,12.765000000000002,79.0
79.9749999999998,12.765000000000002,78.2
79.97999999999979,12.765000000000002,77.4
79.98499999999979,12.765000000000002,83.6
79.98999999999978,12.765000000000002,85.8
79.99499999999978,12.765000000000002,86.1
79.99999999999977,12.765000000000002,92.7
80.00499999999977,12.765000000000002,76.1
80.00999999999976,12.765000000000002,79.4
80.01499999999976,12.765000000000002,77.3
80.01999999999975,12.765000000000002,67.1
80.02499999999975,12.765000000000002,75.0
80.02999999999975,12.765000000000002,69.8
80.03499999999974,12.765000000000002,73.2
80.03999999999974,12.765000000000002,72.0
80.04499999999973,12.765000000000002,77.9
80.04999999999973,12.765000000000002,78.9
80.05499999999972,12.765000000000002,65.6
80.05999999999972,12.765000000000002,65.5
80.06499999999971,12.765000000000002,69.6
80.06999999999971,12.765000000000002,73.0
80.0749999999997,12.765000000000002,67.0
80.0799999999997,12.765000000000002,68.6
80.0849999999997,12.765000000000002,60.5
80.08999999999969,12.765000000000002,65.0
80.09499999999969,12.765000000000002,47.5
80.09999999999968,12.765000000000002,57.5
80.10499999999968,12.765000000000002,53.3
80.10999999999967,12.765000000000002,55.6
80.11499999999967,12.765000000000002,53.5
80.11999999999966,12.765000000000002,55.6
80.12499999999966,12.765000000000002,44.2
80.12999999999965,12.765000000000002,48.7
80.13499999999965,12.765000000000002,57.4
80.13999999999965,12.765000000000002,48.9
80.14499999999964,12.765000000000002,42.8
80.14999999999964,12.765000000000002,44.3
80.15499999999963,12.765000000000002,34.5
80.15999999999963,12.765000000000002,22.4
80.16499999999962,12.765000000000002,22.5
80.16999999999962,12.765000000000002,26.9
80.17499999999961,12.765000000000002,23.3
80.17999999999961,12.765000000000002,28.6
80.1849999999996,12.765000000000002,24.5
80.1899999999996,12.765000000000002,30.3
80.1949999999996,12.765000000000002,21.9
80.19999999999959,12.765000000000002,17.5
80.20499999999959,12.765000000000002,19.8
80.20999999999958,12.765000000000002,19.2
80.21499999999958,12.765000000000002,12.3
80.21999999999957,12.765000000000002,15.2
80.22499999999957,12.765000000000002,8.2
80.22999999999956,12.765000000000002,17.7
80.23499999999956,12.765000000000002,22.4
80.23999999999955,12.765000000000002,17.6
80.24499999999955,12.765000000000002,11.6
80.24999999999955,12.765000000000002,9.9
80.25499999999954,12.765000000000002,-2.0
80.25999999999954,12.765000000000002,1.9
80.26499999999953,12.765000000000002,-2.0
80.26999999999953,12.765000000000002,3.6
80.27499999999952,12.765000000000002,-0.2
80.27999999999952,12.765000000000002,4.7
80.28499999999951,12.765000000000002,-2.0
80.28999999999951,12.765000000000002,6.8
80.2949999999995,12.765000000000002,-0.5
80.2999999999995,12.765000000000002,-1.7
80.3049999999995,12.765000000000002,-2.0
80.30999999999949,12.765000000000002,2.6
80.31499999999949,12.765000000000002,4.6
80.31999999999948,12.765000000000002,4.9
80.32499999999948,12.765000000000002,-1.7
80.32999999999947,12.765000000000002,3.4
80.33499999999947,12.765000000000002,0.2
80.33999999999946,12.765000000000002,-2.0
80.34499999999946,12.765000000000002,-2.0
80.34999999999945,12.765000000000002,2.5
80.35499999999945,12.765000000000002,7.4
80.35999999999945,12.765000000000002,-0.8
80.36499999999944,12.765000000000002,-2.0
80.36999999999944,12.765000000000002,13.2
80.37499999999943,12.765000000000002,2.7
80.37999999999943,12.765000000000002,2.5
80.38499999999942,12.765000000000002,2.2
80.38999999999942,12.765000000000002,-2.0
80.39499999999941,12.765000000000002,-2.0
80.39999999999941,12.765000000000002,0.9
80.4049999999994,12.765000000000002,-2.0
80.4099999999994,12.765000000000002,12.3
80.4149999999994,12.765000000000002,-2.0
80.41999999999939,12.765000000000002,12.5
80.42499999999939,12.765000000000002,10.4
80.42999999999938,12.765000000000002,-2.0
80.43499999999938,12.765000000000002,-0.7
80.43999999999937,12.765000000000002,2.1
80.44499999999937,12.765000000000002,-0.7
80.44999999999936,12.765000000000002,4.5
79.75,12.770000000000003,130.4
79.755,12.770000000000003,138.0
79.75999999999999,12.770000000000003,134.4
79.76499999999999,12.770000000000003,138.0
79.76999999999998,12.770000000000003,132.5
79.77499999999998,12.770000000000003,124.0
79.77999999999997,12.770000000000003,122.6
79.78499999999997,12.770000000000003,116.5
79.78999999999996,12.770000000000003,122.2
79.79499999999996,12.770000000000003,123.5
79.79999999999995,12.770000000000003,120.2
79.80499999999995,12.770000000000003,127.9
79.80999999999995,12.770000000000003,133.1
79.81499999999994,12.770000000000003,126.3
79.81999999999994,12.770000000000003,115.2
79.82499999999993,12.770000000000003,117.4
79.82999999999993,12.770000000000003,116.6
79.83499999999992,12.770000000000003,113.7
79.83999999999992,12.770000000000003,110.1
79.84499999999991,12.770000000000003,108.1
79.84999999999991,12.770000000000003,125.2
79.8549999999999,12.770000000000003,117.5
79.8599999999999,12.770000000000003,111.5
79.8649999999999,12.770000000000003,115.9
79.86999999999989,12.770000000000003,109.7
79.87499999999989,12.770000000000003,103.5
79.87999999999988,12.770000000000003,107.5
79.88499999999988,12.770000000000003,109.3
79.88999999999987,12.770000000000003,107.3
79.89499999999987,12.770000000000003,103.5
79.89999999999986,12.770000000000003,97.1
79.90499999999986,12.770000000000003,107.4
79.90999999999985,12.770000000000003,100.7
79.91499999999985,12.770000000000003,104.5
79.91999999999985,12.770000000000003,96.9
79.92499999999984,12.770000000000003,92.2
79.92999999999984,12.770000000000003,94.5
79.93499999999983,12.770000000000003,93.9
79.93999999999983,12.770000000000003,90.7
79.94499999999982,12.770000000000003,95.1
79.94999999999982,12.770000000000003,93.1
79.95499999999981,12.770000000000003,92.4
79.95999999999981,12.770000000000003,87.1
79.9649999999998,12.770000000000003,90.5
79.9699999999998,12.770000000000003,79.0
79.9749999999998,12.770000000000003,94.0
79.97999999999979,12.770000000000003,76.9
79.98499999999979,12.770000000000003,84.9
79.98999999999978,12.770000000000003,82.2
79.99499999999978,12.770000000000003,80.4
79.99999999999977,12.770000000000003,79.8
80.00499999999977,12.770000000000003,76.4
80.00999999999976,12.770000000000003,81.7
80.01499999999976,12.770000000000003,86.9
80.01999999999975,12.770000000000003,71.3
80.02499999999975,12.770000000000003,78.6
80.02999999999975,12.770000000000003,72.9
80.03499999999974,12.770000000000003,69.2
80.03999999999974,12.770000000000003,70.2
80.04499999999973,12.770000000000003,61.0
80.04999999999973,12.770000000000003,72.1
80.05499999999972,12.770000000000003,63.3
80.05999999999972,12.770000000000003,57.3
80.06499999999971,12.770000000000003,62.9
80.06999999999971,12.770000000000003,68.7
80.0749999999997,12.770000000000003,55.1
80.0799999999997,12.770000000000003,64.7
80.0849999999997,12.770000000000003,58.1
80.08999999999969,12.770000000000003,61.8
80.09499999999969,12.770000000000003,56.5
80.09999999999968,12.770000000000003,61.3
80.10499999999968,12.770000000000003,57.5
80.10999999999967,12.770000000000003,51.0
80.11499999999967,12.770000000000003,62.6
80.11999999999966,12.770000000000003,54.6
80.12499999999966,12.770000000000003,55.5
80.12999999999965,12.770000000000003,54.2
80.13499999999965,12.770000000000003,51.0
80.13999999999965,12.770000000000003,47.9
80.14499999999964,12.770000000000003,46.8
80.14999999999964,12.770000000000003,44.1
80.15499999999963,12.770000000000003,24.8
80.15999999999963,12.770000000000003,20.3
80.16499999999962,12.770000000000003,23.2
80.16999999999962,12.770000000000003,33.5
80.17499999999961,12.770000000000003,24.5
80.17999999999961,12.770000000000003,20.9
80.1849999999996,12.770000000000003,36.0
80.1899999999996,12.770000000000003,22.6
80.1949999999996,12.770000000000003,27.9
80.19999999999959,12.770000000000003,14.2
80.20499999999959,12.770000000000003,20.2
80.20999999999958,12.770000000000003,19.1
80.21499999999958,12.770000000000003,22.7
80.21999999999957,12.770000000000003,23.6
80.22499999999957,12.770000000000003,19.2
80.22999999999956,12.770000000000003,18.7
80.23499999999956,12.770000000000003,23.9
80.23999999999955,12.770000000000003,14.9
80.24499999999955,12.770000000000003,10.4
80.24999999999955,12.770000000000003,7.3
80.25499999999954,12.770000000000003,5.7
80.25999999999954,12.770000000000003,1.3
80.26499999999953,12.770000000000003,10.5
80.26999999999953,12.770000000000003,-0.7
80.27499999999952,12.770000000000003,-2.0
80.27999999999952,12.770000000000003,3.4
80.28499999999951,12.770000000000003,-0.4
80.28999999999951,12.770000000000003,-2.0
80.2949999999995,12.770000000000003,0.7
80.2999999999995,12.770000000000003,4.7
80.3049999999995,12.770000000000003,9.0
80.30999999999949,12.770000000000003,5.0
80.31499999999949,12.770000000000003,-2.0
80.31999999999948,12.770000000000003,-0.6
80.32499999999948,12.770000000000003,-2.0
80.32999999999947,12.770000000000003,7.4
80.33499999999947,12.770000000000003,10.0
80.33999999999946,12.770000000000003,5.7
80.34499999999946,12.770000000000003,2.7
80.34999999999945,12.770000000000003,0.7
80.35499999999945,12.770000000000003,6.0
80.35999999999945,12.770000000000003,4.2
80.36499999999944,12.770000000000003,10.8
80.36999999999944,12.770000000000003,1.6
80.37499999999943,12.770000000000003,-2.0
80.37999999999943,12.770000000000003,1.3
80.38499999999942,12.770000000000003,0.1
80.38999999999942,12.770000000000003,2.3
80.39499999999941,12.770000000000003,5.0
80.39999999999941,12.770000000000003,-2.0
80.4049999999994,12.770000000000003,2.7
80.4099999999994,12.770000000000003,-2.0
80.4149999999994,12.770000000000003,3.3
80.41999999999939,12.770000000000003,-1.3
80.42499999999939,12.770000000000003,6.6
80.42999999999938,12.770000000000003,1.9
80.43499999999938,12.770000000000003,1.3
80.43999999999937,12.770000000000003,6.9
80.44499999999937,12.770000000000003,12.1
80.44999999999936,12.770000000000003,-1.9
79.75,12.775000000000004,137.0
79.755,12.775000000000004,126.6
79.75999999999999,12.775000000000004,135.0
79.76499999999999,12.775000000000004,126.4
79.76999999999998,12.775000000000004,129.8
79.77499999999998,12.775000000000004,132.6
79.77999999999997,12.775000000000004,123.5
79.78499999999997,12.775000000000004,130.0
79.78999999999996,12.775000000000004,116.0
79.79499999999996,12.775000000000004,126.4
79.79999999999995,12.775000000000004,119.8
79.80499999999995,12.775000000000004,122.9
79.80999999999995,12.775000000000004,120.3
79.81499999999994,12.775000000000004,121.5
79.81999999999994,12.775000000000004,117.5
79.82499999999993,12.775000000000004,123.8
79.82999999999993,12.775000000000004,116.8
79.83499999999992,12.775000000000004,126.2
79.83999999999992,12.775000000000004,113.5
79.84499999999991,12.775000000000004,111.7
79.84999999999991,12.775000000000004,116.6
79.8549999999999,12.775000000000004,103.5
79.8599999999999,12.775000000000004,109.7
79.8649999999999,12.775000000000004,109.2
79.86999999999989,12.775000000000004,107.2
79.87499999999989,12.775000000000004,101.1
79.87999999999988,12.775000000000004,104.0
79.88499999999988,12.775000000000004,109.2
79.88999999999987,12.775000000000004,96.5
79.89499999999987,12.775000000000004,107.4
79.89999999999986,12.775000000000004,92.2
79.90499999999986,12.775000000000004,102.4
79.90999999999985,12.775000000000004,98.5
79.91499999999985,12.775000000000004,102.8
79.91999999999985,12.775000000000004,102.2
79.92499999999984,12.775000000000004,98.5
79.92999999999984,12.775000000000004,103.2
79.93499999999983,12.775000000000004,94.1
79.93999999999983,12.775000000000004,95.6
79.94499999999982,12.775000000000004,91.8
79.94999999999982,12.775000000000004,83.8
79.95499999999981,12.775000000000004,94.7
79.95999999999981,12.775000000000004,80.4
79.9649999999998,12.775000000000004,90.1
79.9699999999998,12.775000000000004,86.1
79.9749999999998,12.775000000000004,83.4
79.97999999999979,12.775000000000004,74.7
79.98499999999979,12.775000000000004,82.2
79.98999999999978,12.775000000000004,81.9
79.99499999999978,12.775000000000004,81.9
79.99999999999977,12.775000000000004,88.4
80.00499999999977,12.775000000000004,84.7
80.00999999999976,12.775000000000004,85.6
80.01499999999976,12.775000000000004,81.0
80.01999999999975,12.775000000000004,74.3
80.02499999999975,12.775000000000004,78.3
80.02999999999975,12.775000000000004,76.4
80.03499999999974,12.775000000000004,75.5
80.03999999999974,12.775000000000004,65.5
80.04499999999973,12.775000000000004,68.1
80.04999999999973,12.775000000000004,71.0
80.05499999999972,12.775000000000004,62.2
80.05999999999972,12.775000000000004,67.2
80.06499999999971,12.775000000000004,71.1
80.06999999999971,12.775000000000004,56.2
80.0749999999997,12.775000000000004,69.8
80.0799999999997,12.775000000000004,64.3
80.0849999999997,12.775000000000004,69.5
80.08999999999969,12.775000000000004,62.0
80.09499999999969,12.775000000000004,57.7
80.09999999999968,12.775000000000004,58.6
80.10499999999968,12.775000000000004,59.6
80.10999999999967,12.775000000000004,57.6
80.11499999999967,12.775000000000004,56.0
80.11999999999966,12.775000000000004,56.6
80.12499999999966,12.775000000000004,57.5
80.12999999999965,12.775000000000004,42.0
80.13499999999965,12.775000000000004,38.6
80.13999999999965,12.775000000000004,49.4
80.14499999999964,12.775000000000004,48.3
80.14999999999964,12.775000000000004,45.1
80.15499999999963,12.775000000000004,31.4
80.15999999999963,12.775000000000004,22.4
80.16499999999962,12.775000000000004,35.5
80.16999999999962,12.775000000000004,29.4
80.17499999999961,12.775000000000004,24.5
80.17999999999961,12.775000000000004,18.6
80.1849999999996,12.775000000000004,22.2
80.1899999999996,12.775000000000004,27.9
80.1949999999996,12.775000000000004,21.5
80.19999999999959,12.775000000000004,23.1
80.20499999999959,12.775000000000004,19.9
80.20999999999958,12.775000000000004,16.6
80.21499999999958,12.775000000000004,12.4
80.21999999999957,12.775000000000004,20.7
80.22499999999957,12.775000000000004,25.3
80.22999999999956,12.775000000000004,16.6
80.23499999999956,12.775000000000004,17.9
80.23999999999955,12.775000000000004,10.4
80.24499999999955,12.775000000000004,14.1
80.24999999999955,12.775000000000004,10.7
80.25499999999954,12.775000000000004,2.4
80.25999999999954,12.775000000000004,2.5
80.26499999999953,12.775000000000004,5.7
80.26999999999953,12.775000000000004,1.6
80.27499999999952,12.775000000000004,4.2
80.27999999999952,12.775000000000004,-1.1
80.28499999999951,12.775000000000004,0.6
80.28999999999951,12.775000000000004,-2.0
80.2949999999995,12.775000000000004,7.2
80.2999999999995,12.775000000000004,3.6
80.3049999999995,12.775000000000004,2.7
80.30999999999949,12.775000000000004,1.5
80.31499999999949,12.775000000000004,5.5
80.31999999999948,12.775000000000004,5.8
80.32499999999948,12.775000000000004,5.7
80.32999999999947,12.775000000000004,6.0
80.33499999999947,12.775000000000004,5.8
80.33999999999946,12.775000000000004,4.6
80.34499999999946,12.775000000000004,4.4
80.34999999999945,12.775000000000004,8.3
80.35499999999945,12.775000000000004,0.4
80.35999999999945,12.775000000000004,-1.8
80.36499999999944,12.775000000000004,4.5
80.36999999999944,12.775000000000004,5.7
80.37499999999943,12.775000000000004,9.8
80.37999999999943,12.775000000000004,5.7
80.38499999999942,12.775000000000004,7.0
80.38999999999942,12.775000000000004,12.1
80.39499999999941,12.775000000000004,11.4
80.39999999999941,12.775000000000004,1.4
80.4049999999994,12.775000000000004,4.0
80.4099999999994,12.775000000000004,-2.0
80.4149999999994,12.775000000000004,1.7
80.41999999999939,12.775000000000004,-1.8
80.42499999999939,12.775000000000004,-0.3
80.42999999999938,12.775000000000004,2.0
80.43499999999938,12.775000000000004,-0.4
80.43999999999937,12.775000000000004,3.5
80.44499999999937,12.775000000000004,-2.0
80.44999999999936,12.775000000000004,1.9
79.75,12.780000000000005,137.5
79.755,12.780000000000005,127.5
79.75999999999999,12.780000000000005,135.6
79.76499999999999,12.780000000000005,129.9
79.76999999999998,12.780000000000005,137.3
79.77499999999998,12.780000000000005,120.5
79.77999999999997,12.780000000000005,131.0
79.78499999999997,12.780000000000005,121.6
79.78999999999996,12.780000000000005,131.1
79.79499999999996,12.780000000000005,121.4
79.79999999999995,12.780000000000005,132.1
79.80499999999995,12.780000000000005,122.9
79.80999999999995,12.780000000000005,114.2
79.81499999999994,12.780000000000005,110.6
79.81999999999994,12.780000000000005,121.9
79.82499999999993,12.780000000000005,109.4
79.82999999999993,12.780000000000005,124.0
79.83499999999992,12.780000000000005,117.3
79.83999999999992,12.780000000000005,110.8
79.84499999999991,12.780000000000005,111.3
79.84999999999991,12.780000000000005,116.1
79.8549999999999,12.780000000000005,106.3
79.8599999999999,12.780000000000005,102.2
79.8649999999999,12.780000000000005,113.3
79.86999999999989,12.780000000000005,112.9
79.87499999999989,12.780000000000005,103.7
79.87999999999988,12.780000000000005,104.2
79.88499999999988,12.780000000000005,96.5
79.88999999999987,12.780000000000005,107.3
79.89499999999987,12.780000000000005,103.2
79.89999999999986,12.780000000000005,106.0
79.90499999999986,12.780000000000005,107.3
79.90999999999985,12.780000000000005,98.3
79.91499999999985,12.780000000000005,94.5
79.91999999999985,12.780000000000005,94.8
79.92499999999984,12.780000000000005,89.5
79.92999999999984,12.780000000000005,100.4
79.93499999999983,12.780000000000005,99.6
79.93999999999983,12.780000000000005,86.9
79.94499999999982,12.780000000000005,87.8
79.94999999999982,12.780000000000005,81.0
79.95499999999981,12.780000000000005,93.1
79.95999999999981,12.780000000000005,98.3
79.9649999999998,12.780000000000005,90.6
79.9699999999998,12.780000000000005,87.6
79.9749999999998,12.780000000000005,77.7
79.97999999999979,12.780000000000005,89.2
79.98499999999979,12.780000000000005,89.8
79.98999999999978,12.780000000000005,86.4
79.99499999999978,12.780000000000005,83.7
79.99999999999977,12.780000000000005,82.6
80.00499999999977,12.780000000000005,84.1
80.00999999999976,12.780000000000005,77.2
80.01499999999976,12.780000000000005,82.5
80.01999999999975,12.780000000000005,83.1
80.02499999999975,12.780000000000005,76.5
80.02999999999975,12.780000000000005,73.9
80.03499999999974,12.780000000000005,67.7
80.03999999999974,12.780000000000005,66.6
80.04499999999973,12.780000000000005,79.2
80.04999999999973,12.780000000000005,68.8
80.05499999999972,12.780000000000005,66.6
80.05999999999972,12.780000000000005,72.0
80.06499999999971,12.780000000000005,72.7
80.06999999999971,12.780000000000005,64.4
80.0749999999997,12.780000000000005,70.3
80.0799999999997,12.780000000000005,56.4
80.0849999999997,12.780000000000005,62.3
80.08999999999969,12.780000000000005,59.4
80.09499999999969,12.780000000000005,59.1
80.09999999999968,12.780000000000005,55.2
80.10499999999968,12.780000000000005,48.0
80.10999999999967,12.780000000000005,62.7
80.11499999999967,12.780000000000005,58.9
80.11999999999966,12.780000000000005,59.2
80.12499999999966,12.780000000000005,59.0
80.12999999999965,12.780000000000005,54.1
80.13499999999965,12.780000000000005,60.3
80.13999999999965,12.780000000000005,40.5
80.14499999999964,12.780000000000005,51.4
80.14999999999964,12.780000000000005,51.2
80.15499999999963,12.780000000000005,31.1
80.15999999999963,12.780000000000005,33.0
80.16499999999962,12.780000000000005,28.7
80.16999999999962,12.780000000000005,30.4
80.17499999999961,12.780000000000005,32.5
80.17999999999961,12.780000000000005,32.0
80.1849999999996,12.780000000000005,22.4
80.1899999999996,12.780000000000005,27.8
80.1949999999996,12.780000000000005,18.2
80.19999999999959,12.780000000000005,17.9
80.20499999999959,12.780000000000005,17.6
80.20999999999958,12.780000000000005,27.1
80.21499999999958,12.780000000000005,28.5
80.21999999999957,12.780000000000005,22.3
80.22499999999957,12.780000000000005,23.5
80.22999999999956,12.780000000000005,10.6
80.23499999999956,12.780000000000005,19.1
80.23999999999955,12.780000000000005,16.6
80.24499999999955,12.780000000000005,9.9
80.24999999999955,12.780000000000005,-0.2
80.25499999999954,12.780000000000005,4.4
80.25999999999954,12.780000000000005,8.9
80.26499999999953,12.780000000000005,7.4
80.26999999999953,12.780000000000005,1.2
80.27499999999952,12.780000000000005,3.7
80.27999999999952,12.780000000000005,2.7
80.28499999999951,12.780000000000005,1.7
80.28999999999951,12.780000000000005,2.0
80.2949999999995,12.780000000000005,0.8
80.2999999999995,12.780000000000005,9.8
80.3049999999995,12.780000000000005,0.1
80.30999999999949,12.780000000000005,4.7
80.31499999999949,12.780000000000005,8.3
80.31999999999948,12.780000000000005,6.0
80.32499999999948,12.780000000000005,-2.0
80.32999999999947,12.780000000000005,13.9
80.33499999999947,12.780000000000005,2.1
80.33999999999946,12.780000000000005,6.9
80.34499999999946,12.780000000000005,-1.7
80.34999999999945,12.780000000000005,3.5
80.35499999999945,12.780000000000005,-0.4
80.35999999999945,12.780000000000005,0.6
80.36499999999944,12.780000000000005,0.5
80.36999999999944,12.780000000000005,-2.0
80.37499999999943,12.780000000000005,-2.0
80.37999999999943,12.780000000000005,3.4
80.38499999999942,12.780000000000005,0.3
80.38999999999942,12.780000000000005,-2.0
80.39499999999941,12.780000000000005,-1.8
80.39999999999941,12.780000000000005,7.5
80.4049999999994,12.780000000000005,2.5
80.4099999999994,12.780000000000005,0.4
80.4149999999994,12.780000000000005,13.0
80.41999999999939,12.780000000000005,-1.4
80.42499999999939,12.780000000000005,0.5
80.42999999999938,12.780000000000005,1.9
80.43499999999938,12.780000000000005,3.5
80.43999999999937,12.780000000000005,4.3
80.44499999999937,12.780000000000005,0.2
80.44999999999936,12.780000000000005,1.0
79.75,12.785000000000005,132.9
79.755,12.785000000000005,147.0
79.75999999999999,12.785000000000005,134.9
79.76499999999999,12.785000000000005,132.4
79.76999999999998,12.785000000000005,120.1
79.77499999999998,12.785000000000005,126.0
79.77999999999997,12.785000000000005,131.1
79.78499999999997,12.785000000000005,133.9
79.78999999999996,12.785000000000005,122.3
79.79499999999996,12.785000000000005,130.1
79.79999999999995,12.785000000000005,123.7
79.80499999999995,12.785000000000005,130.7
79.80999999999995,12.785000000000005,128.5
79.81499999999994,12.785000000000005,120.6
79.81999999999994,12.785000000000005,122.9
79.82499999999993,12.785000000000005,119.7
79.82999999999993,12.785000000000005,121.6
79.83499999999992,12.785000000000005,112.7
79.83999999999992,12.785000000000005,115.1
79.84499999999991,12.785000000000005,114.5
79.84999999999991,12.785000000000005,112.8
79.8549999999999,12.785000000000005,111.7
79.8599999999999,12.785000000000005,106.1
79.8649999999999,12.785000000000005,103.1
79.86999999999989,12.785000000000005,111.3
79.87499999999989,12.785000000000005,115.9
79.87999999999988,12.785000000000005,105.8
79.88499999999988,12.785000000000005,100.4
79.88999999999987,12.785000000000005,96.5
79.89499999999987,12.785000000000005,108.5
79.89999999999986,12.785000000000005,102.5
79.90499999999986,12.785000000000005,96.9
79.90999999999985,12.785000000000005,96.8
79.91499999999985,12.785000000000005,96.5
79.91999999999985,12.785000000000005,88.5
79.92499999999984,12.785000000000005,87.8
79.92999999999984,12.785000000000005,107.2
79.93499999999983,12.785000000000005,92.5
79.93999999999983,12.785000000000005,97.4
79.94499999999982,12.785000000000005,96.1
79.94999999999982,12.785000000000005,96.0
79.95499999999981,12.785000000000005,86.3
79.95999999999981,12.785000000000005,88.0
79.9649999999998,12.785000000000005,93.5
79.9699999999998,12.785000000000005,90.7
79.9749999999998,12.785000000000005,86.1
79.97999999999979,12.785000000000005,80.9
79.98499999999979,12.785000000000005,83.8
79.98999999999978,12.785000000000005,81.7
79.99499999999978,12.785000000000005,76.2
79.99999999999977,12.785000000000005,83.6
80.00499999999977,12.785000000000005,81.6
80.00999999999976,12.785000000000005,72.8
80.01499999999976,12.785000000000005,72.6
80.01999999999975,12.785000000000005,75.4
80.02499999999975,12.785000000000005,74.2
80.02999999999975,12.785000000000005,73.7
80.03499999999974,12.785000000000005,61.7
80.03999999999974,12.785000000000005,74.8
80.04499999999973,12.785000000000005,68.1
80.04999999999973,12.785000000000005,69.7
80.05499999999972,12.785000000000005,68.0
80.05999999999972,12.785000000000005,65.6
80.06499999999971,12.785000000000005,69.4
80.06999999999971,12.785000000000005,68.5
80.0749999999997,12.785000000000005,56.7
80.0799999999997,12.785000000000005,64.1
80.0849999999997,12.785000000000005,68.1
80.08999999999969,12.785000000000005,63.6
80.09499999999969,12.785000000000005,63.2
80.09999999999968,12.785000000000005,62.6
80.10499999999968,12.785000000000005,59.1
80.10999999999967,12.785000000000005,50.3
80.11499999999967,12.785000000000005,51.8
80.11999999999966,12.785000000000005,45.8
80.12499999999966,12.785000000000005,45.2
80.12999999999965,12.785000000000005,56.8
80.13499999999965,12.785000000000005,52.5
80.13999999999965,12.785000000000005,50.4
80.14499999999964,12.785000000000005,44.2
80.14999999999964,12.785000000000005,59.4
80.15499999999963,12.785000000000005,41.3
80.15999999999963,12.785000000000005,32.4
80.16499999999962,12.785000000000005,29.0
80.16999999999962,12.785000000000005,30.6
80.17499999999961,12.785000000000005,27.2
80.17999999999961,12.785000000000005,24.2
80.1849999999996,12.785000000000005,21.9
80.1899999999996,12.785000000000005,24.7
80.1949999999996,12.785000000000005,28.1
80.19999999999959,12.785000000000005,26.0
80.20499999999959,12.785000000000005,23.9
80.20999999999958,12.785000000000005,17.8
80.21499999999958,12.785000000000005,18.0
80.21999999999957,12.785000000000005,24.0
80.22499999999957,12.785000000000005,11.4
80.22999999999956,12.785000000000005,17.7
80.23499999999956,12.785000000000005,13.3
80.23999999999955,12.785000000000005,18.1
80.24499999999955,12.785000000000005,15.8
80.24999999999955,12.785000000000005,13.9
80.25499999999954,12.785000000000005,0.5
80.25999999999954,12.785000000000005,4.5
80.26499999999953,12.785000000000005,-1.9
80.26999999999953,12.785000000000005,-2.0
80.27499999999952,12.785000000000005,3.8
80.27999999999952,12.785000000000005,-2.0
80.28499999999951,12.785000000000005,-2.0
80.28999999999951,12.785000000000005,3.6
80.2949999999995,12.785000000000005,0.9
80.2999999999995,12.785000000000005,6.5
80.3049999999995,12.785000000000005,7.2
80.30999999999949,12.785000000000005,-2.0
80.31499999999949,12.785000000000005,8.1
80.31999999999948,12.785000000000005,4.0
80.32499999999948,12.785000000000005,-0.4
80.32999999999947,12.785000000000005,2.8
80.33499999999947,12.785000000000005,-2.0
80.33999999999946,12.785000000000005,-2.0
80.34499999999946,12.785000000000005,-1.3
80.34999999999945,12.785000000000005,-0.5
80.35499999999945,12.785000000000005,-1.1
80.35999999999945,12.785000000000005,6.5
80.36499999999944,12.785000000000005,3.4
80.36999999999944,12.785000000000005,-2.0
80.37499999999943,12.785000000000005,-0.1
80.37999999999943,12.785000000000005,5.8
80.38499999999942,12.785000000000005,-2.0
80.38999999999942,12.785000000000005,2.8
80.39499999999941,12.785000000000005,0.7
80.39999999999941,12.785000000000005,1.2
80.4049999999994,12.785000000000005,1.3
80.4099999999994,12.785000000000005,-2.0
80.4149999999994,12.785000000000005,11.8
80.41999999999939,12.785000000000005,-0.7
80.42499999999939,12.785000000000005,3.6
80.42999999999938,12.785000000000005,1.0
80.43499999999938,12.785000000000005,8.9
80.43999999999937,12.785000000000005,12.4
80.44499999999937,12.785000000000005,13.1
80.44999999999936,12.785000000000005,10.9
79.75,12.790000000000006,128.7
79.755,12.790000000000006,136.7
79.75999999999999,12.790000000000006,130.6
79.76499999999999,12.790000000000006,133.1
79.76999999999998,12.790000000000006,126.6
79.77499999999998,12.790000000000006,123.1
79.77999999999997,12.790000000000006,126.9
79.78499999999997,12.790000000000006,133.3
79.78999999999996,12.790000000000006,124.0
79.79499999999996,12.790000000000006,124.4
79.79999999999995,12.790000000000006,124.1
79.80499999999995,12.790000000000006,118.6
79.80999999999995,12.790000000000006,125.1
79.81499999999994,12.790000000000006,124.6
79.81999999999994,12.790000000000006,121.9
79.82499999999993,12.790000000000006,113.1
79.82999999999993,12.790000000000006,118.6
79.83499999999992,12.790000000000006,116.9
79.83999999999992,12.790000000000006,111.9
79.84499999999991,12.790000000000006,112.7
79.84999999999991,12.790000000000006,110.9
79.8549999999999,12.790000000000006,107.9
79.8599999999999,12.790000000000006,122.7
79.8649999999999,12.790000000000006,115.7
79.86999999999989,12.790000000000006,103.4
79.87499999999989,12.790000000000006,108.5
79.87999999999988,12.790000000000006,107.6
79.88499999999988,12.790000000000006,103.1
79.88999999999987,12.790000000000006,108.1
79.89499999999987,12.790000000000006,106.1
79.89999999999986,12.790000000000006,97.8
79.90499999999986,12.790000000000006,99.7
79.90999999999985,12.790000000000006,93.1
79.91499999999985,12.790000000000006,93.0
79.91999999999985,12.790000000000006,96.3
79.92499999999984,12.790000000000006,91.3
79.92999999999984,12.790000000000006,88.4
79.93499999999983,12.790000000000006,95.9
79.93999999999983,12.790000000000006,90.2
79.94499999999982,12.790000000000006,86.7
79.94999999999982,12.790000000000006,86.7
79.95499999999981,12.790000000000006,92.2
79.95999999999981,12.790000000000006,90.3
79.9649999999998,12.790000000000006,93.0
79.9699999999998,12.790000000000006,84.7
79.9749999999998,12.790000000000006,82.4
79.97999999999979,12.790000000000006,75.8
79.98499999999979,12.790000000000006,78.1
79.98999999999978,12.790000000000006,86.3
79.99499999999978,12.790000000000006,82.6
79.99999999999977,12.790000000000006,82.7
80.00499999999977,12.790000000000006,77.8
80.00999999999976,12.790000000000006,81.1
80.01499999999976,12.790000000000006,79.1
80.01999999999975,12.790000000000006,70.6
80.02499999999975,12.790000000000006,77.7
80.02999999999975,12.790000000000006,68.8
80.03499999999974,12.790000000000006,79.2
80.03999999999974,12.790000000000006,77.4
80.04499999999973,12.790000000000006,71.9
80.04999999999973,12.790000000000006,72.1
80.05499999999972,12.790000000000006,74.1
80.05999999999972,12.790000000000006,66.7
80.06499999999971,12.790000000000006,67.6
80.06999999999971,12.790000000000006,71.3
80.0749999999997,12.790000000000006,72.4
80.0799999999997,12.790000000000006,60.4
80.0849999999997,12.790000000000006,54.7
80.08999999999969,12.790000000000006,60.8
80.09499999999969,12.790000000000006,54.0
80.09999999999968,12.790000000000006,65.6
80.10499999999968,12.790000000000006,62.0
80.10999999999967,12.790000000000006,62.1
80.11499999999967,12.790000000000006,50.0
80.11999999999966,12.790000000000006,56.5
80.12499999999966,12.790000000000006,53.8
80.12999999999965,12.790000000000006,53.6
80.13499999999965,12.790000000000006,52.7
80.13999999999965,12.790000000000006,52.5
80.14499999999964,12.790000000000006,48.5
80.14999999999964,12.790000000000006,47.2
80.15499999999963,12.790000000000006,37.5
80.15999999999963,12.790000000000006,26.3
80.16499999999962,12.790000000000006,35.6
80.16999999999962,12.790000000000006,29.4
80.17499999999961,12.790000000000006,22.0
80.17999999999961,12.790000000000006,24.2
80.1849999999996,12.790000000000006,24.2
80.1899999999996,12.790000000000006,29.4
80.1949999999996,12.790000000000006,21.2
80.19999999999959,12.790000000000006,18.6
80.20499999999959,12.790000000000006,24.7
80.20999999999958,12.790000000000006,35.1
80.21499999999958,12.790000000000006,22.4
80.21999999999957,12.790000000000006,20.6
80.22499999999957,12.790000000000006,27.3
80.22999999999956,12.790000000000006,12.6
80.23499999999956,12.790000000000006,16.3
80.23999999999955,12.790000000000006,20.4
80.24499999999955,12.790000000000006,11.1
80.24999999999955,12.790000000000006,13.2
80.25499999999954,12.790000000000006,7.5
80.25999999999954,12.790000000000006,7.0
80.26499999999953,12.790000000000006,2.9
80.26999999999953,12.790000000000006,-1.6
80.27499999999952,12.790000000000006,12.1
80.27999999999952,12.790000000000006,5.3
80.28499999999951,12.790000000000006,0.2
80.28999999999951,12.790000000000006,0.1
80.2949999999995,12.790000000000006,5.8
80.2999999999995,12.790000000000006,-2.0
80.3049999999995,12.790000000000006,-1.0
80.30999999999949,12.790000000000006,8.4
80.31499999999949,12.790000000000006,4.7
80.31999999999948,12.790000000000006,1.9
80.32499999999948,12.790000000000006,-1.3
80.32999999999947,12.790000000000006,5.5
80.33499999999947,12.790000000000006,5.6
80.33999999999946,12.790000000000006,8.9
80.34499999999946,12.790000000000006,3.6
80.34999999999945,12.790000000000006,-2.0
80.35499999999945,12.790000000000006,-2.0
80.35999999999945,12.790000000000006,9.4
80.36499999999944,12.790000000000006,2.7
80.36999999999944,12.790000000000006,-2.0
80.37499999999943,12.790000000000006,5.3
80.37999999999943,12.790000000000006,-2.0
80.38499999999942,12.790000000000006,1.8
80.38999999999942,12.790000000000006,1.0
80.39499999999941,12.790000000000006,1.5
80.39999999999941,12.790000000000006,4.5
80.4049999999994,12.790000000000006,-2.0
80.4099999999994,12.790000000000006,1.6
80.4149999999994,12.790000000000006,-2.0
80.41999999999939,12.790000000000006,0.2
80.42499999999939,12.790000000000006,6.0
80.42999999999938,12.790000000000006,-2.0
80.43499999999938,12.790000000000006,6.6
80.43999999999937,12.790000000000006,-1.9
80.44499999999937,12.790000000000006,-2.0
80.44999999999936,12.790000000000006,-2.0
79.75,12.795000000000007,132.2
79.755,12.795000000000007,139.4
79.75999999999999,12.795000000000007,126.3
79.76499999999999,12.795000000000007,131.6
79.76999999999998,12.795000000000007,127.7
79.77499999999998,12.795000000000007,128.9
79.77999999999997,12.795000000000007,125.7
79.78499999999997,12.795000000000007,122.0
79.78999999999996,12.795000000000007,126.2
79.79499999999996,12.795000000000007,126.6
79.79999999999995,12.795000000000007,126.7
79.80499999999995,12.795000000000007,118.1
79.80999999999995,12.795000000000007,121.3
79.81499999999994,12.795000000000007,116.0
79.81999999999994,12.795000000000007,119.4
79.82499999999993,12.795000000000007,115.6
79.82999999999993,12.795000000000007,118.9
79.83499999999992,12.795000000000007,117.8
79.83999999999992,12.795000000000007,106.5
79.84499999999991,12.795000000000007,109.5
79.84999999999991,12.795000000000007,101.3
79.8549999999999,12.795000000000007,108.8
79.8599999999999,12.795000000000007,114.0
79.8649999999999,12.795000000000007,117.2
79.86999999999989,12.795000000000007,112.4
79.87499999999989,12.795000000000007,104.8
79.87999999999988,12.795000000000007,101.2
79.88499999999988,12.795000000000007,101.5
79.88999999999987,12.795000000000007,109.5
79.89499999999987,12.795000000000007,108.6
79.89999999999986,12.795000000000007,107.1
79.90499999999986,12.795000000000007,106.9
79.90999999999985,12.795000000000007,96.8
79.91499999999985,12.795000000000007,99.2
79.91999999999985,12.795000000000007,94.2
79.92499999999984,12.795000000000007,94.7
79.92999999999984,12.795000000000007,90.3
79.93499999999983,12.795000000000007,84.9
79.93999999999983,12.795000000000007,98.4
79.94499999999982,12.795000000000007,89.7
79.94999999999982,12.795000000000007,94.8
79.95499999999981,12.795000000000007,87.7
79.95999999999981,12.795000000000007,85.9
79.9649999999998,12.795000000000007,97.6
79.9699999999998,12.795000000000007,78.4
79.9749999999998,12.795000000000007,86.8
79.97999999999979,12.795000000000007,88.3
79.98499999999979,12.795000000000007,80.7
79.98999999999978,12.795000000000007,77.2
79.99499999999978,12.795000000000007,86.5
79.99999999999977,12.795000000000007,82.0
80.00499999999977,12.795000000000007,85.1
80.00999999999976,12.795000000000007,78.4
80.01499999999976,12.795000000000007,89.3
80.01999999999975,12.795000000000007,79.6
80.02499999999975,12.795000000000007,78.1
80.02999999999975,12.795000000000007,76.4
80.03499999999974,12.795000000000007,72.6
80.03999999999974,12.795000000000007,72.9
80.04499999999973,12.795000000000007,73.8
80.04999999999973,12.795000000000007,72.7
80.05499999999972,12.795000000000007,67.6
80.05999999999972,12.795000000000007,63.9
80.06499999999971,12.795000000000007,62.3
80.06999999999971,12.795000000000007,60.9
80.0749999999997,12.795000000000007,70.3
80.0799999999997,12.795000000000007,68.1
80.0849999999997,12.795000000000007,62.9
80.08999999999969,12.795000000000007,57.7
80.09499999999969,12.795000000000007,56.5
80.09999999999968,12.795000000000007,53.0
80.10499999999968,12.795000000000007,63.5
80.10999999999967,12.795000000000007,57.7
80.11499999999967,12.795000000000007,48.7
80.11999999999966,12.795000000000007,55.4
80.12499999999966,12.795000000000007,51.1
80.12999999999965,12.795000000000007,55.4
80.13499999999965,12.795000000000007,42.8
80.13999999999965,12.795000000000007,43.6
80.14499999999964,12.795000000000007,51.2
80.14999999999964,12.795000000000007,38.6
80.15499999999963,12.795000000000007,27.3
80.15999999999963,12.795000000000007,30.5
80.16499999999962,12.795000000000007,30.1
80.16999999999962,12.795000000000007,29.1
80.17499999999961,12.795000000000007,24.8
80.17999999999961,12.795000000000007,30.8
80.1849999999996,12.795000000000007,6.9
80.1899999999996,12.795000000000007,23.8
80.1949999999996,12.795000000000007,0.8
80.19999999999959,12.795000000000007,23.8
80.20499999999959,12.795000000000007,25.6
80.20999999999958,12.795000000000007,20.0
80.21499999999958,12.795000000000007,22.1
80.21999999999957,12.795000000000007,21.9
80.22499999999957,12.795000000000007,18.2
80.22999999999956,12.795000000000007,18.3
80.23499999999956,12.795000000000007,6.0
80.23999999999955,12.795000000000007,16.6
80.24499999999955,12.795000000000007,21.9
80.24999999999955,12.795000000000007,7.1
80.25499999999954,12.795000000000007,6.9
80.25999999999954,12.795000000000007,-2.0
80.26499999999953,12.795000000000007,-2.0
80.26999999999953,12.795000000000007,5.7
80.27499999999952,12.795000000000007,-2.0
80.27999999999952,12.795000000000007,-2.0
80.28499999999951,12.795000000000007,-2.0
80.28999999999951,12.795000000000007,-0.3
80.2949999999995,12.795000000000007,-0.4
80.2999999999995,12.795000000000007,4.9
80.3049999999995,12.795000000000007,6.4
80.30999999999949,12.795000000000007,-2.0
80.31499999999949,12.795000000000007,-2.0
80.31999999999948,12.795000000000007,1.7
80.32499999999948,12.795000000000007,0.2
80.32999999999947,12.795000000000007,1.5
80.33499999999947,12.795000000000007,3.0
80.33999999999946,12.795000000000007,3.8
80.34499999999946,12.795000000000007,-2.0
80.34999999999945,12.795000000000007,-2.0
80.35499999999945,12.795000000000007,1.8
80.35999999999945,12.795000000000007,4.5
80.36499999999944,12.795000000000007,9.3
80.36999999999944,12.795000000000007,-2.0
80.37499999999943,12.795000000000007,-2.0
80.37999999999943,12.795000000000007,-0.8
80.38499999999942,12.795000000000007,4.5
80.38999999999942,12.795000000000007,-0.9
80.39499999999941,12.795000000000007,2.4
80.39999999999941,12.795000000000007,-2.0
80.4049999999994,12.795000000000007,-1.8
80.4099999999994,12.795000000000007,4.3
80.4149999999994,12.795000000000007,2.5
80.41999999999939,12.795000000000007,-2.0
80.42499999999939,12.795000000000007,-2.0
80.42999999999938,12.795000000000007,-2.0
80.43499999999938,12.795000000000007,-2.0
80.43999999999937,12.795000000000007,-0.2
80.44499999999937,12.795000000000007,1.1
80.44999999999936,12.795000000000007,1.3
79.75,12.800000000000008,133.3
79.755,12.800000000000008,135.2
79.75999999999999,12.800000000000008,130.0
79.76499999999999,12.800000000000008,132.5
79.76999999999998,12.800000000000008,132.2
79.77499999999998,12.800000000000008,144.2
79.77999999999997,12.800000000000008,115.4
79.78499999999997,12.800000000000008,127.4
79.78999999999996,12.800000000000008,129.1
79.79499999999996,12.800000000000008,123.6
79.79999999999995,12.800000000000008,117.5
79.80499999999995,12.800000000000008,128.0
79.80999999999995,12.800000000000008,114.1
79.81499999999994,12.800000000000008,120.7
79.81999999999994,12.800000000000008,108.7
79.82499999999993,12.800000000000008,117.1
79.82999999999993,12.800000000000008,116.2
79.83499999999992,12.800000000000008,118.3
79.83999999999992,12.800000000000008,110.9
79.84499999999991,12.800000000000008,113.0
79.84999999999991,12.800000000000008,111.2
79.8549999999999,12.800000000000008,109.7
79.8599999999999,12.800000000000008,112.6
79.8649999999999,12.800000000000008,104.8
79.86999999999989,12.800000000000008,100.5
79.87999999999988,12.800000000000008,110.2
79.88499999999988,12.800000000000008,107.3
79.88999999999987,12.800000000000008,105.3
79.89499999999987,12.800000000000008,111.6
79.89999999999986,12.800000000000008,99.4
79.90499999999986,12.800000000000008,102.6
79.90999999999985,12.800000000000008,102.0
79.91499999999985,12.800000000000008,92.5
79.91999999999985,12.800000000000008,101.5
79.92499999999984,12.800000000000008,85.7
79.92999999999984,12.800000000000008,98.1
79.93499999999983,12.800000000000008,97.0
79.93999999999983,12.800000000000008,94.0
79.94499999999982,12.800000000000008,95.3
79.94999999999982,12.800000000000008,89.2
79.95499999999981,12.800000000000008,87.5
79.95999999999981,12.800000000000008,88.4
79.9649999999998,12.800000000000008,84.4
79.9699999999998,12.800000000000008,86.3
79.9749999999998,12.800000000000008,78.9
79.97999999999979,12.800000000000008,84.9
79.98499999999979,12.800000000000008,86.4
79.98999999999978,12.800000000000008,93.7
79.99499999999978,12.800000000000008,82.0
79.99999999999977,12.800000000000008,79.2
80.00499999999977,12.800000000000008,77.3
80.00999999999976,12.800000000000008,82.6
80.01499999999976,12.800000000000008,77.8
80.01999999999975,12.800000000000008,86.9
80.02499999999975,12.800000000000008,76.7
80.02999999999975,12.800000000000008,64.2
80.03499999999974,12.800000000000008,85.7
80.03999999999974,12.800000000000008,68.5
80.04499999999973,12.800000000000008,68.8
80.04999999999973,12.800000000000008,74.6
80.05499999999972,12.800000000000008,65.3
80.05999999999972,12.800000000000008,70.8
80.06499999999971,12.800000000000008,62.2
80.06999999999971,12.800000000000008,61.5
80.0749999999997,12.800000000000008,62.0
80.0799999999997,12.800000000000008,60.9
80.0849999999997,12.800000000000008,64.9
80.08999999999969,12.800000000000008,58.8
80.09499999999969,12.800000000000008,56.6
80.09999999999968,12.800000000000008,64.6
80.10499999999968,12.800000000000008,61.2
80.10999999999967,12.800000000000008,49.0
80.11499999999967,12.800000000000008,59.2
80.11999999999966,12.800000000000008,57.1
80.12499999999966,12.800000000000008,50.7
80.12999999999965,12.800000000000008,48.5
80.13499999999965,12.800000000000008,49.9
80.13999999999965,12.800000000000008,47.6
80.14499999999964,12.800000000000008,45.3
80.14999999999964,12.800000000000008,38.6
80.15499999999963,12.800000000000008,26.7
80.15999999999963,12.800000000000008,37.9
80.16499999999962,12.800000000000008,37.8
80.16999999999962,12.800000000000008,21.7
80.17499999999961,12.800000000000008,29.5
80.17999999999961,12.800000000000008,20.6
80.1849999999996,12.800000000000008,22.0
80.1949999999996,12.800000000000008,24.7
80.19999999999959,12.800000000000008,31.7
80.20499999999959,12.800000000000008,18.9
80.20999999999958,12.800000000000008,24.5
80.21499999999958,12.800000000000008,17.6
80.21999999999957,12.800000000000008,26.9
80.22499999999957,12.800000000000008,15.6
80.22999999999956,12.800000000000008,18.2
80.23499999999956,12.800000000000008,18.2
80.23999999999955,12.800000000000008,9.2
80.24499999999955,12.800000000000008,17.0
80.24999999999955,12.800000000000008,11.1
80.25499999999954,12.800000000000008,4.6
80.25999999999954,12.800000000000008,15.5
80.26499999999953,12.800000000000008,6.8
80.26999999999953,12.800000000000008,-2.0
80.27499999999952,12.800000000000008,2.4
80.27999999999952,12.800000000000008,2.2
80.28499999999951,12.800000000000008,0.6
80.28999999999951,12.800000000000008,0.6
80.2949999999995,12.800000000000008,-2.0
80.2999999999995,12.800000000000008,-0.2
80.3049999999995,12.800000000000008,6.3
80.30999999999949,12.800000000000008,-2.0
80.31499999999949,12.800000000000008,-2.0
80.31999999999948,12.800000000000008,12.3
80.32499999999948,12.800000000000008,7.1
80.32999999999947,12.800000000000008,0.1
80.33499999999947,12.800000000000008,-2.0
80.33999999999946,12.800000000000008,7.5
80.34499999999946,12.800000000000008,7.5
80.34999999999945,12.800000000000008,-2.0
80.35499999999945,12.800000000000008,5.5
80.35999999999945,12.800000000000008,0.6
80.36499999999944,12.800000000000008,0.7
80.36999999999944,12.800000000000008,4.0
80.37499999999943,12.800000000000008,4.9
80.37999999999943,12.800000000000008,-1.2
80.38499999999942,12.800000000000008,0.9
80.38999999999942,12.800000000000008,-2.0
80.39499999999941,12.800000000000008,5.2
80.39999999999941,12.800000000000008,-2.0
80.4049999999994,12.800000000000008,3.8
80.4099999999994,12.800000000000008,-1.0
80.4149999999994,12.800000000000008,-2.0
80.41999999999939,12.800000000000008,4.1
80.42499999999939,12.800000000000008,-2.0
80.42999999999938,12.800000000000008,-1.1
80.43499999999938,12.800000000000008,-2.0
80.43999999999937,12.800000000000008,-2.0
80.44499999999937,12.800000000000008,-1.8
80.44999999999936,12.800000000000008,8.6
79.87477369885173,12.800142539537363,50.0
80.0591516054919,12.800168070372075,46.0
80.19009905489212,12.800186883409252,17.0
79.9492383437237,12.801048443765234,42.0
80.08020644185883,12.801099367765442,43.0
79.84807731186102,12.80137126966473,54.0
80.16410253993122,12.8014400573037,13.0
79.95634715037349,12.801546189115864,39.0
79.82730569827251,12.801677556198838,54.0
79.84602441832055,12.802037062447084,57.0
79.83796937303924,12.80209387953714,53.0
79.80418296221467,12.802274770739674,60.0
79.96747178328886,12.802289683771017,41.0
79.8268333870447,12.802549345802646,56.0
79.95550952605876,12.802928122451304,39.0
80.10994530972859,12.802946099234164,60.0
79.9652841882446,12.803150591345798,43.0
80.065893556312,12.803835168138706,43.0
80.04339894328396,12.80400751100438,48.0
79.97390321234916,12.80421908654276,51.0
79.92216134155659,12.804603666884535,45.0
79.75,12.805000000000009,133.0
79.755,12.805000000000009,129.5
79.75999999999999,12.805000000000009,124.7
79.76499999999999,12.805000000000009,132.5
79.76999999999998,12.805000000000009,134.2
79.77499999999998,12.805000000000009,131.4
79.77999999999997,12.805000000000009,135.8
79.78499999999997,12.805000000000009,130.3
79.78999999999996,12.805000000000009,123.4
79.79499999999996,12.805000000000009,121.6
79.79999999999995,12.805000000000009,129.2
79.83499999999992,12.805000000000009,121.8
79.88499999999988,12.805000000000009,100.7
79.92499999999984,12.805000000000009,94.7
79.94999999999982,12.805000000000009,92.8
80.05499999999972,12.805000000000009,70.9
80.23999999999955,12.805000000000009,22.6
80.2949999999995,12.805000000000009,-2.0
80.31999999999948,12.805000000000009,-2.0
80.32999999999947,12.805000000000009,4.1
80.33999999999946,12.805000000000009,10.7
80.34499999999946,12.805000000000009,-2.0
80.34999999999945,12.805000000000009,-2.0
80.35499999999945,12.805000000000009,5.8
80.35999999999945,12.805000000000009,4.9
80.36499999999944,12.805000000000009,3.9
80.36999999999944,12.805000000000009,8.4
80.37499999999943,12.805000000000009,8.3
80.37999999999943,12.805000000000009,-2.0
80.38499999999942,12.805000000000009,2.5
80.38999999999942,12.805000000000009,1.8
80.39499999999941,12.805000000000009,-0.2
80.39999999999941,12.805000000000009,1.1
80.4049999999994,12.805000000000009,13.2
80.4099999999994,12.805000000000009,1.8
80.4149999999994,12.805000000000009,8.5
80.41999999999939,12.805000000000009,7.9
80.42499999999939,12.805000000000009,0.1
80.42999999999938,12.805000000000009,4.9
80.43499999999938,12.805000000000009,0.6
80.43999999999937,12.805000000000009,-2.0
80.44499999999937,12.805000000000009,0.6
80.44999999999936,12.805000000000009,1.4
80.0196922085624,12.805295465611987,49.0
79.90206885792237,12.80568977578481,44.0
79.8901615430651,12.805885495998933,48.0
79.87112507544961,12.806025204770997,54.0
79.9086748731134,12.806231472225427,40.0
80.05003559151798,12.806234450900044,49.0
79.90282185935168,12.806317105783926,43.0
80.19759131476594,12.806447059587724,14.0
79.81453729412836,12.806499228810129,60.0
79.9262816319917,12.806648842142762,43.0
80.17140424272834,12.80696672337652,15.0
80.04430346943978,12.807446103465551,45.0
79.93310827861175,12.807523580299518,51.0
80.1685293109888,12.807793778674784,14.0
80.18476908184829,12.807951244745553,23.0
79.83249026838784,12.807956624537267,56.0
79.97211437021221,12.808044086278178,44.0
80.00844555508567,12.80849059239054,52.0
80.22019342554704,12.808701020723722,4.0
80.02508847664767,12.808823566190668,45.0
80.04603331589243,12.808996380059206,42.0
79.95169009545766,12.809321680331552,44.0
80.15225743659559,12.809329650957952,19.0
80.20546693353178,12.809423196207415,8.0
79.99002414020305,12.809613053498296,59.0
80.17552405010555,12.80969400543501,17.0
80.1226939928128,12.809938399055929,36.0
79.75,12.81000000000001,136.6
79.755,12.81000000000001,135.2
79.75999999999999,12.81000000000001,136.2
79.76499999999999,12.81000000000001,125.0
79.76999999999998,12.81000000000001,129.6
79.77499999999998,12.81000000000001,138.2
79.77999999999997,12.81000000000001,128.4
79.78499999999997,12.81000000000001,132.3
79.78999999999996,12.81000000000001,123.0
79.79499999999996,12.81000000000001,130.7
79.79999999999995,12.81000000000001,128.8
80.0749999999997,12.81000000000001,64.9
80.16499999999962,12.81000000000001,33.1
80.24999999999955,12.81000000000001,12.4
80.28499999999951,12.81000000000001,3.0
80.2999999999995,12.81000000000001,-2.0
80.3049999999995,12.81000000000001,1.4
80.33999999999946,12.81000000000001,6.7
80.34499999999946,12.81000000000001,5.2
80.34999999999945,12.81000000000001,-2.0
80.35499999999945,12.81000000000001,3.1
80.35999999999945,12.81000000000001,3.2
80.36499999999944,12.81000000000001,10.0
80.36999999999944,12.81000000000001,-1.9
80.37499999999943,12.81000000000001,0.0
80.37999999999943,12.81000000000001,5.0
80.38499999999942,12.81000000000001,-2.0
80.38999999999942,12.81000000000001,-2.0
80.39499999999941,12.81000000000001,4.6
80.39999999999941,12.81000000000001,-2.0
80.4049999999994,12.81000000000001,8.2
80.4099999999994,12.81000000000001,5.2
80.4149999999994,12.81000000000001,0.4
80.41999999999939,12.81000000000001,-2.0
80.42499999999939,12.81000000000001,2.1
80.42999999999938,12.81000000000001,5.8
80.43499999999938,12.81000000000001,9.8
80.43999999999937,12.81000000000001,-2.0
80.44499999999937,12.81000000000001,0.9
80.44999999999936,12.81000000000001,-2.0
80.01989748663493,12.810029619266524,48.0
79.88033536611377,12.810185739314878,50.0
79.80612075554697,12.810225320478285,64.0
80.02185816692388,12.810569546594255,45.0
80.22231647663844,12.8106118581855,3.0
79.9654252964808,12.810641876446134,40.0
79.80961132221935,12.810815784724458,62.0
80.15537984592757,12.8108825512748,17.0
80.01853634873132,12.811199500925827,47.0
80.09435062600575,12.811214598976688,45.0
80.01118910222867,12.811279449260942,48.0
80.07056651833776,12.811520318143526,39.0
79.90638016960196,12.81167915235011,44.0
80.00555725866134,12.811693690517556,47.0
80.15428990162883,12.811766170185829,16.0
79.95364145122561,12.81199698189506,47.0
79.82105669768838,12.812027096279596,56.0
80.145220804946,12.812121563877144,22.0
80.18135375792943,12.812216221942592,22.0
79.93929070818304,12.812602323988934,56.0
80.13393727236728,12.812896549412551,34.0
80.21630394698299,12.813129891826824,3.0
80.04477875703313,12.813374461221208,41.0
80.24595033846497,12.813712441054111,-1.0
80.0153084129347,12.813754338464214,44.0
80.09663448934388,12.813779779972212,45.0
80.09865177352938,12.814079983146124,45.0
80.21819107809473,12.814154409710554,2.0
79.99121207891213,12.814336836261283,60.0
79.95032228553633,12.814595057372566,51.0
79.91901257389473,12.814595214602098,47.0
80.20991528960431,12.814776297922752,3.0
79.75,12.81500000000001,124.2
79.755,12.81500000000001,133.5
79.75999999999999,12.81500000000001,133.3
79.76499999999999,12.81500000000001,126.4
79.76999999999998,12.81500000000001,126.4
79.77499999999998,12.81500000000001,121.4
79.77999999999997,12.81500000000001,130.8
79.78499999999997,12.81500000000001,123.0
79.78999999999996,12.81500000000001,125.9
79.79499999999996,12.81500000000001,113.9
79.79999999999995,12.81500000000001,120.6
79.80499999999995,12.81500000000001,119.2
79.90999999999985,12.81500000000001,100.8
79.99499999999978,12.81500000000001,79.4
80.10499999999968,12.81500000000001,67.1
80.23999999999955,12.81500000000001,15.4
80.25499999999954,12.81500000000001,-1.7
80.26999999999953,12.81500000000001,-0.2
80.3049999999995,12.81500000000001,10.3
80.33999999999946,12.81500000000001,1.5
80.34499999999946,12.81500000000001,-1.0
80.34999999999945,12.81500000000001,-1.7
80.35499999999945,12.81500000000001,-2.0
80.35999999999945,12.81500000000001,11.4
80.36499999999944,12.81500000000001,-2.0
80.36999999999944,12.81500000000001,0.7
80.37499999999943,12.81500000000001,4.6
80.37999999999943,12.81500000000001,3.8
80.38499999999942,12.81500000000001,-1.5
80.38999999999942,12.81500000000001,6.8
80.39499999999941,12.81500000000001,4.2
80.39999999999941,12.81500000000001,4.5
80.4049999999994,12.81500000000001,2.7
80.4099999999994,12.81500000000001,7.6
80.4149999999994,12.81500000000001,-2.0
80.41999999999939,12.81500000000001,2.2
80.42499999999939,12.81500000000001,1.0
80.42999999999938,12.81500000000001,3.8
80.43499999999938,12.81500000000001,11.0
80.43999999999937,12.81500000000001,3.2
80.44499999999937,12.81500000000001,-2.0
80.44999999999936,12.81500000000001,-0.9
80.10818486350595,12.815019890881402,75.0
79.9433789565728,12.815090053232884,46.0
80.18817449633885,12.81515357180782,15.0
80.14194844397103,12.815468108492649,24.0
79.91062217830182,12.815566746823112,51.0
80.17428065531072,12.815655218911456,18.0
79.83924780190348,12.815748234626902,63.0
79.97778819755403,12.816021508869127,52.0
79.93605708647796,12.816091333915333,50.0
80.06858680157617,12.8161837413391,38.0
80.22842355298333,12.816215254371553,3.0
79.99077375966668,12.816626277880944,59.0
80.14368303967161,12.816638979415435,25.0
79.94244936416975,12.816640384136267,46.0
80.18668191195614,12.817034441606962,12.0
80.20275804879107,12.81715544514734,3.0
79.98657275743268,12.817174950118789,54.0
79.8491636863897,12.817278524938311,64.0
79.98721847812169,12.817528973142965,54.0
80.09166592914467,12.81758693790011,38.0
79.8429501330477,12.817642560783002,62.0
79.82340404904767,12.818074728168751,64.0
79.82490953992371,12.818277858066212,61.0
80.08545951954747,12.818574306574709,36.0
80.07061636145102,12.81885221488218,38.0
80.16062313464684,12.81886738580959,17.0
80.09891686655695,12.81921272031412,44.0
80.04665241885534,12.819384980298294,38.0
79.91520688936161,12.819646306664875,50.0
80.22409917721964,12.819830014192906,1.0
79.75,12.820000000000011,129.2
79.755,12.820000000000011,127.4
79.75999999999999,12.820000000000011,127.0
79.76499999999999,12.820000000000011,132.1
79.76999999999998,12.820000000000011,138.1
79.77499999999998,12.820000000000011,135.4
79.77999999999997,12.820000000000011,125.0
79.78499999999997,12.820000000000011,127.2
79.78999999999996,12.820000000000011,129.2
79.79499999999996,12.820000000000011,129.1
79.79999999999995,12.820000000000011,123.1
79.81999999999994,12.820000000000011,118.3
79.88499999999988,12.820000000000011,99.7
79.99999999999977,12.820000000000011,92.1
80.02499999999975,12.820000000000011,69.5
80.04499999999973,12.820000000000011,66.2
80.10499999999968,12.820000000000011,57.0
80.1949999999996,12.820000000000011,21.9
80.20499999999959,12.820000000000011,12.7
80.24499999999955,12.820000000000011,14.4
80.25499999999954,12.820000000000011,2.4
80.33999999999946,12.820000000000011,6.2
80.34499999999946,12.820000000000011,8.8
80.34999999999945,12.820000000000011,6.5
80.35499999999945,12.820000000000011,11.2
80.35999999999945,12.820000000000011,6.4
80.36499999999944,12.820000000000011,-0.4
80.36999999999944,12.820000000000011,6.2
80.37499999999943,12.820000000000011,-0.2
80.37999999999943,12.820000000000011,7.0
80.38499999999942,12.820000000000011,7.7
80.38999999999942,12.820000000000011,2.0
80.39499999999941,12.820000000000011,6.0
80.39999999999941,12.820000000000011,4.1
80.4049999999994,12.820000000000011,-2.0
80.4099999999994,12.820000000000011,-2.0
80.4149999999994,12.820000000000011,9.6
80.41999999999939,12.820000000000011,2.4
80.42499999999939,12.820000000000011,8.8
80.42999999999938,12.820000000000011,-1.8
80.43499999999938,12.820000000000011,1.0
80.43999999999937,12.820000000000011,5.0
80.44499999999937,12.820000000000011,7.9
80.44999999999936,12.820000000000011,-2.0
80.06424605314936,12.820026182386654,44.0
79.90581650216893,12.820157305216211,46.0
79.97180288170084,12.820195317708055,44.0
79.80908103941502,12.820262660789322,59.0
79.93857971020275,12.820295752952411,52.0
80.02203724342729,12.820493786273122,41.0
79.80706068527496,12.820996043437342,59.0
80.22508595147865,12.82112187420114,2.0
79.81626322757485,12.821185485753738,59.0
79.8483467560599,12.821244606422583,63.0
80.18173918989149,12.821401484075592,20.0
79.90800417456812,12.82145336637378,48.0
80.195818280511,12.821845936784309,10.0
79.86627111476264,12.822150183816344,50.0
79.89120710797604,12.822205220635691,51.0
80.04099781443644,12.822409026609416,42.0
80.18439127789595,12.82241226200964,17.0
79.92428948990222,12.822538285904695,46.0
79.90687886169357,12.822616734326624,45.0
80.17712448059639,12.822804412773728,17.0
80.08117790416406,12.82307180885361,35.0
80.05930559786101,12.823289731817914,45.0
79.92320121744511,12.823419709179785,47.0
80.16704146593239,12.823493309950676,19.0
79.88380141206308,12.823501011862092,51.0
79.9700745809272,12.823890182231878,46.0
79.98350514500247,12.82405813084094,51.0
80.04035696872522,12.824066782315937,40.0
79.95247818039144,12.824176518356897,48.0
80.12155853143686,12.824260093103154,38.0
80.03529943542658,12.824347574753064,46.0
80.23564013128868,12.824836026746924,0.0
80.1587468793302,12.824862368440234,21.0
79.75,12.825000000000012,129.2
79.755,12.825000000000012,140.9
79.75999999999999,12.825000000000012,125.2
79.76499999999999,12.825000000000012,139.6
79.76999999999998,12.825000000000012,129.3
79.77499999999998,12.825000000000012,127.2
79.77999999999997,12.825000000000012,121.4
79.78499999999997,12.825000000000012,130.0
79.78999999999996,12.825000000000012,126.3
79.79499999999996,12.825000000000012,125.4
79.79999999999995,12.825000000000012,125.0
79.81999999999994,12.825000000000012,120.8
79.82499999999993,12.825000000000012,116.5
79.84999999999991,12.825000000000012,112.6
79.87499999999989,12.825000000000012,107.6
79.98499999999979,12.825000000000012,86.3
80.06999999999971,12.825000000000012,68.1
80.11499999999967,12.825000000000012,56.6
80.19999999999959,12.825000000000012,23.7
80.25499999999954,12.825000000000012,6.2
80.33499999999947,12.825000000000012,4.6
80.33999999999946,12.825000000000012,1.9
80.34499999999946,12.825000000000012,3.5
80.34999999999945,12.825000000000012,2.0
80.35499999999945,12.825000000000012,0.7
80.35999999999945,12.825000000000012,3.1
80.36499999999944,12.825000000000012,0.8
80.36999999999944,12.825000000000012,10.2
80.37499999999943,12.825000000000012,13.4
80.37999999999943,12.825000000000012,-2.0
80.38499999999942,12.825000000000012,-0.4
80.38999999999942,12.825000000000012,-1.7
80.39499999999941,12.825000000000012,10.1
80.39999999999941,12.825000000000012,5.8
80.4049999999994,12.825000000000012,1.0
80.4099999999994,12.825000000000012,-0.1
80.4149999999994,12.825000000000012,7.6
80.41999999999939,12.825000000000012,1.9
80.42499999999939,12.825000000000012,10.5
80.42999999999938,12.825000000000012,-0.3
80.43499999999938,12.825000000000012,10.9
80.43999999999937,12.825000000000012,-2.0
80.44499999999937,12.825000000000012,-0.3
80.44999999999936,12.825000000000012,8.9
79.89311126260154,12.825014357891508,49.0
79.89575991665944,12.825328822991253,45.0
79.9834209331335,12.825349419850786,49.0
80.09841033003624,12.825382697364608,43.0
80.03409481372411,12.825477857721738,43.0
80.17455279234284,12.825729297969678,16.0
79.92471948619593,12.82579576108167,51.0
79.8723557953997,12.82607578075456,50.0
80.16871689119338,12.826207457897096,18.0
79.93710742783715,12.826311337193742,59.0
79.86204146211551,12.82633346364659,52.0
80.09550479260243,12.826483680042497,41.0
79.83383081629104,12.8265542324952,64.0
80.22161375274221,12.826625926637192,1.0
79.84636839943956,12.826655546987968,63.0
80.03266033632256,12.826866802804764,43.0
79.81916823939214,12.827012063307343,68.0
80.0488594722641,12.827085804269226,35.0
79.903623198717,12.8272038951789,46.0
79.99170930272678,12.827523189795333,48.0
79.88441946266948,12.827689174241234,52.0
80.08812799436318,12.827747578112517,36.0
80.03386917528954,12.827764215547178,41.0
79.90297022015154,12.828057034071133,46.0
80.09052214362866,12.8280665696908,36.0
80.14279861548829,12.828212523077443,28.0
79.96158042370168,12.828533263093254,52.0
80.0129743710215,12.828624387099074,37.0
80.14031510147768,12.82883317091376,28.0
79.85733544280066,12.82885041260478,55.0
79.91802308473781,12.829275994513983,51.0
80.20438775083261,12.829291682144394,4.0
79.83181727151751,12.829714804881656,63.0
79.86713756168685,12.829899541063496,50.0
79.75,12.830000000000013,135.8
79.755,12.830000000000013,134.6
79.75999999999999,12.830000000000013,129.7
79.76499999999999,12.830000000000013,134.4
79.76999999999998,12.830000000000013,134.6
79.77499999999998,12.830000000000013,133.0
79.77999999999997,12.830000000000013,131.7
79.78499999999997,12.830000000000013,128.7
79.78999999999996,12.830000000000013,126.4
79.79499999999996,12.830000000000013,123.8
79.79999999999995,12.830000000000013,124.4
79.8649999999999,12.830000000000013,109.1
79.89999999999986,12.830000000000013,101.7
79.90499999999986,12.830000000000013,105.5
79.94999999999982,12.830000000000013,86.0
79.95999999999981,12.830000000000013,92.3
79.9649999999998,12.830000000000013,83.5
80.14499999999964,12.830000000000013,50.8
80.21499999999958,12.830000000000013,17.4
80.23499999999956,12.830000000000013,3.8
80.24499999999955,12.830000000000013,10.7
80.28499999999951,12.830000000000013,-2.0
80.33999999999946,12.830000000000013,4.5
80.34499999999946,12.830000000000013,8.0
80.34999999999945,12.830000000000013,2.1
80.35499999999945,12.830000000000013,-2.0
80.35999999999945,12.830000000000013,-1.1
80.36499999999944,12.830000000000013,0.7
80.36999999999944,12.830000000000013,5.4
80.37499999999943,12.830000000000013,3.5
80.37999999999943,12.830000000000013,3.0
80.38499999999942,12.830000000000013,-2.0
80.38999999999942,12.830000000000013,3.0
80.39499999999941,12.830000000000013,4.6
80.39999999999941,12.830000000000013,5.0
80.4049999999994,12.830000000000013,7.0
80.4099999999994,12.830000000000013,2.9
80.4149999999994,12.830000000000013,-1.0
80.41999999999939,12.830000000000013,6.5
80.42499999999939,12.830000000000013,7.0
80.42999999999938,12.830000000000013,7.3
80.43499999999938,12.830000000000013,1.6
80.43999999999937,12.830000000000013,-2.0
80.44499999999937,12.830000000000013,-2.0
80.44999999999936,12.830000000000013,0.5
80.15069134341279,12.830046590046395,28.0
80.23914833273173,12.830179845014625,10.0
80.12654341432672,12.830260851513769,32.0
80.051377888993,12.83046115067068,35.0
80.17364261057871,12.830748229044746,13.0
80.03643223865657,12.831335227750008,43.0
80.05216629264561,12.831337814224582,35.0
80.10110262949321,12.831352158748398,41.0
79.83458036872416,12.83138739333356,61.0
79.84415305072751,12.83139743220292,59.0
80.05998989522587,12.83160217114705,84.0
79.96347352300897,12.831639382079942,50.0
80.11477520578966,12.831707583290314,59.0
80.18319773186802,12.831806610363309,16.0
80.20757280142205,12.831908483336852,6.0
79.91983611290867,12.832033262057744,55.0
79.98363904458974,12.832078922358784,50.0
80.03364167175643,12.832118426065806,45.0
79.94234140070117,12.832733174138989,52.0
80.14121060981716,12.83289455499786,30.0
80.1015268408522,12.832920241759636,37.0
80.2462244163335,12.832932707251436,8.0
80.09169336205004,12.832933905139337,36.0
79.87486694803171,12.833043472238623,53.0
79.84817031422703,12.8333069967454,57.0
80.13349765743064,12.83334564711382,34.0
80.20541475039494,12.833836573358909,9.0
79.91713065720046,12.83389604599022,47.0
80.03998928306183,12.83397049438966,48.0
80.192752229035,12.834435487349223,11.0
79.9821932883211,12.834623166547814,48.0
80.07685220431864,12.8347171407563,30.0
79.94400428476517,12.83487689798448,55.0
79.75,12.835000000000013,140.9
79.755,12.835000000000013,124.1
79.75999999999999,12.835000000000013,130.0
79.76499999999999,12.835000000000013,136.2
79.76999999999998,12.835000000000013,125.2
79.77499999999998,12.835000000000013,122.2
79.77999999999997,12.835000000000013,128.0
79.78499999999997,12.835000000000013,128.7
79.78999999999996,12.835000000000013,117.5
79.79499999999996,12.835000000000013,119.2
79.79999999999995,12.835000000000013,126.3
79.80499999999995,12.835000000000013,127.5
79.82499999999993,12.835000000000013,117.8
79.8599999999999,12.835000000000013,116.7
79.90999999999985,12.835000000000013,107.5
79.9649999999998,12.835000000000013,90.0
79.97999999999979,12.835000000000013,97.7
80.05499999999972,12.835000000000013,68.2
80.0749999999997,12.835000000000013,58.1
80.0799999999997,12.835000000000013,59.8
80.13499999999965,12.835000000000013,51.6
80.16499999999962,12.835000000000013,31.9
80.17499999999961,12.835000000000013,28.4
80.24999999999955,12.835000000000013,4.6
80.33999999999946,12.835000000000013,2.7
80.34499999999946,12.835000000000013,1.6
80.34999999999945,12.835000000000013,5.9
80.35499999999945,12.835000000000013,-2.0
80.35999999999945,12.835000000000013,0.2
80.36499999999944,12.835000000000013,6.7
80.36999999999944,12.835000000000013,5.1
80.37499999999943,12.835000000000013,-2.0
80.37999999999943,12.835000000000013,9.8
80.38499999999942,12.835000000000013,6.4
80.38999999999942,12.835000000000013,-2.0
80.39499999999941,12.835000000000013,8.7
80.39999999999941,12.835000000000013,12.1
80.4049999999994,12.835000000000013,-2.0
80.4099999999994,12.835000000000013,6.6
80.4149999999994,12.835000000000013,3.7
80.41999999999939,12.835000000000013,6.1
80.42499999999939,12.835000000000013,2.2
80.42999999999938,12.835000000000013,-2.0
80.43499999999938,12.835000000000013,5.8
80.43999999999937,12.835000000000013,-2.0
80.44499999999937,12.835000000000013,0.8
80.44999999999936,12.835000000000013,-2.0
80.00776283388109,12.835069448308811,38.0
80.0610178967295,12.835089277285633,50.0
79.92998780838909,12.83522721169943,62.0
80.02293998189623,12.835255915253825,37.0
79.95047832205192,12.835655310839403,56.0
80.02979386841147,12.83574228508874,34.0
79.8042473925625,12.835789006020786,70.0
80.23848299994616,12.835795986538225,9.0
79.91709548614544,12.835845237963776,53.0
80.23926175832227,12.836057917134696,10.0
80.05251489219633,12.836508696292125,34.0
80.17925385918122,12.83665139786555,13.0
80.08850646840716,12.836789723789094,38.0
79.82218043076033,12.837126113528962,66.0
79.95724327935397,12.837342889861173,52.0
79.81892473278471,12.837681703190446,65.0
80.07246670640146,12.838123273136654,33.0
79.97231983098189,12.838591306193306,48.0
80.09792077513852,12.838734178220246,41.0
79.97162959413112,12.838773859720936,48.0
80.131184257206,12.838958354417182,27.0
79.94969063312804,12.839102397805934,54.0
80.24443637828834,12.839253007796586,6.0
80.15442656442822,12.839427167836684,19.0
79.95664987873865,12.839445292174377,51.0
80.04973630303786,12.839588144051604,31.0
79.92230949462645,12.839652688772016,59.0
80.08053360914961,12.839745298979745,32.0
80.07323825531348,12.839811336425647,32.0
79.75,12.840000000000014,135.5
79.755,12.840000000000014,136.0
79.75999999999999,12.840000000000014,125.7
79.76499999999999,12.840000000000014,130.0
79.76999999999998,12.840000000000014,130.6
79.77499999999998,12.840000000000014,138.8
79.77999999999997,12.840000000000014,136.2
79.78499999999997,12.840000000000014,125.6
79.78999999999996,12.840000000000014,130.1
79.79499999999996,12.840000000000014,127.9
79.79999999999995,12.840000000000014,120.8
79.80999999999995,12.840000000000014,122.2
79.87999999999988,12.840000000000014,108.1
80.01499999999976,12.840000000000014,66.9
80.06499999999971,12.840000000000014,60.3
80.12499999999966,12.840000000000014,57.0
80.16999999999962,12.840000000000014,34.4
80.33999999999946,12.840000000000014,-2.0
80.34499999999946,12.840000000000014,-1.8
80.34999999999945,12.840000000000014,9.6
80.35499999999945,12.840000000000014,0.5
80.35999999999945,12.840000000000014,9.7
80.36499999999944,12.840000000000014,2.8
80.36999999999944,12.840000000000014,7.2
80.37499999999943,12.840000000000014,10.5
80.37999999999943,12.840000000000014,-2.0
80.38499999999942,12.840000000000014,6.8
80.38999999999942,12.840000000000014,3.6
80.39499999999941,12.840000000000014,-2.0
80.39999999999941,12.840000000000014,3.5
80.4049999999994,12.840000000000014,2.2
80.4099999999994,12.840000000000014,5.8
80.4149999999994,12.840000000000014,7.2
80.41999999999939,12.840000000000014,0.6
80.42499999999939,12.840000000000014,6.8
80.42999999999938,12.840000000000014,-1.6
80.43499999999938,12.840000000000014,-2.0
80.43999999999937,12.840000000000014,-2.0
80.44499999999937,12.840000000000014,14.3
80.44999999999936,12.840000000000014,0.3
80.03349316958209,12.84009943172936,37.0
79.83645920986719,12.840217828987734,58.0
79.82179790157657,12.84033445860078,62.0
79.99386809424921,12.840359032138943,37.0
79.98167199625128,12.840450092032778,40.0
79.93805344524098,12.840586715740573,62.0
80.00383475477202,12.840717025985253,38.0
80.14960098272611,12.840803459824045,22.0
79.87596318765294,12.840848211134562,51.0
80.14840901607887,12.840894831367988,22.0
80.02934473418426,12.841105481472583,31.0
79.93894382625106,12.84112765592449,60.0
79.90587056800237,12.841372210252322,56.0
79.99888620012122,12.841413241335362,33.0
80.16260047805775,12.841760590675188,17.0
79.87732947046655,12.841935541912283,50.0
79.92457453030666,12.842071735602492,58.0
80.07477565519694,12.84218652572619,29.0
79.83064097824462,12.84253467422954,59.0
80.22972068129988,12.842575469496778,8.0
80.10738687052383,12.842769874918329,33.0
79.86399861297424,12.842937588262908,54.0
79.80454560976271,12.84297265331493,67.0
80.00040933948819,12.843094759880032,33.0
79.85390443198997,12.843173954602404,57.0
79.93544829748795,12.843272018454217,65.0
80.07981831155249,12.84373796931795,29.0
79.80649678664463,12.84377162798601,66.0
80.19565474952802,12.84381308967265,14.0
79.95925687349582,12.84384544474755,58.0
79.8480612762742,12.844037610288742,56.0
79.8680920288761,12.84428126977362,52.0
79.86262610069971,12.844666346136302,54.0
80.03435500007018,12.84471301034712,36.0
79.95089066865191,12.844850221829612,52.0
79.95114137507329,12.84493376780252,51.0
79.75,12.845000000000015,144.3
79.755,12.845000000000015,133.0
79.75999999999999,12.845000000000015,131.4
79.76499999999999,12.845000000000015,128.9
79.76999999999998,12.845000000000015,131.0
79.77499999999998,12.845000000000015,140.2
79.77999999999997,12.845000000000015,123.7
79.78499999999997,12.845000000000015,130.1
79.78999999999996,12.845000000000015,136.8
79.79499999999996,12.845000000000015,125.4
79.79999999999995,12.845000000000015,127.7
79.81999999999994,12.845000000000015,122.4
79.84999999999991,12.845000000000015,119.3
79.8649999999999,12.845000000000015,108.5
79.88999999999987,12.845000000000015,100.7
79.93499999999983,12.845000000000015,96.4
79.95499999999981,12.845000000000015,85.0
80.05499999999972,12.845000000000015,59.6
80.2999999999995,12.845000000000015,0.2
80.32999999999947,12.845000000000015,9.7
80.33999999999946,12.845000000000015,10.4
80.34499999999946,12.845000000000015,7.8
80.34999999999945,12.845000000000015,-2.0
80.35499999999945,12.845000000000015,3.9
80.35999999999945,12.845000000000015,7.5
80.36499999999944,12.845000000000015,5.0
80.36999999999944,12.845000000000015,13.7
80.37499999999943,12.845000000000015,4.0
80.37999999999943,12.845000000000015,-2.0
80.38499999999942,12.845000000000015,7.5
80.38999999999942,12.845000000000015,9.8
80.39499999999941,12.845000000000015,3.6
80.39999999999941,12.845000000000015,5.7
80.4049999999994,12.845000000000015,2.4
80.4099999999994,12.845000000000015,5.7
80.4149999999994,12.845000000000015,0.7
80.41999999999939,12.845000000000015,-0.1
80.42499999999939,12.845000000000015,-2.0
80.42999999999938,12.845000000000015,3.4
80.43499999999938,12.845000000000015,1.2
80.43999999999937,12.845000000000015,1.2
80.44499999999937,12.845000000000015,-2.0
80.44999999999936,12.845000000000015,3.7
80.1557793321449,12.845080509840804,15.0
80.09473279818401,12.84528186822637,41.0
80.12049459693708,12.845300579387422,80.0
80.21512577033448,12.845372681038114,2.0
80.21407952530208,12.845419891735894,3.0
79.8322079941282,12.8455262403536,64.0
79.89602076195949,12.845576711963018,68.0
79.95372278504094,12.84568759836724,53.0
79.86523770625584,12.845778543018808,53.0
79.90646189309152,12.84603719435894,57.0
80.0489333741362,12.84620230584744,31.0
79.93279096148885,12.846406937520356,68.0
80.12951572978498,12.846646694346838,25.0
80.06147155574331,12.846705795934708,40.0
79.80322183354254,12.846937548967151,66.0
79.90373636923898,12.847187766036631,56.0
80.1262232584956,12.84721555252644,29.0
79.9356137457693,12.847319747180885,68.0
80.17701404288862,12.847483556919784,7.0
80.03645986787423,12.847559215304107,35.0
79.81165736016128,12.847569201237384,64.0
80.0659657551567,12.847620398748532,31.0
79.9069193104788,12.847676123549808,58.0
80.21305134230737,12.8477489397109,7.0
80.18598796798157,12.84796810348208,7.0
79.96195198004348,12.8483339795893,58.0
79.83051879842472,12.84853056055277,62.0
79.9335859456855,12.848637077834251,69.0
79.93662237446544,12.84873914480848,66.0
79.86071887849204,12.848827809144982,57.0
79.84479228220721,12.848947676082629,57.0
80.04583005041506,12.849117125472212,35.0
79.87259627344618,12.84938991291148,49.0
79.91152248294398,12.84952622261448,64.0
79.83352681128663,12.849703117668856,65.0
79.80024459130051,12.84971684805503,67.0
80.11909940167126,12.84984042859816,33.0
79.75,12.850000000000016,123.7
79.755,12.850000000000016,134.3
79.75999999999999,12.850000000000016,129.3
79.76499999999999,12.850000000000016,131.5
79.76999999999998,12.850000000000016,123.5
79.77499999999998,12.850000000000016,141.1
79.77999999999997,12.850000000000016,127.4
79.78499999999997,12.850000000000016,134.4
79.78999999999996,12.850000000000016,126.5
79.79499999999996,12.850000000000016,120.1
79.91499999999985,12.850000000000016,96.6
79.9649999999998,12.850000000000016,86.8
80.02499999999975,12.850000000000016,72.2
80.09999999999968,12.850000000000016,52.8
80.14999999999964,12.850000000000016,44.5
80.23499999999956,12.850000000000016,12.3
80.25499999999954,12.850000000000016,-0.2
80.27499999999952,12.850000000000016,9.6
80.33999999999946,12.850000000000016,-2.0
80.34499999999946,12.850000000000016,-2.0
80.34999999999945,12.850000000000016,2.5
80.35499999999945,12.850000000000016,1.5
80.35999999999945,12.850000000000016,-2.0
80.36499999999944,12.850000000000016,-2.0
80.36999999999944,12.850000000000016,-2.0
80.37499999999943,12.850000000000016,-2.0
80.37999999999943,12.850000000000016,-1.4
80.38499999999942,12.850000000000016,8.0
80.38999999999942,12.850000000000016,9.9
80.39499999999941,12.850000000000016,-2.0
80.39999999999941,12.850000000000016,2.8
80.4049999999994,12.850000000000016,-2.0
80.4099999999994,12.850000000000016,1.6
80.4149999999994,12.850000000000016,-2.0
80.41999999999939,12.850000000000016,-2.0
80.42499999999939,12.850000000000016,5.0
80.42999999999938,12.850000000000016,-2.0
80.43499999999938,12.850000000000016,1.6
80.43999999999937,12.850000000000016,-2.0
80.44499999999937,12.850000000000016,10.1
80.44999999999936,12.850000000000016,6.6
79.95435214158353,12.850133884824798,54.0
80.1898543182155,12.850155281319996,8.0
79.9567091389216,12.850212000576631,57.0
80.04496455945466,12.85023767124666,39.0
80.11998608035563,12.85025978654985,33.0
79.80314668289391,12.850440241926329,68.0
80.0079910471206,12.850672611426749,31.0
79.98994248232607,12.850758861665762,37.0
80.19280366870153,12.850991883564332,7.0
80.20283484530425,12.851018627682986,8.0
79.9920628622324,12.85142441250027,35.0
80.03766967794256,12.85160443107756,32.0
80.16442062560931,12.851715496600086,12.0
79.84938964112055,12.851997684296142,56.0
80.10997058728454,12.852116158870755,28.0
79.92314290850268,12.852249552156527,57.0
80.20842303253059,12.85249205312074,4.0
80.0977493040068,12.8526012390872,31.0
80.14434450526608,12.852906186340434,29.0
80.00621762575452,12.853347797200488,30.0
79.83690651170187,12.853392083913905,64.0
80.01627103107079,12.853541026040052,29.0
79.82086969788259,12.85400208615258,70.0
79.947374917187,12.854142042801332,56.0
80.00597633981279,12.854167040896137,29.0
80.02650097556635,12.854434836317475,27.0
79.80923037948995,12.854496989673752,69.0
80.00945809628539,12.854499305345712,28.0
79.85595718865119,12.854684150737087,56.0
79.97937451920001,12.854942783300944,43.0
79.75,12.855000000000016,139.0
79.755,12.855000000000016,138.4
79.75999999999999,12.855000000000016,141.7
79.76499999999999,12.855000000000016,132.1
79.76999999999998,12.855000000000016,121.9
79.77499999999998,12.855000000000016,124.7
79.77999999999997,12.855000000000016,129.8
79.78499999999997,12.855000000000016,133.3
79.78999999999996,12.855000000000016,115.1
79.79499999999996,12.855000000000016,125.8
79.79999999999995,12.855000000000016,127.6
79.83999999999992,12.855000000000016,106.2
79.88499999999988,12.855000000000016,100.3
79.95999999999981,12.855000000000016,85.6
80.03999999999974,12.855000000000016,72.8
80.05499999999972,12.855000000000016,69.0
80.06999999999971,12.855000000000016,69.0
80.09999999999968,12.855000000000016,62.8
80.12999999999965,12.855000000000016,53.1
80.20999999999958,12.855000000000016,21.1
80.24499999999955,12.855000000000016,14.3
80.31499999999949,12.855000000000016,9.2
80.32499999999948,12.855000000000016,7.9
80.33999999999946,12.855000000000016,-0.1
80.34499999999946,12.855000000000016,2.0
80.34999999999945,12.855000000000016,0.1
80.35499999999945,12.855000000000016,7.0
80.35999999999945,12.855000000000016,7.5
80.36499999999944,12.855000000000016,0.5
80.36999999999944,12.855000000000016,-2.0
80.37499999999943,12.855000000000016,13.3
80.37999999999943,12.855000000000016,1.3
80.38499999999942,12.855000000000016,-0.8
80.38999999999942,12.855000000000016,4.7
80.39499999999941,12.855000000000016,-1.8
80.39999999999941,12.855000000000016,-2.0
80.4049999999994,12.855000000000016,5.4
80.4099999999994,12.855000000000016,-0.3
80.4149999999994,12.855000000000016,4.2
80.41999999999939,12.855000000000016,5.1
80.42499999999939,12.855000000000016,5.9
80.42999999999938,12.855000000000016,2.6
80.43499999999938,12.855000000000016,4.5
80.43999999999937,12.855000000000016,1.3
80.44499999999937,12.855000000000016,5.0
80.44999999999936,12.855000000000016,-0.5
80.11397602532301,12.855125079527395,29.0
79.88954106627476,12.855129286062224,53.0
80.16005905016517,12.855370132111878,13.0
80.0710819765727,12.85554317936882,27.0
79.9598292384019,12.855620501202726,60.0
80.03543511045962,12.855676934233006,33.0
79.93729614594753,12.855871405390536,64.0
79.95389755118825,12.856185333839266,57.0
79.84707798697981,12.856330629682947,56.0
80.2481532998354,12.856628716821216,7.0
79.94571829438469,12.856830909290258,58.0
80.19051969659121,12.85686520174654,15.0
80.08825204461648,12.856906869599516,34.0
79.91915069936489,12.857312513730946,72.0
79.82797532991954,12.857343242241583,70.0
80.05134027194737,12.857442685967513,28.0
80.06090161510431,12.85745830829187,26.0
79.84478777974141,12.857587263152286,56.0
79.95574079730928,12.85767051585865,60.0
79.99162649222698,12.857686650422748,37.0
79.97700811643723,12.857714491919063,43.0
80.08972074003078,12.858043511913875,35.0
80.08862884369019,12.858115438218444,34.0
79.85152068396808,12.858223769038814,56.0
79.9586709814586,12.858389565159854,59.0
80.15353889618282,12.85855585069893,11.0
80.2432640130901,12.85860501120463,5.0
80.19102780461132,12.85892727073732,13.0
80.07256579080804,12.85898198228844,29.0
80.16751964981826,12.859122661319912,10.0
79.98086837671639,12.859495032974928,41.0
79.89917144582873,12.85949579861338,60.0
80.20661374091024,12.859529328274778,6.0
80.11211973513255,12.859604679352962,28.0
79.88582189380077,12.859685738831375,51.0
79.867555799598,12.859726555610484,52.0
79.97787102039409,12.85982854320871,42.0
80.08548215356717,12.859890756380343,36.0
79.82329035587858,12.859923464349745,63.0
79.75,12.860000000000017,136.3
79.755,12.860000000000017,132.4
79.75999999999999,12.860000000000017,126.6
79.76499999999999,12.860000000000017,135.4
79.76999999999998,12.860000000000017,134.6
79.77499999999998,12.860000000000017,120.7
79.77999999999997,12.860000000000017,130.4
79.78499999999997,12.860000000000017,131.4
79.78999999999996,12.860000000000017,121.9
79.79499999999996,12.860000000000017,122.0
79.79999999999995,12.860000000000017,128.1
79.84999999999991,12.860000000000017,114.1
79.87999999999988,12.860000000000017,114.1
79.94499999999982,12.860000000000017,91.0
80.05499999999972,12.860000000000017,74.5
80.06499999999971,12.860000000000017,62.7
80.06999999999971,12.860000000000017,61.3
80.0749999999997,12.860000000000017,61.2
80.09499999999969,12.860000000000017,60.9
80.12499999999966,12.860000000000017,58.2
80.13999999999965,12.860000000000017,59.3
80.16999999999962,12.860000000000017,34.5
80.31499999999949,12.860000000000017,-2.0
80.33999999999946,12.860000000000017,3.0
80.34499999999946,12.860000000000017,-2.0
80.34999999999945,12.860000000000017,5.2
80.35499999999945,12.860000000000017,7.5
80.35999999999945,12.860000000000017,-2.0
80.36499999999944,12.860000000000017,-2.0
80.36999999999944,12.860000000000017,3.6
80.37499999999943,12.860000000000017,0.6
80.37999999999943,12.860000000000017,4.1
80.38499999999942,12.860000000000017,10.0
80.38999999999942,12.860000000000017,3.4
80.39499999999941,12.860000000000017,6.0
80.39999999999941,12.860000000000017,-0.2
80.4049999999994,12.860000000000017,7.2
80.4099999999994,12.860000000000017,6.1
80.4149999999994,12.860000000000017,4.7
80.41999999999939,12.860000000000017,2.3
80.42499999999939,12.860000000000017,5.3
80.42999999999938,12.860000000000017,5.8
80.43499999999938,12.860000000000017,-1.5
80.43999999999937,12.860000000000017,7.3
80.44499999999937,12.860000000000017,-2.0
80.44999999999936,12.860000000000017,4.8
80.02320382264936,12.860125036313423,27.0
80.24771128928549,12.86027711255137,5.0
80.05908718450702,12.861025559745595,26.0
80.23600970422085,12.861052282599289,2.0
80.16474275961508,12.861086841513172,9.0
80.20606619491208,12.861251488360262,3.0
80.09191389409008,12.861963452050391,39.0
79.89705593729916,12.862418476941142,53.0
80.07123618019311,12.862467146825333,32.0
80.08985511804147,12.86261386307749,35.0
80.08071763112946,12.86286053246494,34.0
80.04980630378743,12.86306986061178,26.0
79.8204479632455,12.86314882134338,65.0
80.18208657669786,12.8634044833144,6.0
80.20821929436272,12.86358563135722,3.0
79.88785369609816,12.86442818007512,55.0
79.96869341716447,12.86444806212392,54.0
79.96248406815731,12.864518425682377,57.0
80.07015063144128,12.864592120529128,27.0
80.0837527021852,12.86460593172256,34.0
80.24436589262633,12.864679657353074,9.0
79.8444200017224,12.86489845048524,56.0
79.93159805230157,12.864994568895735,63.0
79.75,12.865000000000018,129.7
79.755,12.865000000000018,136.0
79.75999999999999,12.865000000000018,137.6
79.76499999999999,12.865000000000018,132.6
79.76999999999998,12.865000000000018,131.4
79.77499999999998,12.865000000000018,126.8
79.77999999999997,12.865000000000018,127.0
79.78499999999997,12.865000000000018,129.8
79.78999999999996,12.865000000000018,126.9
79.79499999999996,12.865000000000018,120.2
79.79999999999995,12.865000000000018,124.8
79.95999999999981,12.865000000000018,92.0
79.99999999999977,12.865000000000018,84.4
80.0799999999997,12.865000000000018,71.4
80.09999999999968,12.865000000000018,59.2
80.13499999999965,12.865000000000018,55.5
80.17499999999961,12.865000000000018,24.4
80.21999999999957,12.865000000000018,16.7
80.33999999999946,12.865000000000018,-2.0
80.34499999999946,12.865000000000018,3.1
80.34999999999945,12.865000000000018,-1.1
80.35499999999945,12.865000000000018,3.4
80.35999999999945,12.865000000000018,3.8
80.36499999999944,12.865000000000018,6.9
80.36999999999944,12.865000000000018,1.3
80.37499999999943,12.865000000000018,1.5
80.37999999999943,12.865000000000018,8.0
80.38499999999942,12.865000000000018,-2.0
80.38999999999942,12.865000000000018,-2.0
80.39499999999941,12.865000000000018,-0.5
80.39999999999941,12.865000000000018,13.6
80.4049999999994,12.865000000000018,-1.6
80.4099999999994,12.865000000000018,-2.0
80.4149999999994,12.865000000000018,1.7
80.41999999999939,12.865000000000018,-0.6
80.42499999999939,12.865000000000018,5.5
80.42999999999938,12.865000000000018,2.3
80.43499999999938,12.865000000000018,6.4
80.43999999999937,12.865000000000018,-0.0
80.44499999999937,12.865000000000018,0.1
80.44999999999936,12.865000000000018,-2.0
79.96208901507565,12.865285162824147,62.0
79.80448125193789,12.865358583672412,64.0
80.01588715931851,12.865554367264693,28.0
80.22326238840688,12.865610568898044,3.0
80.11942529762996,12.865624596658296,20.0
80.14695773824575,12.865692570500764,21.0
80.2490416986544,12.865728469602612,3.0
79.95677795207993,12.86573128350385,65.0
80.10889441465173,12.86604800869637,27.0
80.16069210821081,12.866070398908295,11.0
79.84849543310881,12.866197966558431,56.0
79.92142860644068,12.866250387442744,61.0
79.9662989242468,12.8669016697942,58.0
79.88342343870382,12.8669889222127,56.0
79.89279483742706,12.867249942459278,54.0
79.90060705625247,12.867344631656596,57.0
80.13646106827537,12.867451430270954,18.0
80.06822492524572,12.867453706635624,25.0
80.09185721549383,12.86760495623106,40.0
80.20028462749393,12.867936741179252,4.0
80.14113496611773,12.868118699983292,16.0
80.12367421124735,12.868164438652949,21.0
80.13969310288647,12.86823370679508,16.0
80.15940482845912,12.86829495699772,14.0
79.84365131608546,12.868347475149884,56.0
80.21938123865843,12.86856459682735,3.0
80.22896224323172,12.86881237426326,6.0
79.86485449936,12.868934198645077,53.0
80.13753428867082,12.869394668722444,17.0
79.96972089222855,12.869690754519665,53.0
79.93330937027066,12.86969624312338,55.0
80.0370085006532,12.869727771984644,26.0
80.1712986862429,12.869900639072313,7.0
79.94235075932923,12.869954657820164,50.0
79.75,12.870000000000019,127.9
79.755,12.870000000000019,137.4
79.75999999999999,12.870000000000019,133.9
79.76499999999999,12.870000000000019,132.3
79.76999999999998,12.870000000000019,127.8
79.77499999999998,12.870000000000019,129.1
79.77999999999997,12.870000000000019,129.2
79.78499999999997,12.870000000000019,128.4
79.78999999999996,12.870000000000019,129.4
79.79499999999996,12.870000000000019,118.6
79.79999999999995,12.870000000000019,125.9
79.80499999999995,12.870000000000019,125.6
79.83999999999992,12.870000000000019,114.9
79.94999999999982,12.870000000000019,89.5
79.9749999999998,12.870000000000019,92.4
80.01499999999976,12.870000000000019,79.1
80.05499999999972,12.870000000000019,65.2
80.11499999999967,12.870000000000019,52.0
80.11999999999966,12.870000000000019,58.7
80.21499999999958,12.870000000000019,27.4
80.33999999999946,12.870000000000019,7.5
80.34499999999946,12.870000000000019,1.4
80.34999999999945,12.870000000000019,-2.0
80.35499999999945,12.870000000000019,-2.0
80.35999999999945,12.870000000000019,8.6
80.36499999999944,12.870000000000019,4.7
80.36999999999944,12.870000000000019,0.9
80.37499999999943,12.870000000000019,0.7
80.37999999999943,12.870000000000019,2.8
80.38499999999942,12.870000000000019,5.5
80.38999999999942,12.870000000000019,-2.0
80.39499999999941,12.870000000000019,-1.6
80.39999999999941,12.870000000000019,3.5
80.4049999999994,12.870000000000019,-1.9
80.4099999999994,12.870000000000019,3.0
80.4149999999994,12.870000000000019,1.5
80.41999999999939,12.870000000000019,-2.0
80.42499999999939,12.870000000000019,7.3
80.42999999999938,12.870000000000019,-0.7
80.43499999999938,12.870000000000019,2.9
80.43999999999937,12.870000000000019,-2.0
80.44499999999937,12.870000000000019,-2.0
80.44999999999936,12.870000000000019,1.7
80.19270746483727,12.870002873425229,6.0
79.81749392582763,12.870022830508784,61.0
80.00728224174632,12.87019480703136,36.0
79.85374214647727,12.870603642433196,56.0
80.0979724618892,12.87068471653595,54.0
80.1876180217206,12.871055152783631,6.0
79.94035551106344,12.87105843144341,52.0
80.23107340364159,12.87109073277654,3.0
79.84397148699107,12.871110789670997,59.0
79.9134542919503,12.871297266518804,67.0
79.84001728508275,12.87170383248793,56.0
79.97263272509804,12.871708138423797,51.0
80.14162803050817,12.871713096786888,14.0
80.1956436884882,12.87178582771702,4.0
80.0681126304374,12.872145122878528,23.0
79.84280477131429,12.872193644728114,59.0
79.80919025739334,12.87233467509445,62.0
80.01001131787561,12.872655219349884,33.0
79.86959778976589,12.87287110029749,56.0
79.80712986189434,12.873187320675155,61.0
79.989417425997,12.873391110336394,45.0
79.81629082847272,12.873544693969954,60.0
80.09206395178651,12.873564079832349,40.0
80.09092940692278,12.873629802644304,40.0
79.92204715398813,12.873675804785677,59.0
80.069605736654,12.87391537708958,24.0
79.96811051363902,12.874001290328492,52.0
79.8133992386678,12.874310193534564,61.0
80.04308882513568,12.874640808136885,25.0
79.85483150629429,12.874668346388583,56.0
80.2498344147067,12.874678723664871,7.0
79.96662007799786,12.874709840116225,51.0
80.07502944073394,12.874996728597148,28.0
79.75,12.87500000000002,132.6
79.755,12.87500000000002,133.9
79.75999999999999,12.87500000000002,132.0
79.76499999999999,12.87500000000002,131.1
79.76999999999998,12.87500000000002,128.3
79.77499999999998,12.87500000000002,129.7
79.77999999999997,12.87500000000002,128.2
79.78499999999997,12.87500000000002,129.5
79.78999999999996,12.87500000000002,135.0
79.79499999999996,12.87500000000002,136.6
79.79999999999995,12.87500000000002,131.3
79.87499999999989,12.87500000000002,108.2
79.93999999999983,12.87500000000002,99.6
79.97999999999979,12.87500000000002,92.6
80.01999999999975,12.87500000000002,83.0
80.09999999999968,12.87500000000002,62.3
80.10499999999968,12.87500000000002,63.5
80.17499999999961,12.87500000000002,37.1
80.20999999999958,12.87500000000002,27.6
80.22499999999957,12.87500000000002,21.4
80.22999999999956,12.87500000000002,16.7
80.33999999999946,12.87500000000002,-2.0
80.34499999999946,12.87500000000002,-0.1
80.34999999999945,12.87500000000002,-2.0
80.35499999999945,12.87500000000002,-2.0
80.35999999999945,12.87500000000002,3.4
80.36499999999944,12.87500000000002,-0.5
80.36999999999944,12.87500000000002,1.3
80.37499999999943,12.87500000000002,2.6
80.37999999999943,12.87500000000002,-1.8
80.38499999999942,12.87500000000002,0.7
80.38999999999942,12.87500000000002,3.9
80.39499999999941,12.87500000000002,-2.0
80.39999999999941,12.87500000000002,5.1
80.4049999999994,12.87500000000002,-2.0
80.4099999999994,12.87500000000002,0.4
80.4149999999994,12.87500000000002,-0.9
80.41999999999939,12.87500000000002,3.2
80.42499999999939,12.87500000000002,-2.0
80.42999999999938,12.87500000000002,9.3
80.43499999999938,12.87500000000002,4.8
80.43999999999937,12.87500000000002,5.3
80.44499999999937,12.87500000000002,-0.8
80.44999999999936,12.87500000000002,6.1
80.05510850689973,12.875425357293242,23.0
79.80266967986178,12.875537886030733,63.0
80.22642774690115,12.87565465693796,3.0
80.11065973105183,12.875764819197432,24.0
80.06746482899274,12.876351090115255,25.0
80.15471490509492,12.876388077154516,10.0
79.95711136562605,12.876797964379437,45.0
80.22630654667354,12.876842898345672,4.0
80.23376632120981,12.876977221380454,1.0
80.03656430065641,12.876987819465011,27.0
79.86330217653044,12.87705213082922,64.0
79.85903552587263,12.877195445472047,59.0
80.22357125289929,12.877256275980836,2.0
79.93528425303397,12.877298440531597,46.0
80.14232742351702,12.877783149970933,13.0
80.22815373113858,12.87792900973116,12.0
80.02225379780646,12.878340992027995,29.0
79.89600449946701,12.878408292702485,57.0
79.94025812701744,12.878955051655955,44.0
79.91329223969663,12.879254096902557,64.0
80.21743404662782,12.87948968065361,1.0
80.01582220236422,12.879563078361564,30.0
80.02829362567284,12.879772939708689,24.0
80.03121341961362,12.879985559918977,27.0
79.75,12.88000000000002,130.8
79.755,12.88000000000002,132.8
79.75999999999999,12.88000000000002,131.2
79.76499999999999,12.88000000000002,127.1
79.76999999999998,12.88000000000002,133.3
79.77499999999998,12.88000000000002,133.8
79.77999999999997,12.88000000000002,139.2
79.78499999999997,12.88000000000002,126.6
79.78999999999996,12.88000000000002,122.7
79.79499999999996,12.88000000000002,130.3
79.79999999999995,12.88000000000002,126.9
79.81999999999994,12.88000000000002,115.9
79.84499999999991,12.88000000000002,113.1
79.88999999999987,12.88000000000002,96.2
79.92999999999984,12.88000000000002,95.7
79.93999999999983,12.88000000000002,88.5
79.98999999999978,12.88000000000002,85.3
80.01499999999976,12.88000000000002,79.7
80.02999999999975,12.88000000000002,62.1
80.08999999999969,12.88000000000002,61.7
80.09499999999969,12.88000000000002,61.3
80.09999999999968,12.88000000000002,64.7
80.21499999999958,12.88000000000002,28.0
80.22499999999957,12.88000000000002,10.6
80.33999999999946,12.88000000000002,3.1
80.34499999999946,12.88000000000002,-2.0
80.34999999999945,12.88000000000002,7.0
80.35499999999945,12.88000000000002,11.5
80.35999999999945,12.88000000000002,8.2
80.36499999999944,12.88000000000002,11.1
80.36999999999944,12.88000000000002,7.0
80.37499999999943,12.88000000000002,-0.2
80.37999999999943,12.88000000000002,-2.0
80.38499999999942,12.88000000000002,3.2
80.38999999999942,12.88000000000002,0.8
80.39499999999941,12.88000000000002,8.1
80.39999999999941,12.88000000000002,6.3
80.4049999999994,12.88000000000002,-2.0
80.4099999999994,12.88000000000002,4.3
80.4149999999994,12.88000000000002,5.2
80.41999999999939,12.88000000000002,9.4
80.42499999999939,12.88000000000002,-2.0
80.42999999999938,12.88000000000002,-2.0
80.43499999999938,12.88000000000002,7.0
80.43999999999937,12.88000000000002,1.5
80.44499999999937,12.88000000000002,0.6
80.44999999999936,12.88000000000002,-2.0
80.16522808955881,12.88028263183563,10.0
80.14313828130643,12.88035922946381,14.0
79.82647149451667,12.880402964529829,68.0
80.06376772343405,12.880441993047423,27.0
80.21623265071412,12.880513736170464,1.0
80.128108009304,12.881072739608491,13.0
80.09914920288648,12.881094222555122,34.0
80.13284829152269,12.881187188794138,18.0
80.111763107296,12.881225378150232,29.0
80.21627627589396,12.881605698070636,2.0
80.13672916771662,12.881888320067588,15.0
80.25167917785181,12.882046671511622,3.0
80.01798685109478,12.882201353979298,32.0
79.8031473311858,12.882491337237855,68.0
80.1487777835905,12.88285177969447,14.0
80.24723139851018,12.882917503809317,4.0
79.8113998763815,12.88294073239026,67.0
79.85407768821733,12.883097036924008,56.0
80.1445997861151,12.883431556058518,13.0
80.10251929893758,12.883512719498077,28.0
80.25059356226478,12.883668972834991,3.0
79.98897950723695,12.8836909592902,41.0
80.05850161319371,12.88378928541822,24.0
80.1608377127106,12.88389030064168,12.0
80.08155362440351,12.884087999203784,34.0
80.22604923296625,12.884101948296909,3.0
79.91169381351345,12.88431252114874,65.0
79.81427822613473,12.884486479398284,67.0
79.97714919558938,12.88471071129418,41.0
79.75,12.885000000000021,132.5
79.755,12.885000000000021,122.7
79.75999999999999,12.885000000000021,139.3
79.76499999999999,12.885000000000021,125.0
79.76999999999998,12.885000000000021,133.1
79.77499999999998,12.885000000000021,128.8
79.77999999999997,12.885000000000021,123.6
79.78499999999997,12.885000000000021,133.6
79.78999999999996,12.885000000000021,123.7
79.79499999999996,12.885000000000021,118.0
79.79999999999995,12.885000000000021,125.9
79.84499999999991,12.885000000000021,109.6
79.84999999999991,12.885000000000021,119.0
79.88499999999988,12.885000000000021,114.7
79.89499999999987,12.885000000000021,108.0
79.90499999999986,12.885000000000021,110.0
79.9649999999998,12.885000000000021,88.3
79.97999999999979,12.885000000000021,84.3
79.98999999999978,12.885000000000021,73.8
80.1899999999996,12.885000000000021,21.4
80.21499999999958,12.885000000000021,29.5
80.24499999999955,12.885000000000021,4.3
80.24999999999955,12.885000000000021,11.9
80.25999999999954,12.885000000000021,-2.0
80.28499999999951,12.885000000000021,5.7
80.31499999999949,12.885000000000021,-2.0
80.33999999999946,12.885000000000021,6.3
80.34499999999946,12.885000000000021,-1.1
80.34999999999945,12.885000000000021,-2.0
80.35499999999945,12.885000000000021,2.9
80.35999999999945,12.885000000000021,5.8
80.36499999999944,12.885000000000021,1.1
80.36999999999944,12.885000000000021,9.0
80.37499999999943,12.885000000000021,8.0
80.37999999999943,12.885000000000021,-2.0
80.38499999999942,12.885000000000021,2.8
80.38999999999942,12.885000000000021,2.8
80.39499999999941,12.885000000000021,2.4
80.39999999999941,12.885000000000021,5.6
80.4049999999994,12.885000000000021,-2.0
80.4099999999994,12.885000000000021,-2.0
80.4149999999994,12.885000000000021,-2.0
80.41999999999939,12.885000000000021,5.3
80.42499999999939,12.885000000000021,-1.0
80.42999999999938,12.885000000000021,4.2
80.43499999999938,12.885000000000021,-2.0
80.43999999999937,12.885000000000021,3.0
80.44499999999937,12.885000000000021,2.3
80.44999999999936,12.885000000000021,-0.5
79.86667492553072,12.885085508314056,65.0
80.02913061800386,12.88517264096437,31.0
80.05081902353274,12.885206238756496,26.0
80.09265247292232,12.885251885666303,43.0
79.80824400242611,12.8853693011773,68.0
79.94189904861982,12.88548812813574,43.0
80.14818523613442,12.88580331648036,20.0
80.11093273329594,12.886199337887051,25.0
80.04305252375272,12.886304876614282,25.0
80.05685101897446,12.886334605007086,21.0
79.84014265122862,12.88649303085752,58.0
79.84802790168827,12.886519899129445,56.0
80.1580154836319,12.886542263877768,12.0
79.91269738320358,12.886714745456592,64.0
80.03649776492465,12.88684897243213,33.0
80.20134391066975,12.887046082522929,5.0
79.88155745067841,12.887272901710956,64.0
79.94449594336112,12.88728190722536,40.0
80.10056820479532,12.887358166459446,34.0
79.98461083858909,12.887499265166994,43.0
80.10782708752932,12.887504952213428,25.0
79.80661805799015,12.887619630648675,65.0
80.19723256432046,12.887704779428791,12.0
80.15147853661509,12.88782993623042,15.0
79.8049750874508,12.887931966721045,67.0
80.08788464181012,12.888036857457958,96.0
79.80724887792431,12.88821776301816,64.0
79.94872998563312,12.888454072897115,45.0
79.92224661989678,12.888596497282569,52.0
79.93616239713943,12.888979816632812,46.0
80.17704049951126,12.889085098955723,10.0
80.23155289105812,12.889233345735873,10.0
80.04246268216495,12.8893679252768,28.0
80.08055414435735,12.889420284608905,33.0
80.02871890644987,12.889479100277576,35.0
79.80189541880537,12.889568569763078,67.0
80.09454352505504,12.889674009152312,49.0
79.99258273664753,12.889902670263536,42.0
79.75,12.890000000000022,133.9
79.755,12.890000000000022,124.8
79.75999999999999,12.890000000000022,134.5
79.76499999999999,12.890000000000022,130.6
79.76999999999998,12.890000000000022,125.6
79.77499999999998,12.890000000000022,119.1
79.77999999999997,12.890000000000022,128.9
79.78499999999997,12.890000000000022,125.0
79.78999999999996,12.890000000000022,120.9
79.79499999999996,12.890000000000022,126.8
79.79999999999995,12.890000000000022,132.9
79.8649999999999,12.890000000000022,116.0
79.87499999999989,12.890000000000022,101.2
79.90499999999986,12.890000000000022,107.4
79.93999999999983,12.890000000000022,86.5
80.12499999999966,12.890000000000022,49.4
80.14499999999964,12.890000000000022,49.3
80.17499999999961,12.890000000000022,24.8
80.2949999999995,12.890000000000022,-0.7
80.33999999999946,12.890000000000022,2.1
80.34499999999946,12.890000000000022,-2.0
80.34999999999945,12.890000000000022,-0.5
80.35499999999945,12.890000000000022,2.6
80.35999999999945,12.890000000000022,2.0
80.36499999999944,12.890000000000022,7.1
80.36999999999944,12.890000000000022,-0.9
80.37499999999943,12.890000000000022,3.7
80.37999999999943,12.890000000000022,-2.0
80.38499999999942,12.890000000000022,-2.0
80.38999999999942,12.890000000000022,0.1
80.39499999999941,12.890000000000022,6.7
80.39999999999941,12.890000000000022,9.9
80.4049999999994,12.890000000000022,-2.0
80.4099999999994,12.890000000000022,1.1
80.4149999999994,12.890000000000022,3.7
80.41999999999939,12.890000000000022,-1.5
80.42499999999939,12.890000000000022,3.9
80.42999999999938,12.890000000000022,3.6
80.43499999999938,12.890000000000022,10.2
80.43999999999937,12.890000000000022,0.6
80.44499999999937,12.890000000000022,2.2
80.44999999999936,12.890000000000022,5.1
80.07840543077778,12.89034326216862,25.0
80.1762441688844,12.890352381682256,10.0
79.84846530630728,12.890441031176634,62.0
80.1289087519215,12.890507364908968,17.0
79.86855462115997,12.891039343030368,66.0
79.8178566553854,12.89104354881075,64.0
80.16956828637808,12.891137749729053,9.0
80.09832377781291,12.891204185703389,52.0
80.09021272298703,12.891234948584271,135.0
79.91798852875627,12.891467012130784,61.0
80.19532051256988,12.891493114063891,8.0
80.0224270449781,12.891712982679492,39.0
80.01867802213275,12.891875182606174,36.0
79.90620582129041,12.8920700986527,60.0
80.17331582029158,12.8920926140358,9.0
80.22137222640903,12.892216648707878,1.0
79.99752604447528,12.892286177884031,42.0
80.08704116619705,12.892457663417826,41.0
80.20284522910953,12.892607114755569,1.0
79.86981365691588,12.892671502983813,63.0
80.14291199813238,12.892933113890216,20.0
79.89245438692143,12.893085717204016,71.0
79.95663554172835,12.89317697152716,37.0
79.89937485699933,12.893210686622972,62.0
79.93617057398028,12.893309979345654,46.0
80.04941740562128,12.89334572141315,21.0
79.93643090926065,12.893545698634664,45.0
80.04549467814893,12.894264681410029,23.0
80.09239368011362,12.894542401507168,54.0
80.23863436321007,12.894808139408358,-1.0
79.75,12.895000000000023,133.5
79.755,12.895000000000023,124.6
79.75999999999999,12.895000000000023,129.7
79.76499999999999,12.895000000000023,131.1
79.76999999999998,12.895000000000023,131.4
79.77499999999998,12.895000000000023,131.8
79.77999999999997,12.895000000000023,122.5
79.78499999999997,12.895000000000023,120.7
79.78999999999996,12.895000000000023,115.4
79.79499999999996,12.895000000000023,120.4
79.79999999999995,12.895000000000023,132.1
79.81499999999994,12.895000000000023,121.4
80.05499999999972,12.895000000000023,63.8
80.11499999999967,12.895000000000023,58.9
80.1949999999996,12.895000000000023,23.6
80.23499999999956,12.895000000000023,13.5
80.33999999999946,12.895000000000023,-2.0
80.34499999999946,12.895000000000023,6.8
80.34999999999945,12.895000000000023,-0.1
80.35499999999945,12.895000000000023,3.1
80.35999999999945,12.895000000000023,1.4
80.36499999999944,12.895000000000023,-2.0
80.36999999999944,12.895000000000023,-2.0
80.37499999999943,12.895000000000023,-2.0
80.37999999999943,12.895000000000023,0.7
80.38499999999942,12.895000000000023,0.5
80.38999999999942,12.895000000000023,2.3
80.39499999999941,12.895000000000023,2.1
80.39999999999941,12.895000000000023,-2.0
80.4049999999994,12.895000000000023,6.0
80.4099999999994,12.895000000000023,8.4
80.4149999999994,12.895000000000023,3.9
80.41999999999939,12.895000000000023,3.8
80.42499999999939,12.895000000000023,-2.0
80.42999999999938,12.895000000000023,-1.8
80.43499999999938,12.895000000000023,6.0
80.43999999999937,12.895000000000023,1.8
80.44499999999937,12.895000000000023,-2.0
80.44999999999936,12.895000000000023,7.9
80.13348101688777,12.895394455204,27.0
80.24662235306474,12.895615771425922,5.0
79.84619467198813,12.89586942498638,61.0
79.83690115331503,12.89606263401208,57.0
80.15528516117043,12.896126878698109,15.0
79.87408631074037,12.896135310303071,64.0
79.94635289121943,12.89620703312686,39.0
79.9365536145437,12.896396352788662,43.0
80.12587216779814,12.896523850574903,28.0
80.0433687124986,12.896530028910949,28.0
79.85605473909757,12.896596383058828,65.0
80.14877121124995,12.896682587990796,15.0
79.89634390320747,12.896799878627844,63.0
80.06012110039006,12.897228210166432,25.0
80.09436407539994,12.897794002740776,114.0
80.24432116659467,12.898337283521894,0.0
80.17548317554083,12.898445945276924,14.0
80.13002668525534,12.898482663010332,25.0
79.83024412221339,12.899085602561591,59.0
79.93915714797446,12.89919752001482,42.0
79.8503213506359,12.89927522118606,67.0
79.89928906928917,12.89937248569278,71.0
79.82030173083521,12.89941778409299,61.0
79.9425057465799,12.899517023971631,40.0
80.00796068499787,12.899660051984007,31.0
80.00052010409011,12.899722946208344,38.0
79.84818957897913,12.899742450358524,70.0
80.00817212312738,12.89976875659974,31.0
80.06925260965158,12.899774483184936,27.0
79.92504518055182,12.899984159976489,48.0
79.75,12.900000000000023,129.8
79.755,12.900000000000023,135.0
79.75999999999999,12.900000000000023,134.4
79.76499999999999,12.900000000000023,129.8
79.76999999999998,12.900000000000023,129.0
79.77499999999998,12.900000000000023,136.3
79.77999999999997,12.900000000000023,120.2
79.78499999999997,12.900000000000023,132.7
79.78999999999996,12.900000000000023,128.5
79.79499999999996,12.900000000000023,129.1
79.79999999999995,12.900000000000023,122.3
79.84999999999991,12.900000000000023,110.6
79.97999999999979,12.900000000000023,100.2
79.98499999999979,12.900000000000023,107.8
79.99999999999977,12.900000000000023,99.1
80.01499999999976,12.900000000000023,97.8
80.03499999999974,12.900000000000023,95.0
80.05999999999972,12.900000000000023,89.7
80.15999999999963,12.900000000000023,39.4
80.21999999999957,12.900000000000023,15.4
80.22999999999956,12.900000000000023,15.3
80.25499999999954,12.900000000000023,2.2
80.2999999999995,12.900000000000023,6.6
80.30999999999949,12.900000000000023,0.0
80.32999999999947,12.900000000000023,-0.9
80.33999999999946,12.900000000000023,6.6
80.34499999999946,12.900000000000023,-2.0
80.34999999999945,12.900000000000023,6.6
80.35499999999945,12.900000000000023,6.4
80.35999999999945,12.900000000000023,-1.2
80.36499999999944,12.900000000000023,9.6
80.36999999999944,12.900000000000023,2.1
80.37499999999943,12.900000000000023,-0.2
80.37999999999943,12.900000000000023,1.6
80.38499999999942,12.900000000000023,6.5
80.38999999999942,12.900000000000023,-2.0
80.39499999999941,12.900000000000023,-1.2
80.39999999999941,12.900000000000023,4.3
80.4049999999994,12.900000000000023,5.9
80.4099999999994,12.900000000000023,9.3
80.4149999999994,12.900000000000023,6.1
80.41999999999939,12.900000000000023,-0.5
80.42499999999939,12.900000000000023,-2.0
80.42999999999938,12.900000000000023,2.5
80.43499999999938,12.900000000000023,1.1
80.43999999999937,12.900000000000023,7.3
80.44499999999937,12.900000000000023,1.7
80.44999999999936,12.900000000000023,6.2
80.05185067824004,12.900122907700716,19.0
80.12884591803679,12.900294940916949,24.0
79.87572094014514,12.900318920208038,66.0
80.12295593548114,12.90054600380462,23.0
80.20536781110088,12.900621323585137,2.0
79.95568233003921,12.900840466732577,35.0
80.1341345568272,12.901057919001952,21.0
79.80247087448222,12.901076695161285,66.0
80.01279058001266,12.90120606332001,32.0
79.84371526288778,12.901258260367426,71.0
80.06218201014863,12.901283376565766,19.0
80.0218136037935,12.901355780801865,29.0
80.06340660725384,12.901385090579396,22.0
79.84501424299327,12.901882522775573,73.0
80.23757605295015,12.901892798493067,-1.0
79.80523820760091,12.902804365768656,65.0
80.20093978520282,12.9032020232573,6.0
80.07165314350812,12.90321587757448,23.0
80.01145685534392,12.903329696801284,30.0
79.80130685705136,12.903347244890888,67.0
79.87895075230293,12.903398675071667,70.0
80.12209913100958,12.903788998523352,27.0
80.00210293419643,12.903976857285846,36.0
80.19973101083221,12.904200234990643,3.0
79.99816101234131,12.904227030839522,35.0
80.23799839968007,12.90424476287258,-1.0
80.21471554576695,12.904583739758383,0.0
79.9922279814781,12.904664949976452,35.0
80.2009134991374,12.904681733017522,7.0
80.17331199232842,12.904841460274712,10.0
79.75,12.905000000000024,135.8
79.755,12.905000000000024,129.5
79.75999999999999,12.905000000000024,128.6
79.76499999999999,12.905000000000024,136.9
79.76999999999998,12.905000000000024,124.8
79.77499999999998,12.905000000000024,128.6
79.77999999999997,12.905000000000024,128.9
79.78499999999997,12.905000000000024,126.9
79.78999999999996,12.905000000000024,132.1
79.79499999999996,12.905000000000024,130.0
79.79999999999995,12.905000000000024,123.9
79.83499999999992,12.905000000000024,118.3
79.93999999999983,12.905000000000024,96.7
79.94999999999982,12.905000000000024,89.1
80.01999999999975,12.905000000000024,93.3
80.05499999999972,12.905000000000024,86.7
80.0749999999997,12.905000000000024,90.3
80.0799999999997,12.905000000000024,85.0
80.09499999999969,12.905000000000024,74.3
80.14499999999964,12.905000000000024,73.1
80.19999999999959,12.905000000000024,15.0
80.2949999999995,12.905000000000024,6.2
80.31999999999948,12.905000000000024,-0.1
80.33999999999946,12.905000000000024,-2.0
80.34499999999946,12.905000000000024,-0.9
80.34999999999945,12.905000000000024,0.9
80.35499999999945,12.905000000000024,-1.8
80.35999999999945,12.905000000000024,-2.0
80.36499999999944,12.905000000000024,-2.0
80.36999999999944,12.905000000000024,5.3
80.37499999999943,12.905000000000024,11.6
80.37999999999943,12.905000000000024,1.8
80.38499999999942,12.905000000000024,6.7
80.38999999999942,12.905000000000024,3.4
80.39499999999941,12.905000000000024,-1.5
80.39999999999941,12.905000000000024,0.7
80.4049999999994,12.905000000000024,-2.0
80.4099999999994,12.905000000000024,1.8
80.4149999999994,12.905000000000024,1.8
80.41999999999939,12.905000000000024,5.5
80.42499999999939,12.905000000000024,0.1
80.42999999999938,12.905000000000024,9.6
80.43499999999938,12.905000000000024,9.0
80.43999999999937,12.905000000000024,1.5
80.44499999999937,12.905000000000024,-0.3
80.44999999999936,12.905000000000024,0.8
79.97153736515813,12.905003139195388,33.0
80.1084240012202,12.90508539892994,23.0
79.91481107810287,12.905570195791768,58.0
80.24181239310424,12.905597360842949,-1.0
80.06496782897362,12.905934815955725,17.0
79.87987907214365,12.906226946860324,72.0
80.13263077832517,12.906269915078518,31.0
80.14428149167605,12.90650839495511,26.0
80.0529260368232,12.906664520719906,16.0
80.11894258048595,12.906816014839768,34.0
79.93911387176972,12.906861908914522,42.0
79.90626612119051,12.906944682985916,62.0
80.05726027629079,12.907041806717553,16.0
79.97877792512492,12.907112448725988,31.0
80.00865992910144,12.907227508695115,34.0
80.09636945151658,12.9074427167905,26.0
79.97632981221498,12.907673797745106,32.0
79.84624333629719,12.907876938616113,69.0
79.84598820947961,12.90875271901375,69.0
79.94220936769304,12.90880134172698,45.0
79.86785718944067,12.90895823281528,62.0
80.08582163278135,12.908967260209009,20.0
80.19703305412423,12.909168553362797,10.0
80.21511300099044,12.90922464171454,1.0
80.05679979895554,12.909228815785928,15.0
80.21773973045171,12.90922932774026,1.0
80.15085305743963,12.90931416397516,25.0
80.08215550174623,12.909511646794432,24.0
80.02017647621149,12.909903685974466,32.0
79.75,12.910000000000025,131.6
79.755,12.910000000000025,133.2
79.75999999999999,12.910000000000025,138.7
79.76499999999999,12.910000000000025,135.6
79.76999999999998,12.910000000000025,130.2
79.77499999999998,12.910000000000025,127.6
79.77999999999997,12.910000000000025,128.1
79.78499999999997,12.910000000000025,125.7
79.78999999999996,12.910000000000025,126.0
79.79499999999996,12.910000000000025,131.0
79.79999999999995,12.910000000000025,133.3
79.80499999999995,12.910000000000025,125.8
79.92499999999984,12.910000000000025,92.2
79.9749999999998,12.910000000000025,102.8
80.03499999999974,12.910000000000025,97.5
80.04499999999973,12.910000000000025,97.8
80.12999999999965,12.910000000000025,68.1
80.1849999999996,12.910000000000025,31.1
80.19999999999959,12.910000000000025,27.9
80.3049999999995,12.910000000000025,-2.0
80.31499999999949,12.910000000000025,8.4
80.33999999999946,12.910000000000025,-0.6
80.34499999999946,12.910000000000025,2.9
80.34999999999945,12.910000000000025,4.7
80.35499999999945,12.910000000000025,-2.0
80.35999999999945,12.910000000000025,-0.1
80.36499999999944,12.910000000000025,4.8
80.36999999999944,12.910000000000025,-2.0
80.37499999999943,12.910000000000025,5.6
80.37999999999943,12.910000000000025,-0.7
80.38499999999942,12.910000000000025,7.4
80.38999999999942,12.910000000000025,-2.0
80.39499999999941,12.910000000000025,-1.9
80.39999999999941,12.910000000000025,17.9
80.4049999999994,12.910000000000025,10.2
80.4099999999994,12.910000000000025,5.1
80.4149999999994,12.910000000000025,-2.0
80.41999999999939,12.910000000000025,4.9
80.42499999999939,12.910000000000025,3.4
80.42999999999938,12.910000000000025,1.3
80.43499999999938,12.910000000000025,3.0
80.43999999999937,12.910000000000025,14.1
80.44499999999937,12.910000000000025,4.2
80.44999999999936,12.910000000000025,10.3
80.1889068883274,12.910215849782515,12.0
80.13894624202558,12.910272927641564,20.0
80.22268912227311,12.910502524554076,-1.0
80.06362424669578,12.91071638318462,17.0
80.23029494613127,12.910724733943248,6.0
80.01044432766253,12.911205182661172,38.0
80.01759880184986,12.91140485568837,35.0
79.9989842899709,12.911747709055788,27.0
79.85085507807261,12.91175650426247,74.0
80.02361089411693,12.91209138931218,34.0
79.85587750777938,12.912240530322324,80.0
80.21850241495494,12.912242863707853,0.0
79.99735722787426,12.91227610560764,33.0
80.22066042009047,12.91235651048485,0.0
79.93833786264038,12.913032454400872,49.0
79.82277280568245,12.913043688936568,61.0
80.07820881292137,12.913185836826084,16.0
80.20152760657894,12.9132862557815,7.0
80.24229777273914,12.91343217323142,-2.0
80.05143356425322,12.913452948992347,16.0
80.04399411940831,12.913471739097274,19.0
79.86241985892946,12.913552180169134,78.0
79.84590192265661,12.913620392058553,68.0
80.01476923969535,12.913716645815205,115.0
79.91893062203258,12.913854754416224,57.0
80.24043672711662,12.914040137517718,0.0
80.12040241565543,12.914396408547232,33.0
79.8500813947009,12.914455249431988,74.0
79.97678502824795,12.91472607441466,30.0
79.85149757067579,12.914950557079084,77.0
79.75,12.915000000000026,134.2
79.755,12.915000000000026,135.1
79.75999999999999,12.915000000000026,133.9
79.76499999999999,12.915000000000026,128.2
79.76999999999998,12.915000000000026,129.7
79.77499999999998,12.915000000000026,128.2
79.77999999999997,12.915000000000026,135.2
79.78499999999997,12.915000000000026,130.7
79.78999999999996,12.915000000000026,120.9
79.79499999999996,12.915000000000026,129.5
79.79999999999995,12.915000000000026,125.4
79.91499999999985,12.915000000000026,105.4
80.03999999999974,12.915000000000026,87.3
80.0849999999997,12.915000000000026,91.3
80.15499999999963,12.915000000000026,29.2
80.21999999999957,12.915000000000026,17.0
80.27499999999952,12.915000000000026,2.4
80.33999999999946,12.915000000000026,8.6
80.34499999999946,12.915000000000026,5.8
80.34999999999945,12.915000000000026,7.4
80.35499999999945,12.915000000000026,-0.7
80.35999999999945,12.915000000000026,-2.0
80.36499999999944,12.915000000000026,10.4
80.36999999999944,12.915000000000026,0.5
80.37499999999943,12.915000000000026,1.3
80.37999999999943,12.915000000000026,3.5
80.38499999999942,12.915000000000026,0.1
80.38999999999942,12.915000000000026,1.7
80.39499999999941,12.915000000000026,0.5
80.39999999999941,12.915000000000026,4.5
80.4049999999994,12.915000000000026,-0.7
80.4099999999994,12.915000000000026,-2.0
80.4149999999994,12.915000000000026,-2.0
80.41999999999939,12.915000000000026,-2.0
80.42499999999939,12.915000000000026,0.1
80.42999999999938,12.915000000000026,-2.0
80.43499999999938,12.915000000000026,-2.0
80.43999999999937,12.915000000000026,0.0
80.44499999999937,12.915000000000026,2.8
80.44999999999936,12.915000000000026,-2.0
79.89094943124314,12.91506768382169,71.0
80.01896945013273,12.915827532990788,32.0
79.83865035838052,12.915838977344174,77.0
80.24778770468853,12.915910904618778,1.0
79.85808917340762,12.915979538088662,79.0
80.02099056945785,12.916056590717616,31.0
79.89594115364301,12.916241435910624,71.0
80.08471483787123,12.916506882390228,23.0
80.22824030406073,12.916608682658332,-2.0
79.80572818060922,12.916667358564927,63.0
80.23078915036353,12.916791891687538,5.0
79.92235425519918,12.91686815242092,58.0
79.86813973972762,12.916914075355468,68.0
80.18818140083769,12.917001507940496,14.0
79.80029152791116,12.917073038553694,65.0
80.24038496765803,12.91708539944512,-1.0
80.10607929221266,12.91746438385108,27.0
80.0941639375173,12.917465325061729,18.0
80.08948621717298,12.917575843235957,17.0
80.12941087478094,12.917612233992264,32.0
80.03989570730212,12.918166486484298,23.0
80.06273463177503,12.918238525478616,15.0
80.19296066539714,12.918394248325102,19.0
80.16528880188923,12.918677197024884,16.0
80.23076651102636,12.918840844903048,8.0
80.01713454712322,12.91888956807582,32.0
79.86529462810388,12.919196499924182,72.0
80.15437367566024,12.919446773798564,18.0
79.81529189993098,12.91954030300637,61.0
79.80391567343415,12.919555336236227,65.0
79.84243433955893,12.919736368415952,75.0
79.75,12.920000000000027,132.7
79.755,12.920000000000027,132.4
79.75999999999999,12.920000000000027,134.2
79.76499999999999,12.920000000000027,135.2
79.76999999999998,12.920000000000027,133.2
79.77499999999998,12.920000000000027,124.4
79.77999999999997,12.920000000000027,134.0
79.78499999999997,12.920000000000027,123.2
79.78999999999996,12.920000000000027,120.9
79.79499999999996,12.920000000000027,129.4
79.79999999999995,12.920000000000027,133.6
79.8549999999999,12.920000000000027,111.8
79.90999999999985,12.920000000000027,100.2
79.92999999999984,12.920000000000027,93.1
80.01999999999975,12.920000000000027,92.9
80.03499999999974,12.920000000000027,97.6
80.06999999999971,12.920000000000027,94.1
80.10499999999968,12.920000000000027,77.2
80.24499999999955,12.920000000000027,9.4
80.25499999999954,12.920000000000027,2.8
80.33999999999946,12.920000000000027,-2.0
80.34499999999946,12.920000000000027,3.4
80.34999999999945,12.920000000000027,8.4
80.35499999999945,12.920000000000027,0.1
80.35999999999945,12.920000000000027,2.3
80.36499999999944,12.920000000000027,3.6
80.36999999999944,12.920000000000027,9.4
80.37499999999943,12.920000000000027,3.5
80.37999999999943,12.920000000000027,5.6
80.38499999999942,12.920000000000027,-2.0
80.38999999999942,12.920000000000027,-2.0
80.39499999999941,12.920000000000027,1.3
80.39999999999941,12.920000000000027,-2.0
80.4049999999994,12.920000000000027,10.4
80.4099999999994,12.920000000000027,1.7
80.4149999999994,12.920000000000027,5.4
80.41999999999939,12.920000000000027,0.4
80.42499999999939,12.920000000000027,10.1
80.42999999999938,12.920000000000027,-2.0
80.43499999999938,12.920000000000027,5.2
80.43999999999937,12.920000000000027,6.1
80.44499999999937,12.920000000000027,-2.0
80.44999999999936,12.920000000000027,5.9
79.96944944546226,12.920017314149428,40.0
79.84856511307754,12.920343318471566,71.0
80.0274770378242,12.920396222758733,24.0
80.080832073871,12.920417608434676,19.0
79.95087505444042,12.920692877507602,44.0
80.12241449431357,12.92079633385342,41.0
79.84889915656893,12.9207970369299,71.0
79.89023555580924,12.921050098264809,74.0
80.05651754491892,12.921992546541754,15.0
80.15782553994168,12.92222255654264,21.0
80.00812021160624,12.922359783770965,56.0
79.93871354541861,12.922369006587804,48.0
80.02393686165374,12.922386567883828,25.0
80.11566368353853,12.922752020026907,30.0
79.94030028774277,12.92296262848555,43.0
80.02116314637618,12.922977720653732,26.0
80.19663040680996,12.923198567297325,13.0
80.03723724424094,12.923227200775743,20.0
80.20155467683874,12.923291974679035,12.0
79.8196380404342,12.92423236863197,62.0
79.97895468855852,12.924255909217068,34.0
80.15667461457001,12.924264715430107,21.0
79.81142516779236,12.924517901867908,64.0
80.16936351042705,12.9245755543034,18.0
80.24602373320933,12.924630683252223,0.0
79.82848415389958,12.924676552890892,64.0
80.23924351818327,12.92476708389445,1.0
80.1827418437053,12.924787181927726,18.0
79.87936613822895,12.924791036058163,78.0
80.05865820180644,12.92484054322438,15.0
79.93165673585996,12.92498079946942,45.0
79.75,12.925000000000027,132.4
79.755,12.925000000000027,137.5
79.75999999999999,12.925000000000027,131.0
79.76499999999999,12.925000000000027,132.0
79.76999999999998,12.925000000000027,127.5
79.77499999999998,12.925000000000027,124.7
79.77999999999997,12.925000000000027,125.2
79.78499999999997,12.925000000000027,128.5
79.78999999999996,12.925000000000027,123.3
79.79499999999996,12.925000000000027,125.4
79.79999999999995,12.925000000000027,124.5
79.91499999999985,12.925000000000027,102.4
79.93999999999983,12.925000000000027,99.5
79.9749999999998,12.925000000000027,111.0
80.05999999999972,12.925000000000027,87.0
80.09499999999969,12.925000000000027,80.9
80.10499999999968,12.925000000000027,74.2
80.16999999999962,12.925000000000027,30.8
80.20999999999958,12.925000000000027,22.9
80.22999999999956,12.925000000000027,17.0
80.27499999999952,12.925000000000027,-2.0
80.27999999999952,12.925000000000027,2.9
80.28499999999951,12.925000000000027,6.1
80.30999999999949,12.925000000000027,8.3
80.33999999999946,12.925000000000027,-2.0
80.34499999999946,12.925000000000027,9.0
80.34999999999945,12.925000000000027,4.3
80.35499999999945,12.925000000000027,9.7
80.35999999999945,12.925000000000027,-0.3
80.36499999999944,12.925000000000027,1.7
80.36999999999944,12.925000000000027,7.2
80.37499999999943,12.925000000000027,-0.2
80.37999999999943,12.925000000000027,3.1
80.38499999999942,12.925000000000027,11.9
80.38999999999942,12.925000000000027,6.9
80.39499999999941,12.925000000000027,5.9
80.39999999999941,12.925000000000027,4.6
80.4049999999994,12.925000000000027,-0.8
80.4099999999994,12.925000000000027,8.8
80.4149999999994,12.925000000000027,-1.8
80.41999999999939,12.925000000000027,6.5
80.42499999999939,12.925000000000027,2.9
80.42999999999938,12.925000000000027,3.6
80.43499999999938,12.925000000000027,5.1
80.43999999999937,12.925000000000027,-1.8
80.44499999999937,12.925000000000027,6.4
80.44999999999936,12.925000000000027,2.8
79.86915039760103,12.925010840266628,75.0
79.89732494584887,12.925084632485946,66.0
80.21822538418027,12.925088911523058,-1.0
80.19163912225771,12.925107194149806,12.0
79.88479256355804,12.925214099994148,68.0
80.1309035293458,12.9256872241921,35.0
80.02842288799766,12.925782394069913,23.0
80.02623360299944,12.925976199108709,27.0
80.04959323721404,12.926065407704083,18.0
79.85166217171815,12.926304370384008,71.0
79.87344111158288,12.926380410438686,71.0
80.01073379178294,12.926505192580906,31.0
79.94237849179912,12.92683778597637,43.0
80.16645049657659,12.9268647015587,20.0
79.96885595139766,12.927116443923088,37.0
80.17123559264135,12.927117992982694,27.0
80.15782188625411,12.927118446140328,19.0
80.16891893480637,12.927256116944646,21.0
80.11261317458316,12.927365138297414,35.0
80.08267958142912,12.927664238799093,15.0
80.23792395708135,12.927780640287494,3.0
80.17484770320532,12.927936712603382,27.0
80.10901971986884,12.928010862217798,34.0
80.22005639868766,12.928011499147836,-2.0
80.1255715960596,12.928091031182172,34.0
80.06103948785888,12.928101561090935,15.0
80.2028052743469,12.92827314590342,13.0
80.15305966304848,12.929159535427384,21.0
80.13143887473613,12.92929367669171,32.0
79.87357820516257,12.929409248898068,77.0
79.75,12.930000000000028,138.5
79.755,12.930000000000028,131.7
79.75999999999999,12.930000000000028,126.2
79.76499999999999,12.930000000000028,129.6
79.76999999999998,12.930000000000028,127.9
79.77499999999998,12.930000000000028,129.9
79.77999999999997,12.930000000000028,131.4
79.78499999999997,12.930000000000028,123.2
79.78999999999996,12.930000000000028,122.8
79.79499999999996,12.930000000000028,128.7
79.79999999999995,12.930000000000028,133.7
79.91499999999985,12.930000000000028,102.2
79.91999999999985,12.930000000000028,92.7
79.92999999999984,12.930000000000028,98.6
79.95499999999981,12.930000000000028,107.1
80.01999999999975,12.930000000000028,92.1
80.04999999999973,12.930000000000028,85.1
80.11999999999966,12.930000000000028,69.3
80.13999999999965,12.930000000000028,66.1
80.1899999999996,12.930000000000028,23.2
80.22999999999956,12.930000000000028,16.0
80.3049999999995,12.930000000000028,3.8
80.33999999999946,12.930000000000028,4.3
80.34499999999946,12.930000000000028,1.0
80.34999999999945,12.930000000000028,3.8
80.35499999999945,12.930000000000028,3.2
80.35999999999945,12.930000000000028,-2.0
80.36499999999944,12.930000000000028,-1.2
80.36999999999944,12.930000000000028,8.2
80.37499999999943,12.930000000000028,2.6
80.37999999999943,12.930000000000028,1.9
80.38499999999942,12.930000000000028,0.4
80.38999999999942,12.930000000000028,0.1
80.39499999999941,12.930000000000028,-0.4
80.39999999999941,12.930000000000028,-2.0
80.4049999999994,12.930000000000028,6.4
80.4099999999994,12.930000000000028,-2.0
80.4149999999994,12.930000000000028,-1.3
80.41999999999939,12.930000000000028,1.5
80.42499999999939,12.930000000000028,2.5
80.42999999999938,12.930000000000028,-2.0
80.43499999999938,12.930000000000028,4.8
80.43999999999937,12.930000000000028,-0.7
80.44499999999937,12.930000000000028,4.7
80.44999999999936,12.930000000000028,1.3
79.93552995371896,12.930113587791253,44.0
79.95240739579629,12.930668345010956,36.0
80.02798834704123,12.930688103731354,20.0
79.87568055979199,12.930748329028024,84.0
79.82968733941365,12.930762226658867,69.0
79.82992080667513,12.93092151198711,72.0
80.08863922919151,12.93099690337166,15.0
80.243493142464,12.931045124256547,0.0
79.91950161131093,12.931507448429535,54.0
80.21858281909384,12.931535134992869,0.0
80.12391229341935,12.931535733620182,29.0
79.84475763223796,12.93159487330058,67.0
80.17121705665832,12.93166733610239,38.0
79.91252492623117,12.93167887416438,56.0
80.07601114971995,12.931765240633492,15.0
80.0173821591805,12.931836085639173,20.0
79.83338820197338,12.931855866082314,69.0
79.97061729573373,12.93196257038017,34.0
79.99321710343739,12.932090023510687,26.0
79.84209541006094,12.932129459192474,71.0
80.19141392515934,12.9321420695038,7.0
79.93959170831336,12.932302094718487,40.0
80.1536283218956,12.932318672243456,15.0
80.17961635082051,12.932330758123216,18.0
79.83866623580565,12.93233187344175,74.0
79.91468250699545,12.93243145047411,59.0
80.23555133068963,12.93243738039838,5.0
79.83928338697613,12.932523067299057,74.0
79.87937846671836,12.932732496260922,75.0
80.22514843778328,12.932812717689751,0.0
79.99368574345777,12.9329724944402,26.0
80.21724661972804,12.932975160492834,0.0
79.95648338640295,12.933233377517064,37.0
79.8271934920319,12.93324940138588,68.0
79.82466814682186,12.933398860366175,66.0
80.24508433319276,12.933566533058064,-2.0
80.08045481311564,12.933960233258125,16.0
80.04514643932656,12.934026328197357,20.0
80.25305920149741,12.93417644934052,10.0
80.02720328201868,12.934255593220866,18.0
80.23085138806697,12.934378024083404,3.0
79.88932117234903,12.934380628277705,63.0
80.10366112034468,12.934528053397583,25.0
79.82292190532495,12.934689505935992,62.0
80.01901098364797,12.934736729363548,19.0
80.00716891521303,12.934807745785305,24.0
79.75,12.935000000000029,142.0
79.755,12.935000000000029,131.5
79.75999999999999,12.935000000000029,128.3
79.76499999999999,12.935000000000029,129.8
79.76999999999998,12.935000000000029,129.4
79.77499999999998,12.935000000000029,134.6
79.77999999999997,12.935000000000029,126.9
79.78499999999997,12.935000000000029,127.5
79.78999999999996,12.935000000000029,132.7
79.79499999999996,12.935000000000029,134.0
79.79999999999995,12.935000000000029,127.1
79.81499999999994,12.935000000000029,117.8
79.9649999999998,12.935000000000029,101.9
79.99499999999978,12.935000000000029,103.8
80.03999999999974,12.935000000000029,90.0
80.09499999999969,12.935000000000029,82.6
80.25499999999954,12.935000000000029,4.7
80.27499999999952,12.935000000000029,8.6
80.31499999999949,12.935000000000029,4.6
80.32499999999948,12.935000000000029,3.6
80.33999999999946,12.935000000000029,8.8
80.34499999999946,12.935000000000029,5.5
80.34999999999945,12.935000000000029,-0.7
80.35499999999945,12.935000000000029,0.5
80.35999999999945,12.935000000000029,3.9
80.36499999999944,12.935000000000029,0.8
80.36999999999944,12.935000000000029,-2.0
80.37499999999943,12.935000000000029,3.6
80.37999999999943,12.935000000000029,3.1
80.38499999999942,12.935000000000029,2.5
80.38999999999942,12.935000000000029,0.0
80.39499999999941,12.935000000000029,7.1
80.39999999999941,12.935000000000029,3.6
80.4049999999994,12.935000000000029,-2.0
80.4099999999994,12.935000000000029,-2.0
80.4149999999994,12.935000000000029,5.0
80.41999999999939,12.935000000000029,1.6
80.42499999999939,12.935000000000029,13.2
80.42999999999938,12.935000000000029,-2.0
80.43499999999938,12.935000000000029,4.4
80.43999999999937,12.935000000000029,2.0
80.44499999999937,12.935000000000029,-2.0
80.44999999999936,12.935000000000029,2.9
80.1777374079725,12.93542974230344,13.0
80.21876790491191,12.935686041777831,1.0
80.22693249731283,12.935981428623142,-1.0
80.22979141259228,12.9366788838536,-2.0
80.09128186154742,12.936957216926588,16.0
79.81766643401694,12.937376073548789,65.0
79.82313975644114,12.93750567876698,65.0
80.07419631998987,12.937713396438772,16.0
80.14166578347415,12.937794886875135,25.0
79.81273299381645,12.938295833094315,65.0
80.00131367086973,12.938325319274847,26.0
80.01471991413773,12.938595568702782,23.0
79.90928628889608,12.938840425739382,52.0
79.96451739868374,12.939032684825502,32.0
80.05546888002944,12.939099244485543,23.0
79.9338725777634,12.939131642448285,42.0
80.22399916121334,12.939595922242962,-2.0
80.11307029727956,12.93976301587576,24.0
80.24929851029735,12.939837104526044,0.0
80.19399667362356,12.939921277519744,7.0
80.13330447894292,12.939923746878218,31.0
79.82805605571534,12.939950900370285,67.0
79.75,12.94000000000003,129.7
79.755,12.94000000000003,126.8
79.75999999999999,12.94000000000003,132.9
79.76499999999999,12.94000000000003,128.9
79.76999999999998,12.94000000000003,126.8
79.77499999999998,12.94000000000003,128.0
79.77999999999997,12.94000000000003,132.2
79.78499999999997,12.94000000000003,126.9
79.78999999999996,12.94000000000003,124.5
79.79499999999996,12.94000000000003,128.3
79.79999999999995,12.94000000000003,123.6
79.81499999999994,12.94000000000003,128.2
79.81999999999994,12.94000000000003,114.8
79.83499999999992,12.94000000000003,119.1
79.86999999999989,12.94000000000003,110.7
79.88499999999988,12.94000000000003,98.7
79.88999999999987,12.94000000000003,110.3
79.95999999999981,12.94000000000003,96.5
80.02999999999975,12.94000000000003,85.7
80.0749999999997,12.94000000000003,84.2
80.0799999999997,12.94000000000003,75.5
80.12499999999966,12.94000000000003,75.7
80.15999999999963,12.94000000000003,43.1
80.16499999999962,12.94000000000003,23.3
80.24999999999955,12.94000000000003,9.9
80.28499999999951,12.94000000000003,2.1
80.3049999999995,12.94000000000003,-0.9
80.33999999999946,12.94000000000003,5.0
80.34499999999946,12.94000000000003,-1.3
80.34999999999945,12.94000000000003,0.5
80.35499999999945,12.94000000000003,-2.0
80.35999999999945,12.94000000000003,3.5
80.36499999999944,12.94000000000003,0.1
80.36999999999944,12.94000000000003,3.7
80.37499999999943,12.94000000000003,-0.0
80.37999999999943,12.94000000000003,1.9
80.38499999999942,12.94000000000003,3.9
80.38999999999942,12.94000000000003,8.8
80.39499999999941,12.94000000000003,7.0
80.39999999999941,12.94000000000003,2.6
80.4049999999994,12.94000000000003,-2.0
80.4099999999994,12.94000000000003,7.1
80.4149999999994,12.94000000000003,1.8
80.41999999999939,12.94000000000003,-1.4
80.42499999999939,12.94000000000003,-2.0
80.42999999999938,12.94000000000003,1.2
80.43499999999938,12.94000000000003,4.7
80.43999999999937,12.94000000000003,-2.0
80.44499999999937,12.94000000000003,7.1
80.44999999999936,12.94000000000003,0.7
79.85208912323324,12.940147736198796,82.0
80.24200396589887,12.940345873456026,1.0
80.07439307138414,12.940430282795566,20.0
80.16768156299476,12.940510089116092,10.0
79.82490748906733,12.94052860190338,65.0
79.93081912138486,12.940593015312905,44.0
79.9450478609789,12.94071883782727,42.0
80.01338078050796,12.941266107379365,25.0
80.13761739344203,12.94144433978161,29.0
80.21667754430038,12.941971020893424,0.0
80.11079190269878,12.942006835052997,22.0
80.04886665480416,12.942062641682496,25.0
80.19815421174474,12.942146562833742,3.0
80.12153433373597,12.942178494638702,25.0
80.1756956962567,12.942198668174468,9.0
80.06451906286483,12.942228678152611,19.0
80.1367467486462,12.94229134754644,26.0
80.04123072725007,12.942302784887,21.0
80.12419466072036,12.942427842735988,94.0
80.01015211925018,12.942633566216395,26.0
79.9934238172765,12.942836116262514,26.0
79.81221878627287,12.942945673918272,67.0
79.81486714067259,12.943102266833703,67.0
80.13640879517497,12.943247824321295,25.0
80.20518645937948,12.943277465528086,2.0
79.85750180545786,12.943357347613286,85.0
79.9399143762186,12.943704817926523,44.0
80.16502021210981,12.9440610163483,13.0
80.23031554573261,12.944499514798194,1.0
80.12119007008573,12.944696465135456,24.0
80.01044760358515,12.944823647470074,27.0
79.91118972150117,12.944878156241376,54.0
79.75,12.94500000000003,123.1
79.755,12.94500000000003,135.0
79.75999999999999,12.94500000000003,135.4
79.76499999999999,12.94500000000003,129.4
79.76999999999998,12.94500000000003,127.2
79.77499999999998,12.94500000000003,126.4
79.77999999999997,12.94500000000003,127.0
79.78499999999997,12.94500000000003,121.5
79.78999999999996,12.94500000000003,131.1
79.79499999999996,12.94500000000003,121.3
79.79999999999995,12.94500000000003,116.3
79.80499999999995,12.94500000000003,127.2
79.9699999999998,12.94500000000003,100.0
79.9749999999998,12.94500000000003,105.4
80.05999999999972,12.94500000000003,89.9
80.0749999999997,12.94500000000003,84.1
80.12499999999966,12.94500000000003,68.9
80.1849999999996,12.94500000000003,35.9
80.21999999999957,12.94500000000003,19.2
80.33999999999946,12.94500000000003,-0.8
80.34499999999946,12.94500000000003,9.8
80.34999999999945,12.94500000000003,-1.1
80.35499999999945,12.94500000000003,9.8
80.35999999999945,12.94500000000003,10.3
80.36499999999944,12.94500000000003,-2.0
80.36999999999944,12.94500000000003,-2.0
80.37499999999943,12.94500000000003,1.0
80.37999999999943,12.94500000000003,1.7
80.38499999999942,12.94500000000003,0.5
80.38999999999942,12.94500000000003,-1.0
80.39499999999941,12.94500000000003,3.6
80.39999999999941,12.94500000000003,5.1
80.4049999999994,12.94500000000003,-0.9
80.4099999999994,12.94500000000003,-2.0
80.4149999999994,12.94500000000003,2.6
80.41999999999939,12.94500000000003,4.7
80.42499999999939,12.94500000000003,8.6
80.42999999999938,12.94500000000003,-0.9
80.43499999999938,12.94500000000003,-2.0
80.43999999999937,12.94500000000003,3.6
80.44499999999937,12.94500000000003,-0.9
80.44999999999936,12.94500000000003,12.1
80.12639786882423,12.94506676694963,89.0
79.95417698029517,12.945351683097275,43.0
79.8884066041488,12.945637582140956,65.0
79.92980638353883,12.94567997879491,46.0
80.21860019702672,12.945746139771902,0.0
79.90334399763118,12.945928415155809,64.0
79.8550762029374,12.946036786422091,85.0
79.9172938755196,12.946145066793433,51.0
79.96356858887322,12.946279603392666,38.0
79.94163647770924,12.946469507374632,50.0
80.25739944824589,12.946612354017256,7.0
80.21580479707028,12.946632242685483,0.0
80.01389775471881,12.946846058241936,26.0
80.03249525558968,12.94695185243455,17.0
80.11770927106801,12.94715380281524,23.0
79.99070578229913,12.947410165338704,27.0
80.23926387658743,12.94769211778932,5.0
80.02726853689151,12.947692870606772,17.0
80.2400111767303,12.94793515527902,6.0
80.08466434070498,12.948008973519082,14.0
80.19917515361618,12.948025673299336,4.0
79.8557037348072,12.94830045334342,88.0
79.91793884676034,12.948395108987654,54.0
79.8332335308695,12.948499755147967,74.0
79.8960699968457,12.948606765455454,62.0
80.25159208409839,12.94875384913655,2.0
79.86750887223438,12.949255750548232,84.0
80.06240620169258,12.949467280189817,27.0
80.10976952427927,12.94964828212383,25.0
80.24422644436078,12.949741798562895,-2.0
79.88678347181626,12.949781124954317,65.0
80.13915025869161,12.949910638712772,27.0
79.98791791875168,12.94991760152269,29.0
79.75,12.950000000000031,124.6
79.755,12.950000000000031,137.1
79.75999999999999,12.950000000000031,126.8
79.76499999999999,12.950000000000031,141.8
79.76999999999998,12.950000000000031,128.9
79.77499999999998,12.950000000000031,130.2
79.77999999999997,12.950000000000031,132.6
79.78499999999997,12.950000000000031,125.4
79.78999999999996,12.950000000000031,126.4
79.79499999999996,12.950000000000031,126.6
79.79999999999995,12.950000000000031,119.2
79.82999999999993,12.950000000000031,110.3
79.87999999999988,12.950000000000031,104.1
79.92499999999984,12.950000000000031,85.4
79.99999999999977,12.950000000000031,94.1
80.04999999999973,12.950000000000031,89.8
80.09999999999968,12.950000000000031,79.0
80.1849999999996,12.950000000000031,18.2
80.20999999999958,12.950000000000031,30.7
80.33999999999946,12.950000000000031,7.5
80.34499999999946,12.950000000000031,-2.0
80.34999999999945,12.950000000000031,-2.0
80.35499999999945,12.950000000000031,9.0
80.35999999999945,12.950000000000031,2.2
80.36499999999944,12.950000000000031,2.0
80.36999999999944,12.950000000000031,1.4
80.37499999999943,12.950000000000031,-2.0
80.37999999999943,12.950000000000031,4.8
80.38499999999942,12.950000000000031,-0.6
80.38999999999942,12.950000000000031,-2.0
80.39499999999941,12.950000000000031,5.9
80.39999999999941,12.950000000000031,-2.0
80.4049999999994,12.950000000000031,6.4
80.4099999999994,12.950000000000031,6.6
80.4149999999994,12.950000000000031,3.6
80.41999999999939,12.950000000000031,2.1
80.42499999999939,12.950000000000031,-1.8
80.42999999999938,12.950000000000031,-0.4
80.43499999999938,12.950000000000031,-2.0
80.43999999999937,12.950000000000031,5.2
80.44499999999937,12.950000000000031,3.0
80.44999999999936,12.950000000000031,9.0
79.94404277934233,12.950191952626618,48.0
80.22501769050216,12.950205368661104,2.0
80.06655207581703,12.950550429284949,32.0
80.19185757874837,12.950643132757342,3.0
80.07243769142431,12.950863161262085,32.0
79.92760128269825,12.951201805112714,46.0
80.22370795111429,12.95132262211316,1.0
79.96544840843406,12.951371965184398,36.0
79.88870047094841,12.95137608259075,63.0
79.85964951227758,12.951495508977574,84.0
80.2151281674332,12.951534015443444,0.0
80.10599735289243,12.951543456512558,13.0
80.20014978344442,12.951795832648946,1.0
79.855365664583,12.951833194519685,89.0
80.25719273859059,12.951900239867696,9.0
80.12780458787006,12.951913912579416,18.0
80.18357147582086,12.952076409376392,4.0
80.11075018172812,12.95214600763809,26.0
79.97470592792007,12.95262994195648,40.0
80.1313005609909,12.95281480234672,36.0
79.98480830556821,12.953061220222072,31.0
80.1378320817914,12.953164261531116,28.0
79.93702987283655,12.953168910925408,53.0
80.09841574624778,12.953195765965148,15.0
80.17445690895977,12.953221856396672,9.0
80.21434598446984,12.953428654627835,1.0
79.9821947031611,12.953586293514538,31.0
79.95723859529484,12.953593730681773,35.0
80.206970044166,12.953750640365469,-1.0
79.92788648184079,12.953822181118715,48.0
79.81279496178303,12.953878981738226,74.0
80.20324790934555,12.95388938751122,1.0
80.25163963369904,12.95396178407011,1.0
79.92480489159277,12.953963008716231,53.0
79.9399908802848,12.954175032612778,53.0
80.20399490598699,12.954184966714118,1.0
79.81867817216136,12.954416848516296,71.0
80.24912916457099,12.954480321366898,2.0
80.22991262700792,12.95459424044532,4.0
80.22338748312798,12.954639791129765,3.0
79.92499260682969,12.954810157091316,53.0
80.03547834279371,12.95499396251721,27.0
79.75,12.955000000000032,132.2
79.755,12.955000000000032,132.5
79.75999999999999,12.955000000000032,129.7
79.76499999999999,12.955000000000032,127.7
79.76999999999998,12.955000000000032,133.2
79.77499999999998,12.955000000000032,134.8
79.77999999999997,12.955000000000032,130.5
79.78499999999997,12.955000000000032,127.0
79.78999999999996,12.955000000000032,120.8
79.79499999999996,12.955000000000032,127.9
79.79999999999995,12.955000000000032,130.2
79.82999999999993,12.955000000000032,117.5
79.8649999999999,12.955000000000032,112.3
79.95499999999981,12.955000000000032,109.9
80.02499999999975,12.955000000000032,89.9
80.04499999999973,12.955000000000032,95.9
80.05999999999972,12.955000000000032,88.3
80.0849999999997,12.955000000000032,85.0
80.14999999999964,12.955000000000032,70.9
80.15999999999963,12.955000000000032,25.1
80.1899999999996,12.955000000000032,20.1
80.23499999999956,12.955000000000032,20.2
80.24499999999955,12.955000000000032,12.6
80.25999999999954,12.955000000000032,3.5
80.2949999999995,12.955000000000032,4.8
80.31999999999948,12.955000000000032,6.8
80.33999999999946,12.955000000000032,1.6
80.34499999999946,12.955000000000032,-0.6
80.34999999999945,12.955000000000032,-2.0
80.35499999999945,12.955000000000032,2.6
80.35999999999945,12.955000000000032,9.0
80.36499999999944,12.955000000000032,8.7
80.36999999999944,12.955000000000032,7.0
80.37499999999943,12.955000000000032,6.5
80.37999999999943,12.955000000000032,10.5
80.38499999999942,12.955000000000032,10.0
80.38999999999942,12.955000000000032,-2.0
80.39499999999941,12.955000000000032,-0.2
80.39999999999941,12.955000000000032,2.5
80.4049999999994,12.955000000000032,11.2
80.4099999999994,12.955000000000032,-2.0
80.4149999999994,12.955000000000032,2.7
80.41999999999939,12.955000000000032,-2.0
80.42499999999939,12.955000000000032,-2.0
80.42999999999938,12.955000000000032,-2.0
80.43499999999938,12.955000000000032,1.6
80.43999999999937,12.955000000000032,4.0
80.44499999999937,12.955000000000032,1.0
80.44999999999936,12.955000000000032,0.4
79.91432947439048,12.955024308202562,56.0
79.87474305962373,12.955108809868191,74.0
80.09058170638367,12.955109087068854,15.0
80.020518871361,12.955487489236717,25.0
80.07863612581728,12.95566861841201,28.0
79.82738023860027,12.95574260286785,70.0
79.92182927653049,12.956162540409952,51.0
79.892281812792,12.956173136860617,66.0
79.91550497595274,12.95623878773155,56.0
79.99000951486467,12.956239568275462,34.0
79.9342719316336,12.9563957119818,53.0
79.96289356886649,12.95652177417866,35.0
80.10222165480569,12.956651989445117,16.0
80.17744866396417,12.95676286464284,13.0
79.88078904068013,12.956850404295118,71.0
80.02768180197589,12.95700096219556,22.0
80.24679219220467,12.957201259257632,3.0
80.1918403711787,12.957357482616098,8.0
79.81133798196545,12.957467663588089,70.0
80.23517217918332,12.95753778140618,3.0
80.21664309663839,12.957768466146431,-1.0
79.8561766077639,12.958026177091613,84.0
80.02394240644749,12.958507119281204,23.0
80.24100332199194,12.958517438862032,8.0
80.0483623168617,12.958602805847676,32.0
80.14806669684536,12.958798674677723,23.0
80.14567803048253,12.959411362264838,25.0
80.18254714000054,12.959568223277296,9.0
80.15720416022798,12.959650148889688,16.0
80.23203244463737,12.959689867903355,2.0
79.9604913638422,12.959734439968788,35.0
79.93177747897872,12.959767162245884,46.0
80.1126322896259,12.959857596021957,14.0
80.03427386261839,12.959902583747052,34.0
80.09512661311464,12.959986153938877,15.0
79.75,12.960000000000033,132.9
79.755,12.960000000000033,127.8
79.75999999999999,12.960000000000033,130.3
79.76499999999999,12.960000000000033,138.7
79.76999999999998,12.960000000000033,134.5
79.77499999999998,12.960000000000033,131.0
79.77999999999997,12.960000000000033,123.6
79.78499999999997,12.960000000000033,132.1
79.78999999999996,12.960000000000033,123.8
79.79499999999996,12.960000000000033,124.4
79.79999999999995,12.960000000000033,112.8
79.80499999999995,12.960000000000033,125.1
79.82999999999993,12.960000000000033,114.2
79.97999999999979,12.960000000000033,101.2
80.13999999999965,12.960000000000033,75.2
80.16499999999962,12.960000000000033,28.6
80.1849999999996,12.960000000000033,30.6
80.24999999999955,12.960000000000033,4.7
80.33999999999946,12.960000000000033,5.0
80.34499999999946,12.960000000000033,-0.8
80.34999999999945,12.960000000000033,7.1
80.35499999999945,12.960000000000033,1.9
80.35999999999945,12.960000000000033,9.7
80.36499999999944,12.960000000000033,-2.0
80.36999999999944,12.960000000000033,0.1
80.37499999999943,12.960000000000033,8.5
80.37999999999943,12.960000000000033,1.2
80.38499999999942,12.960000000000033,-2.0
80.38999999999942,12.960000000000033,-2.0
80.39499999999941,12.960000000000033,9.5
80.39999999999941,12.960000000000033,6.9
80.4049999999994,12.960000000000033,6.0
80.4099999999994,12.960000000000033,0.5
80.4149999999994,12.960000000000033,3.5
80.41999999999939,12.960000000000033,3.1
80.42499999999939,12.960000000000033,1.6
80.42999999999938,12.960000000000033,0.4
80.43499999999938,12.960000000000033,-1.5
80.43999999999937,12.960000000000033,-0.7
80.44499999999937,12.960000000000033,5.0
80.44999999999936,12.960000000000033,-1.1
80.02491586450186,12.960000633516811,24.0
80.0330361245255,12.96015694696279,35.0
80.2165507599083,12.96050233124646,2.0
80.00089234798196,12.960546605742955,26.0
79.82422656078977,12.960598801519392,71.0
79.84011891835253,12.960912796626715,81.0
80.05380047980692,12.96104760547014,26.0
80.14811406863521,12.961203947429556,22.0
79.87370895883875,12.961396712122085,68.0
79.85454643298426,12.96149632525128,87.0
80.22053363953322,12.961513815282064,1.0
80.15615110436367,12.961757577585823,23.0
80.0597254982562,12.962009855688564,25.0
80.07392924909757,12.9622718180994,23.0
80.03180868015059,12.962458637653592,32.0
80.17970514111745,12.962630818612864,14.0
80.25420584673972,12.962689617142948,6.0
80.06293854851958,12.962712122492205,13.0
79.8007193562802,12.962744029276069,74.0
80.23722532524438,12.962757879881092,6.0
79.98677800093272,12.962794550954069,29.0
80.05364380436212,12.963236776214798,29.0
80.23618608133188,12.963393756519409,3.0
80.12589838290938,12.963415102716189,17.0
80.21147268961332,12.963464924573154,0.0
79.91936180987135,12.963724314609044,48.0
80.1610867127011,12.963795775323495,26.0
79.87692859845919,12.963846763186284,65.0
80.21591033938337,12.963853881235256,3.0
80.14774986276383,12.96394307612799,23.0
80.07292945030643,12.963965542658029,19.0
80.20338796375617,12.964023904430976,5.0
80.08624561378615,12.964160463304845,18.0
80.16985807138369,12.964284339160631,22.0
79.88592967806902,12.964664327824025,63.0
80.05912508272901,12.964727384048055,22.0
80.0017270641407,12.964858879819923,25.0
80.25880323499592,12.96493476122013,8.0
80.16020742933809,12.96495403556738,31.0
80.11564558188017,12.964959815713634,27.0
79.96744634742888,12.964977530081716,32.0
79.75,12.965000000000034,130.4
79.755,12.965000000000034,133.6
79.75999999999999,12.965000000000034,133.1
79.76499999999999,12.965000000000034,131.7
79.76999999999998,12.965000000000034,121.3
79.77499999999998,12.965000000000034,125.9
79.77999999999997,12.965000000000034,135.2
79.78499999999997,12.965000000000034,124.9
79.78999999999996,12.965000000000034,131.4
79.79499999999996,12.965000000000034,131.0
79.79999999999995,12.965000000000034,124.9
79.81499999999994,12.965000000000034,116.3
79.8599999999999,12.965000000000034,112.7
79.9749999999998,12.965000000000034,102.4
80.00999999999976,12.965000000000034,97.7
80.0799999999997,12.965000000000034,88.1
80.10999999999967,12.965000000000034,75.0
80.11999999999966,12.965000000000034,84.2
80.23999999999955,12.965000000000034,16.0
80.31999999999948,12.965000000000034,4.1
80.33999999999946,12.965000000000034,-2.0
80.34499999999946,12.965000000000034,3.7
80.34999999999945,12.965000000000034,1.2
80.35499999999945,12.965000000000034,-2.0
80.35999999999945,12.965000000000034,-1.8
80.36499999999944,12.965000000000034,2.6
80.36999999999944,12.965000000000034,3.6
80.37499999999943,12.965000000000034,-2.0
80.37999999999943,12.965000000000034,3.2
80.38499999999942,12.965000000000034,6.8
80.38999999999942,12.965000000000034,2.7
80.39499999999941,12.965000000000034,7.3
80.39999999999941,12.965000000000034,9.7
80.4049999999994,12.965000000000034,6.1
80.4099999999994,12.965000000000034,3.0
80.4149999999994,12.965000000000034,3.8
80.41999999999939,12.965000000000034,3.6
80.42499999999939,12.965000000000034,11.2
80.42999999999938,12.965000000000034,6.9
80.43499999999938,12.965000000000034,9.9
80.43999999999937,12.965000000000034,1.6
80.44499999999937,12.965000000000034,3.7
80.44999999999936,12.965000000000034,7.8
80.23245479853664,12.96515321396964,3.0
80.2139321399001,12.96528841415345,2.0
80.0839354511853,12.965748447415027,19.0
80.11111918736114,12.965818855703375,12.0
80.14571706390626,12.965825720941552,25.0
79.89076886135832,12.965873702432766,69.0
79.8376456171232,12.965904160491515,76.0
79.92269208363008,12.966112873761006,46.0
79.98025242505689,12.9661392739978,29.0
79.82558085924697,12.966206684639989,73.0
80.03546275995511,12.966261038563218,35.0
79.86112908767365,12.96641810092126,79.0
79.83512861830977,12.966533783686572,76.0
80.26166128128928,12.96686591537702,8.0
80.05630948679894,12.967000271620549,22.0
79.98888213399957,12.967027203845175,29.0
79.95796307025196,12.9670990908974,36.0
80.14185532533632,12.9671151227232,21.0
80.08770576744311,12.967144885579264,17.0
80.11233062544122,12.967291242865072,13.0
80.08123198356543,12.968272483127748,19.0
79.87562809648789,12.968346848326089,65.0
80.17295006185414,12.968398150665642,18.0
80.07471260842574,12.968402722362312,19.0
80.17756697362229,12.968508689508884,20.0
80.08115698170438,12.968542660186872,19.0
79.99484561180566,12.96867924054449,27.0
80.23836699088811,12.96896132900841,5.0
79.92112434665543,12.96936704827304,53.0
79.9523267812111,12.969446446461085,39.0
79.96029176219098,12.969511341333762,35.0
80.0466503360343,12.96984520775266,30.0
79.75,12.970000000000034,131.1
79.755,12.970000000000034,127.1
79.75999999999999,12.970000000000034,135.1
79.76499999999999,12.970000000000034,133.5
79.76999999999998,12.970000000000034,130.1
79.77499999999998,12.970000000000034,134.5
79.77999999999997,12.970000000000034,120.6
79.78499999999997,12.970000000000034,131.9
79.78999999999996,12.970000000000034,119.1
79.79499999999996,12.970000000000034,127.9
79.79999999999995,12.970000000000034,118.3
79.84999999999991,12.970000000000034,109.4
79.8549999999999,12.970000000000034,103.6
79.93999999999983,12.970000000000034,90.3
79.9649999999998,12.970000000000034,106.5
79.99499999999978,12.970000000000034,98.0
80.0749999999997,12.970000000000034,86.8
80.16999999999962,12.970000000000034,33.2
80.17999999999961,12.970000000000034,23.1
80.22499999999957,12.970000000000034,19.5
80.28999999999951,12.970000000000034,3.5
80.32499999999948,12.970000000000034,8.7
80.33999999999946,12.970000000000034,-2.0
80.34499999999946,12.970000000000034,1.1
80.34999999999945,12.970000000000034,0.7
80.35499999999945,12.970000000000034,5.0
80.35999999999945,12.970000000000034,-2.0
80.36499999999944,12.970000000000034,2.1
80.36999999999944,12.970000000000034,8.8
80.37499999999943,12.970000000000034,6.2
80.37999999999943,12.970000000000034,5.4
80.38499999999942,12.970000000000034,4.2
80.38999999999942,12.970000000000034,-2.0
80.39499999999941,12.970000000000034,-2.0
80.39999999999941,12.970000000000034,0.5
80.4049999999994,12.970000000000034,9.8
80.4099999999994,12.970000000000034,4.7
80.4149999999994,12.970000000000034,2.3
80.41999999999939,12.970000000000034,1.6
80.42499999999939,12.970000000000034,0.1
80.42999999999938,12.970000000000034,3.2
80.43499999999938,12.970000000000034,3.9
80.43999999999937,12.970000000000034,2.4
80.44499999999937,12.970000000000034,6.8
80.44999999999936,12.970000000000034,-1.3
79.93298438616631,12.970136856633546,46.0
80.06774388081143,12.970228571555234,19.0
80.22146215097773,12.970792524367898,0.0
80.22400309366958,12.97149922682651,0.0
80.2492625895401,12.972151908671858,5.0
79.92456427698038,12.97228404230972,48.0
80.19568034283151,12.972406383628655,11.0
80.17652524511543,12.97246319149362,22.0
80.1889246076349,12.972653563598143,14.0
80.2133446573939,12.972715655926695,2.0
80.01105022005964,12.973005459783275,28.0
80.24528184700063,12.973215148603508,3.0
80.11284382031215,12.97332702267527,14.0
79.88591524290653,12.973393517044844,67.0
80.17346471978438,12.973485420746332,25.0
79.99188990501106,12.973549321979032,27.0
80.09538982761835,12.973561884978496,17.0
80.08779246808618,12.973627267912438,19.0
80.07806294199753,12.973987541621142,19.0
79.99213785181857,12.974066459454916,28.0
79.93952469974641,12.974654219335632,42.0
80.2661789873045,12.974767450292784,6.0
80.03796004196583,12.974899390802072,28.0
79.75,12.975000000000035,140.3
79.755,12.975000000000035,133.3
79.75999999999999,12.975000000000035,136.7
79.76499999999999,12.975000000000035,126.6
79.76999999999998,12.975000000000035,131.8
79.77499999999998,12.975000000000035,132.9
79.77999999999997,12.975000000000035,133.1
79.78499999999997,12.975000000000035,127.9
79.78999999999996,12.975000000000035,119.1
79.79499999999996,12.975000000000035,129.7
79.79999999999995,12.975000000000035,123.4
79.81499999999994,12.975000000000035,121.6
79.90499999999986,12.975000000000035,105.9
79.92999999999984,12.975000000000035,88.0
79.95499999999981,12.975000000000035,107.7
80.05999999999972,12.975000000000035,83.9
80.12999999999965,12.975000000000035,79.5
80.14499999999964,12.975000000000035,71.8
80.15499999999963,12.975000000000035,25.3
80.24499999999955,12.975000000000035,13.9
80.30999999999949,12.975000000000035,3.7
80.33999999999946,12.975000000000035,-2.0
80.34499999999946,12.975000000000035,-1.1
80.34999999999945,12.975000000000035,4.8
80.35499999999945,12.975000000000035,-2.0
80.35999999999945,12.975000000000035,7.2
80.36499999999944,12.975000000000035,0.7
80.36999999999944,12.975000000000035,16.1
80.37499999999943,12.975000000000035,0.5
80.37999999999943,12.975000000000035,-2.0
80.38499999999942,12.975000000000035,-2.0
80.38999999999942,12.975000000000035,1.2
80.39499999999941,12.975000000000035,7.5
80.39999999999941,12.975000000000035,-2.0
80.4049999999994,12.975000000000035,-2.0
80.4099999999994,12.975000000000035,9.8
80.4149999999994,12.975000000000035,7.2
80.41999999999939,12.975000000000035,-0.4
80.42499999999939,12.975000000000035,1.6
80.42999999999938,12.975000000000035,6.9
80.43499999999938,12.975000000000035,0.9
80.43999999999937,12.975000000000035,-2.0
80.44499999999937,12.975000000000035,8.2
80.44999999999936,12.975000000000035,1.4
80.18536125840468,12.975188067330336,15.0
79.97356744276863,12.975340476592727,31.0
79.98827953803027,12.975959648277366,31.0
80.00828733550622,12.97608473487992,29.0
80.0997969725218,12.9761308564907,19.0
80.06647840326177,12.976250314756888,20.0
80.08451803491616,12.97640097736108,18.0
79.84476630388704,12.97661107626391,75.0
80.22306166087756,12.97666872007109,7.0
80.25934766476756,12.976794318338715,10.0
79.90903186028405,12.97687321909628,56.0
79.93313942306973,12.976911320762964,44.0
80.13637739792468,12.97691507937184,21.0
79.9494437647749,12.97692312160468,38.0
80.14553087102782,12.977122397845536,17.0
79.97573698274422,12.977231361118356,34.0
80.21683775317155,12.97730844768822,4.0
79.96798824985844,12.977380001425416,36.0
80.25138098429716,12.977478439986504,4.0
80.25530884300262,12.977751413298318,4.0
80.2257026745086,12.977814957044028,8.0
80.02420063558098,12.97782144789976,36.0
79.99345415530595,12.978074228551968,31.0
80.0809947612195,12.978103645689115,21.0
80.14416982964904,12.978157674528848,17.0
80.24461961572102,12.978237033252704,2.0
79.94622970567059,12.978357607075033,39.0
79.99548463431847,12.978600822013131,31.0
80.21459781224412,12.978705170332384,4.0
79.95857094272705,12.979427922508302,44.0
79.75,12.980000000000036,130.0
79.755,12.980000000000036,136.0
79.75999999999999,12.980000000000036,130.5
79.76499999999999,12.980000000000036,137.5
79.76999999999998,12.980000000000036,137.8
79.77499999999998,12.980000000000036,131.2
79.77999999999997,12.980000000000036,125.4
79.78499999999997,12.980000000000036,127.2
79.78999999999996,12.980000000000036,121.6
79.79499999999996,12.980000000000036,122.8
79.79999999999995,12.980000000000036,122.4
79.8599999999999,12.980000000000036,108.8
79.89499999999987,12.980000000000036,104.3
79.91499999999985,12.980000000000036,98.8
79.95999999999981,12.980000000000036,112.1
79.97999999999979,12.980000000000036,108.4
80.02999999999975,12.980000000000036,101.0
80.03499999999974,12.980000000000036,81.1
80.11499999999967,12.980000000000036,70.3
80.13999999999965,12.980000000000036,70.4
80.15499999999963,12.980000000000036,30.7
80.19999999999959,12.980000000000036,21.2
80.21999999999957,12.980000000000036,17.1
80.31999999999948,12.980000000000036,5.4
80.33999999999946,12.980000000000036,4.2
80.34499999999946,12.980000000000036,6.4
80.34999999999945,12.980000000000036,7.7
80.35499999999945,12.980000000000036,-2.0
80.35999999999945,12.980000000000036,-2.0
80.36499999999944,12.980000000000036,-2.0
80.36999999999944,12.980000000000036,-0.4
80.37499999999943,12.980000000000036,-2.0
80.37999999999943,12.980000000000036,6.0
80.38499999999942,12.980000000000036,5.5
80.38999999999942,12.980000000000036,-2.0
80.39499999999941,12.980000000000036,8.5
80.39999999999941,12.980000000000036,-2.0
80.4049999999994,12.980000000000036,-1.9
80.4099999999994,12.980000000000036,7.5
80.4149999999994,12.980000000000036,-2.0
80.41999999999939,12.980000000000036,-2.0
80.42499999999939,12.980000000000036,-2.0
80.42999999999938,12.980000000000036,10.7
80.43499999999938,12.980000000000036,0.6
80.43999999999937,12.980000000000036,9.2
80.44499999999937,12.980000000000036,2.3
80.44999999999936,12.980000000000036,4.6
79.87808768038822,12.98001732497725,69.0
79.9772001994619,12.980080376563222,39.0
80.08632588898197,12.980136825696874,19.0
79.88120798601165,12.980419820935936,65.0
80.09236946088159,12.980474944404952,17.0
80.23623912213611,12.980641579935815,1.0
79.95484526003769,12.980684236278115,41.0
79.95528940402627,12.980756417197084,39.0
80.17142491487921,12.981102072513462,19.0
79.93274719260691,12.981274760690049,47.0
79.85075174061734,12.981374533968854,83.0
79.91278848523682,12.981839174012116,55.0
80.0894523154125,12.98190670506877,16.0
80.0295054961431,12.982302832104656,32.0
79.80319975669893,12.982491835163604,64.0
79.94651560857253,12.982521626706536,43.0
80.00833537598307,12.982628199385436,26.0
80.15585331901147,12.982856522198764,13.0
79.87566652315952,12.983072480354975,75.0
79.93103311485436,12.983272534314056,51.0
80.20806592448268,12.98375816363617,8.0
79.97015814086424,12.98387042550488,39.0
80.2670645137716,12.983877449471011,6.0
79.9870350110715,12.984032638012245,36.0
80.03417295604068,12.984092890418786,28.0
79.9236322333967,12.984101280583038,50.0
79.81401418469342,12.984705122869965,63.0
79.80946402744645,12.984756784185262,64.0
79.75,12.985000000000037,124.9
79.755,12.985000000000037,129.4
79.75999999999999,12.985000000000037,133.3
79.76499999999999,12.985000000000037,131.8
79.76999999999998,12.985000000000037,125.9
79.77499999999998,12.985000000000037,130.3
79.77999999999997,12.985000000000037,114.5
79.78499999999997,12.985000000000037,118.0
79.78999999999996,12.985000000000037,122.1
79.79499999999996,12.985000000000037,126.0
79.79999999999995,12.985000000000037,121.2
79.81499999999994,12.985000000000037,120.5
79.82499999999993,12.985000000000037,124.7
79.89499999999987,12.985000000000037,107.9
79.89999999999986,12.985000000000037,110.3
79.90499999999986,12.985000000000037,95.7
79.91499999999985,12.985000000000037,104.0
80.0849999999997,12.985000000000037,88.4
80.09999999999968,12.985000000000037,90.0
80.12499999999966,12.985000000000037,72.7
80.12999999999965,12.985000000000037,60.2
80.22999999999956,12.985000000000037,8.9
80.24999999999955,12.985000000000037,20.8
80.28499999999951,12.985000000000037,6.9
80.33999999999946,12.985000000000037,-2.0
80.34499999999946,12.985000000000037,7.5
80.34999999999945,12.985000000000037,7.7
80.35499999999945,12.985000000000037,12.3
80.35999999999945,12.985000000000037,-0.4
80.36499999999944,12.985000000000037,8.4
80.36999999999944,12.985000000000037,-0.1
80.37499999999943,12.985000000000037,6.6
80.37999999999943,12.985000000000037,-0.9
80.38499999999942,12.985000000000037,0.1
80.38999999999942,12.985000000000037,4.6
80.39499999999941,12.985000000000037,-2.0
80.39999999999941,12.985000000000037,13.2
80.4049999999994,12.985000000000037,-2.0
80.4099999999994,12.985000000000037,-0.8
80.4149999999994,12.985000000000037,2.3
80.41999999999939,12.985000000000037,4.7
80.42499999999939,12.985000000000037,-2.0
80.42999999999938,12.985000000000037,-2.0
80.43499999999938,12.985000000000037,5.3
80.43999999999937,12.985000000000037,-2.0
80.44499999999937,12.985000000000037,-2.0
80.44999999999936,12.985000000000037,1.0
79.84930535450472,12.985084823323104,79.0
79.9661875079335,12.985132476555291,43.0
79.93707891760566,12.985220422798816,43.0
80.03073873232651,12.985238986942573,27.0
80.03682593621974,12.985368352457913,24.0
80.16289766590326,12.985465266013255,8.0
79.90999182507392,12.9855651472777,53.0
79.8252475784877,12.985711356998046,62.0
79.99163801853126,12.986049695588129,36.0
80.0914524571094,12.986249896269095,22.0
79.84365713588025,12.986371030671004,75.0
80.144595903524,12.986397241806134,17.0
80.26180130450082,12.98651605238555,7.0
80.08401022439597,12.98660710916133,21.0
79.85231063469163,12.9868467946628,77.0
79.97033053801238,12.986913475301195,45.0
79.8001937108305,12.98695017970507,69.0
79.84995977541696,12.987146373105002,77.0
79.97963334375177,12.98715526848208,43.0
79.86084023604893,12.987199890707627,75.0
80.24171861684925,12.987549195264847,9.0
79.95989629461613,12.987942396982143,40.0
80.00620632255061,12.987996319454677,35.0
80.22742131254265,12.988014254470242,10.0
79.83455922034707,12.988122843654727,66.0
79.81622692841478,12.988329075041753,64.0
79.87152790014547,12.988464657047963,85.0
80.21997103032291,12.988585111880054,8.0
79.91365260990293,12.98868955689059,58.0
80.07789691939875,12.98872419243213,20.0
79.94213599971687,12.989068130622654,47.0
80.24711704549601,12.989484677935184,4.0
79.9128403350785,12.98949955069721,57.0
80.23959144172613,12.989554010327256,7.0
80.15663968165434,12.989691108138862,10.0
79.75,12.990000000000038,139.0
79.755,12.990000000000038,131.5
79.75999999999999,12.990000000000038,135.0
79.76499999999999,12.990000000000038,131.3
79.76999999999998,12.990000000000038,132.3
79.77499999999998,12.990000000000038,127.0
79.77999999999997,12.990000000000038,134.4
79.78499999999997,12.990000000000038,126.6
79.78999999999996,12.990000000000038,128.3
79.79499999999996,12.990000000000038,121.6
79.79999999999995,12.990000000000038,132.2
79.88499999999988,12.990000000000038,105.9
79.99499999999978,12.990000000000038,105.6
80.00999999999976,12.990000000000038,107.6
80.03499999999974,12.990000000000038,90.0
80.0749999999997,12.990000000000038,79.1
80.08999999999969,12.990000000000038,80.3
80.13999999999965,12.990000000000038,65.6
80.16999999999962,12.990000000000038,26.2
80.23499999999956,12.990000000000038,6.5
80.26499999999953,12.990000000000038,1.1
80.27999999999952,12.990000000000038,3.3
80.2949999999995,12.990000000000038,11.0
80.33999999999946,12.990000000000038,16.1
80.34499999999946,12.990000000000038,13.2
80.34999999999945,12.990000000000038,6.4
80.35499999999945,12.990000000000038,-2.0
80.35999999999945,12.990000000000038,2.2
80.36499999999944,12.990000000000038,-2.0
80.36999999999944,12.990000000000038,6.3
80.37499999999943,12.990000000000038,-2.0
80.37999999999943,12.990000000000038,4.3
80.38499999999942,12.990000000000038,9.5
80.38999999999942,12.990000000000038,-2.0
80.39499999999941,12.990000000000038,9.7
80.39999999999941,12.990000000000038,5.8
80.4049999999994,12.990000000000038,1.7
80.4099999999994,12.990000000000038,-1.4
80.4149999999994,12.990000000000038,1.4
80.41999999999939,12.990000000000038,-2.0
80.42499999999939,12.990000000000038,5.1
80.42999999999938,12.990000000000038,-2.0
80.43499999999938,12.990000000000038,6.8
80.43999999999937,12.990000000000038,-2.0
80.44499999999937,12.990000000000038,-2.0
80.44999999999936,12.990000000000038,0.3
79.8353488386357,12.990247691914558,66.0
80.17523741560215,12.990618500601792,12.0
79.95209179283087,12.990659195330922,48.0
79.9265657141854,12.990739792470697,49.0
79.88416116626773,12.99074669724186,77.0
79.83557312445642,12.990997014394337,68.0
80.24886388266708,12.991025149344994,10.0
80.22777263378786,12.991478769147982,16.0
80.19464464913136,12.99164626773693,11.0
80.18766481767784,12.991825016295762,13.0
79.85764205131473,12.992148901246242,72.0
80.14708751878466,12.992251298589554,16.0
80.19593155076831,12.992521168168176,13.0
80.2144181849588,12.992559684405576,6.0
79.8729329930679,12.99303091232419,78.0
79.84872081319138,12.993041925586205,75.0
80.07055093577974,12.993300527801852,21.0
80.03106839624776,12.99360516324204,33.0
80.1484211307052,12.993831636476733,11.0
80.03892880936775,12.993996540523996,28.0
80.08933287548606,12.994025340687903,22.0
79.83986043069717,12.994113395975544,73.0
80.23282473708392,12.99441810720797,15.0
79.84902261924789,12.994600334010254,72.0
80.18032503068156,12.994634232163389,13.0
80.18045903280898,12.994838947414644,13.0
79.75,12.995000000000038,140.3
79.755,12.995000000000038,129.9
79.75999999999999,12.995000000000038,138.5
79.76499999999999,12.995000000000038,126.8
79.76999999999998,12.995000000000038,126.4
79.77499999999998,12.995000000000038,132.6
79.77999999999997,12.995000000000038,133.6
79.78499999999997,12.995000000000038,130.1
79.78999999999996,12.995000000000038,125.5
79.79499999999996,12.995000000000038,121.5
79.79999999999995,12.995000000000038,124.9
79.80499999999995,12.995000000000038,130.8
79.81999999999994,12.995000000000038,129.2
79.83999999999992,12.995000000000038,122.6
79.86999999999989,12.995000000000038,111.0
79.91999999999985,12.995000000000038,90.6
79.92999999999984,12.995000000000038,92.6
79.94499999999982,12.995000000000038,94.1
80.00999999999976,12.995000000000038,110.3
80.03499999999974,12.995000000000038,91.7
80.03999999999974,12.995000000000038,101.3
80.09999999999968,12.995000000000038,79.3
80.10999999999967,12.995000000000038,70.0
80.1899999999996,12.995000000000038,20.1
80.1949999999996,12.995000000000038,23.3
80.20499999999959,12.995000000000038,17.1
80.26999999999953,12.995000000000038,11.4
80.2999999999995,12.995000000000038,6.7
80.33999999999946,12.995000000000038,2.5
80.34499999999946,12.995000000000038,-2.0
80.34999999999945,12.995000000000038,4.5
80.35499999999945,12.995000000000038,-2.0
80.35999999999945,12.995000000000038,1.0
80.36499999999944,12.995000000000038,-2.0
80.36999999999944,12.995000000000038,0.5
80.37499999999943,12.995000000000038,-2.0
80.37999999999943,12.995000000000038,2.9
80.38499999999942,12.995000000000038,0.2
80.38999999999942,12.995000000000038,4.5
80.39499999999941,12.995000000000038,7.0
80.39999999999941,12.995000000000038,4.0
80.4049999999994,12.995000000000038,7.2
80.4099999999994,12.995000000000038,-2.0
80.4149999999994,12.995000000000038,1.4
80.41999999999939,12.995000000000038,3.1
80.42499999999939,12.995000000000038,4.8
80.42999999999938,12.995000000000038,-2.0
80.43499999999938,12.995000000000038,-2.0
80.43999999999937,12.995000000000038,-2.0
80.44499999999937,12.995000000000038,-2.0
80.44999999999936,12.995000000000038,-1.3
79.97313912435918,12.99513877440985,41.0
80.13670615489865,12.9951438455133,8.0
80.04338260998891,12.995296592314824,19.0
80.19964470193685,12.995613954109194,12.0
80.26022605077644,12.99562495279002,12.0
79.94849279449538,12.995636293763216,48.0
80.00740239812703,12.995860221372205,43.0
80.09022936263771,12.996027492766292,21.0
79.88391710301892,12.996167997621296,79.0
80.22553522488732,12.996177510444593,17.0
79.88841740868577,12.99618811155514,80.0
79.89429349667562,12.996200683651669,75.0
79.96980774175908,12.996250162174858,42.0
79.90192754510512,12.996374555494912,62.0
80.20840885265531,12.996440989147835,13.0
79.86868153975138,12.996548056936987,74.0
79.92283045596386,12.996989620338562,54.0
80.2367724729733,12.997032942420864,14.0
80.01779508536919,12.997095842425871,39.0
80.2107517977781,12.9973740990692,11.0
79.95272704235612,12.99746015976528,51.0
80.07027906682019,12.997619503535478,19.0
79.88622231375471,12.99780778142986,83.0
80.0126120216172,12.997884627550055,42.0
80.10828776105443,12.99791893111993,20.0
79.94390396815564,12.997977437937504,53.0
80.20822346795913,12.998145758784664,8.0
79.90995322736511,12.998159917800944,67.0
80.02633421149463,12.998215280641627,35.0
79.92121307992774,12.99829153034725,56.0
80.00755161126993,12.9984169600598,38.0
79.80169747373982,12.998427689990868,65.0
80.05708839539378,12.998550932018992,19.0
80.08424471876005,12.999006313176595,24.0
80.14343291239551,12.99919347050607,12.0
80.17110587648489,12.99962907935779,11.0
80.1466322368149,12.999629102322915,12.0
79.93404903684562,12.999710847264968,61.0
80.11940024859474,12.999746028267795,18.0
79.75,13.000000000000039,135.8
79.755,13.000000000000039,119.0
79.75999999999999,13.000000000000039,142.5
79.76499999999999,13.000000000000039,125.2
79.76999999999998,13.000000000000039,130.6
79.77499999999998,13.000000000000039,130.3
79.77999999999997,13.000000000000039,135.7
79.78499999999997,13.000000000000039,133.5
79.78999999999996,13.000000000000039,136.4
79.79499999999996,13.000000000000039,124.4
79.79999999999995,13.000000000000039,125.2
79.92999999999984,13.000000000000039,88.9
79.94999999999982,13.000000000000039,97.6
79.98999999999978,13.000000000000039,84.0
79.99499999999978,13.000000000000039,78.6
80.01999999999975,13.000000000000039,68.7
80.03999999999974,13.000000000000039,79.8
80.08999999999969,13.000000000000039,55.2
80.13499999999965,13.000000000000039,58.5
80.2949999999995,13.000000000000039,0.7
80.31999999999948,13.000000000000039,8.0
80.33999999999946,13.000000000000039,-2.0
80.34499999999946,13.000000000000039,-2.0
80.34999999999945,13.000000000000039,0.1
80.35499999999945,13.000000000000039,11.7
80.35999999999945,13.000000000000039,8.4
80.36499999999944,13.000000000000039,2.2
80.36999999999944,13.000000000000039,5.2
80.37499999999943,13.000000000000039,4.1
80.37999999999943,13.000000000000039,1.9
80.38499999999942,13.000000000000039,9.6
80.38999999999942,13.000000000000039,0.5
80.39499999999941,13.000000000000039,12.2
80.39999999999941,13.000000000000039,3.8
80.4049999999994,13.000000000000039,-1.2
80.4099999999994,13.000000000000039,8.4
80.4149999999994,13.000000000000039,-2.0
80.41999999999939,13.000000000000039,7.3
80.42499999999939,13.000000000000039,8.7
80.42999999999938,13.000000000000039,9.4
80.43499999999938,13.000000000000039,-2.0
80.43999999999937,13.000000000000039,11.7
80.44499999999937,13.000000000000039,8.4
80.44999999999936,13.000000000000039,1.6
80.26933474246066,13.000240251509176,9.0
79.81680059823482,13.000240251721564,64.0
80.18767954101577,13.000454904032177,22.0
79.83608261907682,13.000456312596269,61.0
79.84830418918472,13.000498663559348,71.0
80.20138862679364,13.000733876919664,15.0
79.82443647633552,13.000880270990123,63.0
79.85347346313995,13.001123875010473,73.0
80.21221704539693,13.00133136955592,13.0
79.89330694606996,13.001492430787929,72.0
80.15919572491697,13.001527919013824,15.0
80.21153291151323,13.001633396443369,12.0
80.07853902224242,13.001644781795845,19.0
80.03893475022082,13.00165543436372,27.0
80.20283250940429,13.00189548698414,16.0
80.13070093770101,13.002161308288372,13.0
80.07339380790827,13.00234557290068,19.0
80.23014888973405,13.002556638611496,20.0
79.87451529550204,13.002665633864504,74.0
79.82001647239439,13.002734045024829,64.0
80.05613613080392,13.002881316474316,19.0
79.86084059359445,13.003094782206537,68.0
80.11535627181136,13.003145791814635,15.0
79.81865809258402,13.003563244476782,63.0
80.06356575369442,13.003607589471525,19.0
80.24061456271329,13.003690808188349,15.0
80.09303764891442,13.003721196478248,18.0
80.15372842906403,13.00391030700426,12.0
80.07067648529879,13.004292084540824,19.0
80.22678888584556,13.004447503112656,11.0
79.80238755258497,13.004680147791497,79.0
79.82278256817838,13.00484635859864,63.0
79.75,13.00500000000004,132.2
79.755,13.00500000000004,136.5
79.75999999999999,13.00500000000004,127.9
79.76499999999999,13.00500000000004,140.1
79.76999999999998,13.00500000000004,121.7
79.77499999999998,13.00500000000004,127.9
79.77999999999997,13.00500000000004,128.2
79.78499999999997,13.00500000000004,127.9
79.78999999999996,13.00500000000004,129.8
79.79499999999996,13.00500000000004,130.2
79.79999999999995,13.00500000000004,109.1
79.91499999999985,13.00500000000004,95.7
79.93999999999983,13.00500000000004,93.2
79.94499999999982,13.00500000000004,88.1
80.0749999999997,13.00500000000004,65.6
80.0849999999997,13.00500000000004,65.2
80.22999999999956,13.00500000000004,23.8
80.23999999999955,13.00500000000004,11.6
80.2949999999995,13.00500000000004,4.7
80.3049999999995,13.00500000000004,-1.4
80.31499999999949,13.00500000000004,2.7
80.33999999999946,13.00500000000004,-2.0
80.34499999999946,13.00500000000004,3.7
80.34999999999945,13.00500000000004,-2.0
80.35499999999945,13.00500000000004,1.4
80.35999999999945,13.00500000000004,7.5
80.36499999999944,13.00500000000004,-2.0
80.36999999999944,13.00500000000004,6.5
80.37499999999943,13.00500000000004,-1.3
80.37999999999943,13.00500000000004,7.5
80.38499999999942,13.00500000000004,3.6
80.38999999999942,13.00500000000004,1.1
80.39499999999941,13.00500000000004,1.2
80.39999999999941,13.00500000000004,4.2
80.4049999999994,13.00500000000004,-2.0
80.4099999999994,13.00500000000004,-1.3
80.4149999999994,13.00500000000004,11.4
80.41999999999939,13.00500000000004,7.4
80.42499999999939,13.00500000000004,-1.2
80.42999999999938,13.00500000000004,-2.0
80.43499999999938,13.00500000000004,1.6
80.43999999999937,13.00500000000004,10.6
80.44499999999937,13.00500000000004,-2.0
80.44999999999936,13.00500000000004,6.4
80.13309080957248,13.005089575341088,13.0
80.1088253531374,13.005092105002944,19.0
80.13202551460954,13.005230325837754,12.0
79.80543479069733,13.005289068494346,76.0
80.21570882859339,13.005459935533482,13.0
80.17689610905184,13.005521858857096,10.0
80.11085222841696,13.00559618049191,19.0
79.98571763725587,13.00576089852044,44.0
79.86163007365008,13.005978828830877,65.0
80.1670559353574,13.006461866365765,4.0
80.01839496014703,13.006491269597348,32.0
80.15298188263029,13.0064946079213,14.0
80.09890627813952,13.006804497522335,19.0
80.12775699124052,13.006879416451769,15.0
80.19787183824184,13.007077404496696,23.0
80.15521952566745,13.00718578352124,11.0
80.17471956347829,13.007587035508,15.0
80.0171372906631,13.007643805080049,29.0
79.92943632294084,13.007700503542935,61.0
79.96650020251126,13.007866566169923,47.0
79.88925616054782,13.007941255399732,80.0
79.81145691933526,13.00804956791258,63.0
80.08158987661982,13.008153502282044,19.0
80.10845152051145,13.008198134254007,15.0
80.20003089096626,13.008302530072598,20.0
80.0538821939897,13.008505630620556,19.0
80.02936646961162,13.008770622991914,24.0
80.27062172780127,13.008936664802128,10.0
80.06300930253505,13.009567287248462,19.0
79.82754534098125,13.009928770202556,60.0
79.75,13.01000000000004,132.3
79.755,13.01000000000004,133.4
79.75999999999999,13.01000000000004,140.2
79.76499999999999,13.01000000000004,130.2
79.76999999999998,13.01000000000004,134.8
79.77499999999998,13.01000000000004,128.0
79.77999999999997,13.01000000000004,123.7
79.78499999999997,13.01000000000004,128.8
79.78999999999996,13.01000000000004,123.4
79.79499999999996,13.01000000000004,113.4
79.79999999999995,13.01000000000004,128.7
79.95499999999981,13.01000000000004,103.5
79.9749999999998,13.01000000000004,92.8
79.99499999999978,13.01000000000004,80.2
80.00499999999977,13.01000000000004,80.7
80.1949999999996,13.01000000000004,19.0
80.30999999999949,13.01000000000004,-0.6
80.31499999999949,13.01000000000004,-2.0
80.32999999999947,13.01000000000004,0.6
80.33999999999946,13.01000000000004,-1.4
80.34499999999946,13.01000000000004,2.6
80.34999999999945,13.01000000000004,4.5
80.35499999999945,13.01000000000004,2.2
80.35999999999945,13.01000000000004,8.3
80.36499999999944,13.01000000000004,3.1
80.36999999999944,13.01000000000004,1.6
80.37499999999943,13.01000000000004,6.0
80.37999999999943,13.01000000000004,5.7
80.38499999999942,13.01000000000004,1.1
80.38999999999942,13.01000000000004,11.0
80.39499999999941,13.01000000000004,3.7
80.39999999999941,13.01000000000004,7.8
80.4049999999994,13.01000000000004,-2.0
80.4099999999994,13.01000000000004,6.4
80.4149999999994,13.01000000000004,7.2
80.41999999999939,13.01000000000004,-2.0
80.42499999999939,13.01000000000004,-2.0
80.42999999999938,13.01000000000004,-2.0
80.43499999999938,13.01000000000004,-1.8
80.43999999999937,13.01000000000004,-2.0
80.44499999999937,13.01000000000004,6.0
80.44999999999936,13.01000000000004,0.7
80.07727118428362,13.010106636613218,19.0
79.82069387385317,13.010349729180794,60.0
79.81521839410276,13.01041850849792,63.0
80.25810114973949,13.010516929647336,8.0
80.08937836639464,13.010530590785477,25.0
80.21792911008845,13.010570701940738,13.0
80.13952875289519,13.010585440588825,16.0
79.91996554755278,13.010647131578208,66.0
80.19743137936042,13.010747910655793,23.0
80.23556678927113,13.01087615092296,14.0
80.15687495237083,13.010910653533877,12.0
80.0788170095702,13.010986677267384,19.0
80.24153336238494,13.011041852531132,13.0
79.99244639971259,13.011141364562556,38.0
79.8442519837791,13.011238742905904,65.0
79.88914884323,13.011259592473484,80.0
80.27247878126568,13.011642215022254,6.0
80.08651782504792,13.011830190571883,17.0
80.04800079162926,13.01189517364055,19.0
80.02038955686136,13.01216095320066,24.0
80.19889329145069,13.012473484891729,15.0
80.12114729116792,13.012594528092135,23.0
80.07606690878991,13.01306536872613,19.0
80.2138194953072,13.013451547568858,10.0
79.81603133819611,13.013615544994352,60.0
80.1774314728301,13.013823766752273,10.0
79.95930309886994,13.014281972062944,50.0
80.07560493513014,13.014457121830825,19.0
79.97751586498264,13.014504929112022,38.0
79.9509122786398,13.014554823987677,56.0
79.8143900186977,13.01458321117332,60.0
80.24834266241108,13.014690950482205,10.0
80.2180046385508,13.014855951518124,16.0
80.14163627153555,13.014946301420446,15.0
79.75,13.015000000000041,143.7
79.755,13.015000000000041,132.1
79.75999999999999,13.015000000000041,130.3
79.76499999999999,13.015000000000041,130.6
79.76999999999998,13.015000000000041,127.4
79.77499999999998,13.015000000000041,131.5
79.77999999999997,13.015000000000041,129.1
79.78499999999997,13.015000000000041,131.3
79.78999999999996,13.015000000000041,123.3
79.79499999999996,13.015000000000041,118.9
79.79999999999995,13.015000000000041,125.8
79.80999999999995,13.015000000000041,124.6
79.84499999999991,13.015000000000041,110.3
79.87499999999989,13.015000000000041,107.5
79.87999999999988,13.015000000000041,111.7
80.03999999999974,13.015000000000041,74.0
80.09499999999969,13.015000000000041,62.3
80.10999999999967,13.015000000000041,56.3
80.21999999999957,13.015000000000041,14.0
80.3049999999995,13.015000000000041,-2.0
80.33999999999946,13.015000000000041,-2.0
80.34499999999946,13.015000000000041,6.0
80.34999999999945,13.015000000000041,-2.0
80.35499999999945,13.015000000000041,2.3
80.35999999999945,13.015000000000041,8.8
80.36499999999944,13.015000000000041,-2.0
80.36999999999944,13.015000000000041,4.1
80.37499999999943,13.015000000000041,0.1
80.37999999999943,13.015000000000041,-2.0
80.38499999999942,13.015000000000041,7.6
80.38999999999942,13.015000000000041,-2.0
80.39499999999941,13.015000000000041,3.7
80.39999999999941,13.015000000000041,-0.3
80.4049999999994,13.015000000000041,-1.9
80.4099999999994,13.015000000000041,-0.5
80.4149999999994,13.015000000000041,11.0
80.41999999999939,13.015000000000041,-2.0
80.42499999999939,13.015000000000041,0.7
80.42999999999938,13.015000000000041,1.9
80.43499999999938,13.015000000000041,5.3
80.43999999999937,13.015000000000041,6.8
80.44499999999937,13.015000000000041,2.0
80.44999999999936,13.015000000000041,6.0
80.04938945399542,13.015261644833942,19.0
80.10801605873552,13.015435203294183,16.0
80.06596922118851,13.015584265899216,19.0
80.22446064865613,13.016360324959738,12.0
80.06396953852776,13.01640352982504,19.0
80.08041502164258,13.016531187367429,21.0
79.97177994493103,13.016830765246803,38.0
79.99551121964431,13.016926058451675,35.0
80.25188372249984,13.017082040182588,4.0
79.97994669691975,13.017460151116202,40.0
79.96725896209237,13.017628207436124,45.0
80.16948670272302,13.017632153121568,14.0
80.1870899537455,13.018387196273508,9.0
79.89131831090498,13.01848838366096,78.0
79.86637252663937,13.018604049665516,59.0
80.10866883033133,13.018665109265058,17.0
79.9780553746778,13.018848973868405,40.0
80.22148335253243,13.019193463777478,11.0
80.24893054711143,13.019320097712,7.0
79.81688504515252,13.019485550811105,63.0
80.14981295401991,13.01976707232804,13.0
79.80149009396803,13.019943141430891,63.0
79.75,13.020000000000042,132.5
79.755,13.020000000000042,130.6
79.75999999999999,13.020000000000042,132.6
79.76499999999999,13.020000000000042,131.4
79.76999999999998,13.020000000000042,131.6
79.77499999999998,13.020000000000042,128.9
79.77999999999997,13.020000000000042,121.7
79.78499999999997,13.020000000000042,123.9
79.78999999999996,13.020000000000042,123.5
79.79499999999996,13.020000000000042,119.5
79.79999999999995,13.020000000000042,131.9
79.83999999999992,13.020000000000042,110.5
79.8599999999999,13.020000000000042,110.5
79.93499999999983,13.020000000000042,96.7
80.10499999999968,13.020000000000042,56.8
80.10999999999967,13.020000000000042,62.7
80.33999999999946,13.020000000000042,8.7
80.34499999999946,13.020000000000042,-2.0
80.34999999999945,13.020000000000042,5.2
80.35499999999945,13.020000000000042,1.0
80.35999999999945,13.020000000000042,5.7
80.36499999999944,13.020000000000042,4.8
80.36999999999944,13.020000000000042,2.6
80.37499999999943,13.020000000000042,1.9
80.37999999999943,13.020000000000042,-0.0
80.38499999999942,13.020000000000042,10.9
80.38999999999942,13.020000000000042,-2.0
80.39499999999941,13.020000000000042,-1.4
80.39999999999941,13.020000000000042,5.7
80.4049999999994,13.020000000000042,4.1
80.4099999999994,13.020000000000042,-0.6
80.4149999999994,13.020000000000042,-2.0
80.41999999999939,13.020000000000042,7.2
80.42499999999939,13.020000000000042,-1.6
80.42999999999938,13.020000000000042,3.0
80.43499999999938,13.020000000000042,1.8
80.43999999999937,13.020000000000042,6.8
80.44499999999937,13.020000000000042,2.4
80.44999999999936,13.020000000000042,2.4
79.9120788428024,13.020013922186948,63.0
80.25743422095044,13.020178210653013,11.0
80.16445480270035,13.020582349762016,16.0
79.80937434302545,13.020893575001349,62.0
80.20997678240244,13.020907704315372,8.0
80.08515651143138,13.021093786050828,21.0
80.22179811352387,13.02125536623596,14.0
79.90760869307132,13.021538104620904,73.0
80.09444257440984,13.021841590366009,20.0
80.27234032007236,13.02197628594535,4.0
80.09083385694697,13.022078598085567,20.0
80.21402711389074,13.0221747140278,11.0
79.96587624292604,13.022492502817084,45.0
79.92462577183353,13.02266473384202,60.0
80.15688005062864,13.022749941058894,15.0
79.94868265244489,13.022810203951131,50.0
80.14309224721866,13.02291376677502,17.0
79.85114965636429,13.023071798901857,72.0
80.12319438083755,13.023513128559012,17.0
80.19439935847282,13.023816080697774,10.0
79.91915430572504,13.024099130870042,65.0
80.12968385049791,13.024100870011637,18.0
80.04420356658977,13.024432267412664,26.0
79.93526982576869,13.02445940635153,57.0
79.9146681895878,13.024481708030583,71.0
79.75,13.025000000000043,139.2
79.755,13.025000000000043,135.6
79.75999999999999,13.025000000000043,129.5
79.76499999999999,13.025000000000043,122.2
79.76999999999998,13.025000000000043,132.7
79.77499999999998,13.025000000000043,119.7
79.77999999999997,13.025000000000043,127.8
79.78499999999997,13.025000000000043,124.0
79.78999999999996,13.025000000000043,130.3
79.79499999999996,13.025000000000043,127.5
79.79999999999995,13.025000000000043,117.6
79.91499999999985,13.025000000000043,104.0
79.95499999999981,13.025000000000043,86.9
79.9699999999998,13.025000000000043,83.1
79.9749999999998,13.025000000000043,87.0
80.03499999999974,13.025000000000043,77.9
80.09499999999969,13.025000000000043,55.3
80.09999999999968,13.025000000000043,58.9
80.30999999999949,13.025000000000043,6.4
80.32999999999947,13.025000000000043,-2.0
80.33999999999946,13.025000000000043,1.2
80.34499999999946,13.025000000000043,11.3
80.34999999999945,13.025000000000043,2.6
80.35499999999945,13.025000000000043,-0.2
80.35999999999945,13.025000000000043,12.8
80.36499999999944,13.025000000000043,5.1
80.36999999999944,13.025000000000043,2.0
80.37499999999943,13.025000000000043,10.1
80.37999999999943,13.025000000000043,-2.0
80.38499999999942,13.025000000000043,5.5
80.38999999999942,13.025000000000043,2.9
80.39499999999941,13.025000000000043,8.8
80.39999999999941,13.025000000000043,5.5
80.4049999999994,13.025000000000043,-2.0
80.4099999999994,13.025000000000043,-2.0
80.4149999999994,13.025000000000043,-2.0
80.41999999999939,13.025000000000043,6.4
80.42499999999939,13.025000000000043,5.4
80.42999999999938,13.025000000000043,9.6
80.43499999999938,13.025000000000043,-1.4
80.43999999999937,13.025000000000043,1.1
80.44499999999937,13.025000000000043,-2.0
80.44999999999936,13.025000000000043,-2.0
79.99276564620367,13.025036655663476,30.0
80.17921298595405,13.025115720219624,13.0
80.06091875773832,13.025128339842894,25.0
80.02904124340145,13.02517875422225,32.0
80.02510044827638,13.025203289799652,34.0
79.9269976614465,13.025751561549216,58.0
79.88534633858391,13.025867806108632,72.0
80.06279460894531,13.025966776799564,23.0
80.1769930877128,13.026547722305384,13.0
80.09390255458494,13.026548318603467,19.0
80.10769098940928,13.026745126961666,19.0
80.25976436074028,13.026819462969051,11.0
80.20855511662495,13.027487885426591,3.0
80.22610342564367,13.027563356897602,7.0
79.96053357626236,13.028039690683237,47.0
80.15006979334207,13.028066954503885,14.0
79.81696499781974,13.02841164416227,60.0
79.98624876387956,13.02862194903985,33.0
80.08064459493112,13.02871823132771,23.0
80.1085157281824,13.028731679476117,23.0
79.91609002816071,13.028916294716858,73.0
80.00665664020323,13.029095938117006,31.0
80.19905150974132,13.029160314097172,8.0
80.05756692378542,13.029171118495018,30.0
79.81084987504855,13.029180838703825,64.0
80.06430924130494,13.029186957227171,22.0
80.09113063462094,13.02940297998981,21.0
80.13411810773472,13.029447143989549,16.0
80.10300528501702,13.029548590746938,21.0
80.07589970810915,13.02964435051834,21.0
80.06912285501937,13.029849149326967,22.0
79.99631744065691,13.029954093532902,30.0
79.75,13.030000000000044,130.2
79.755,13.030000000000044,138.2
79.75999999999999,13.030000000000044,132.7
79.76499999999999,13.030000000000044,121.7
79.76999999999998,13.030000000000044,137.4
79.77499999999998,13.030000000000044,131.9
79.77999999999997,13.030000000000044,131.6
79.78499999999997,13.030000000000044,131.8
79.78999999999996,13.030000000000044,123.6
79.79499999999996,13.030000000000044,137.1
79.79999999999995,13.030000000000044,122.6
79.87499999999989,13.030000000000044,113.6
79.90499999999986,13.030000000000044,104.3
79.97999999999979,13.030000000000044,82.5
79.99499999999978,13.030000000000044,81.3
80.06499999999971,13.030000000000044,63.5
80.21499999999958,13.030000000000044,17.6
80.23999999999955,13.030000000000044,9.0
80.28999999999951,13.030000000000044,-1.6
80.3049999999995,13.030000000000044,0.6
80.31999999999948,13.030000000000044,-2.0
80.33999999999946,13.030000000000044,-0.7
80.34499999999946,13.030000000000044,-1.9
80.34999999999945,13.030000000000044,2.1
80.35499999999945,13.030000000000044,3.9
80.35999999999945,13.030000000000044,1.6
80.36499999999944,13.030000000000044,-1.4
80.36999999999944,13.030000000000044,-2.0
80.37499999999943,13.030000000000044,-1.4
80.37999999999943,13.030000000000044,-2.0
80.38499999999942,13.030000000000044,9.1
80.38999999999942,13.030000000000044,0.1
80.39499999999941,13.030000000000044,4.1
80.39999999999941,13.030000000000044,-2.0
80.4049999999994,13.030000000000044,2.7
80.4099999999994,13.030000000000044,11.6
80.4149999999994,13.030000000000044,13.3
80.41999999999939,13.030000000000044,0.1
80.42499999999939,13.030000000000044,8.7
80.42999999999938,13.030000000000044,0.3
80.43499999999938,13.030000000000044,2.7
80.43999999999937,13.030000000000044,-2.0
80.44499999999937,13.030000000000044,4.7
80.44999999999936,13.030000000000044,4.7
80.16920986274901,13.030603577553906,16.0
80.163456422069,13.03068628020459,17.0
80.23786679451464,13.030880599163227,15.0
80.16085573578636,13.031060487272931,15.0
80.16115104520074,13.031158225773062,17.0
79.99879367685385,13.031250007544468,33.0
79.88034219501596,13.031361775099583,63.0
80.06002854056358,13.03149496164067,31.0
79.87463407601332,13.031587082090809,56.0
80.16293966805812,13.031760370927026,19.0
80.05927882516374,13.031773498209954,34.0
80.06381885433956,13.031777968385205,19.0
80.16149939789977,13.032137049624932,15.0
80.19159067509204,13.032137358359336,11.0
79.91578005881952,13.032846599452546,72.0
80.09852484569753,13.033085031671568,23.0
79.9495158405241,13.033209985359246,50.0
80.06191095426284,13.033245204695747,25.0
79.85003898729806,13.033275331528412,60.0
80.08767870567306,13.033427272907918,21.0
80.17371214748545,13.033603559962309,17.0
79.86221354528251,13.03376349141764,60.0
79.96494884339472,13.033791641473496,45.0
80.08136948136107,13.03383610825144,23.0
79.89457666053387,13.03387932246718,73.0
79.82224222693742,13.034457790751365,59.0
80.07618402456617,13.034807367840166,22.0
79.88800418548824,13.034897269759984,67.0
79.75,13.035000000000045,137.8
79.755,13.035000000000045,131.1
79.75999999999999,13.035000000000045,132.8
79.76499999999999,13.035000000000045,128.2
79.76999999999998,13.035000000000045,134.8
79.77499999999998,13.035000000000045,127.1
79.77999999999997,13.035000000000045,126.1
79.78499999999997,13.035000000000045,129.8
79.78999999999996,13.035000000000045,122.3
79.79499999999996,13.035000000000045,133.6
79.79999999999995,13.035000000000045,114.5
79.94499999999982,13.035000000000045,88.1
79.9649999999998,13.035000000000045,94.5
80.06999999999971,13.035000000000045,60.1
80.12999999999965,13.035000000000045,45.0
80.13999999999965,13.035000000000045,45.3
80.23999999999955,13.035000000000045,5.1
80.27999999999952,13.035000000000045,-2.0
80.3049999999995,13.035000000000045,8.3
80.33999999999946,13.035000000000045,-2.0
80.34499999999946,13.035000000000045,12.6
80.34999999999945,13.035000000000045,-0.7
80.35499999999945,13.035000000000045,-2.0
80.35999999999945,13.035000000000045,5.7
80.36499999999944,13.035000000000045,7.2
80.36999999999944,13.035000000000045,5.1
80.37499999999943,13.035000000000045,-0.6
80.37999999999943,13.035000000000045,5.3
80.38499999999942,13.035000000000045,0.2
80.38999999999942,13.035000000000045,-2.0
80.39499999999941,13.035000000000045,-2.0
80.39999999999941,13.035000000000045,0.3
80.4049999999994,13.035000000000045,-2.0
80.4099999999994,13.035000000000045,5.1
80.4149999999994,13.035000000000045,-2.0
80.41999999999939,13.035000000000045,3.6
80.42499999999939,13.035000000000045,6.7
80.42999999999938,13.035000000000045,-2.0
80.43499999999938,13.035000000000045,-1.1
80.43999999999937,13.035000000000045,0.9
80.44499999999937,13.035000000000045,1.8
80.44999999999936,13.035000000000045,-2.0
79.87037966676215,13.03503003160452,55.0
79.95575417288572,13.035257797983332,47.0
79.84952155893343,13.035337125195456,61.0
80.01818228888476,13.035363987889014,44.0
79.80901802716616,13.035396965099764,61.0
79.84097091478947,13.035492812666057,56.0
79.81920389234853,13.03554414811548,59.0
79.99848176021251,13.035615820917508,34.0
80.25420140190373,13.03562042228129,12.0
80.08439159230025,13.035744249664392,21.0
80.13073583869789,13.036069713089663,19.0
80.05103344753454,13.036238747878109,28.0
79.99157510856463,13.036338577680777,37.0
80.17734296152594,13.036405226178656,16.0
79.90967213187947,13.036436737275178,67.0
80.2128016886622,13.036525511977349,14.0
79.80545534720115,13.036700684071402,65.0
80.12013754607634,13.036891081482883,15.0
79.85933988315034,13.036924319096514,59.0
79.9484304837562,13.036930167806078,47.0
79.83056185547484,13.03695793892979,56.0
79.99323674159066,13.03713533456098,38.0
79.8023809033016,13.037412473393283,63.0
80.2751550301827,13.037637204113077,10.0
79.90869008955094,13.037733559675551,66.0
79.83044242596792,13.038011931815516,57.0
79.82463291795275,13.03803973276675,59.0
80.0957855001368,13.03898826657394,22.0
79.82375651583801,13.039262356473552,59.0
80.10924720503847,13.039406874904422,21.0
80.07291727230596,13.039494560653118,27.0
80.10409946318313,13.039649191224935,22.0
80.24402787989027,13.039650124604634,14.0
79.89415607985399,13.039716161336026,61.0
80.15385842227897,13.039731055595114,20.0
79.9411536304619,13.03974057457126,51.0
79.80385541795303,13.03974234964758,59.0
79.96006637040625,13.039848915907724,46.0
79.9064921663345,13.039910088691013,63.0
80.10852243071766,13.039931301509736,20.0
79.75,13.040000000000045,130.9
79.755,13.040000000000045,136.3
79.75999999999999,13.040000000000045,125.4
79.76499999999999,13.040000000000045,138.2
79.76999999999998,13.040000000000045,136.9
79.77499999999998,13.040000000000045,129.3
79.77999999999997,13.040000000000045,131.1
79.78499999999997,13.040000000000045,130.5
79.78999999999996,13.040000000000045,126.3
79.79499999999996,13.040000000000045,117.6
79.79999999999995,13.040000000000045,127.3
79.84499999999991,13.040000000000045,112.9
79.84999999999991,13.040000000000045,120.3
79.94999999999982,13.040000000000045,84.6
79.95499999999981,13.040000000000045,87.6
80.00999999999976,13.040000000000045,79.5
80.05499999999972,13.040000000000045,65.3
80.06499999999971,13.040000000000045,64.7
80.17999999999961,13.040000000000045,22.2
80.20499999999959,13.040000000000045,22.8
80.32999999999947,13.040000000000045,-0.8
80.33999999999946,13.040000000000045,10.4
80.34499999999946,13.040000000000045,-2.0
80.34999999999945,13.040000000000045,10.1
80.35499999999945,13.040000000000045,0.7
80.35999999999945,13.040000000000045,-2.0
80.36499999999944,13.040000000000045,8.9
80.36999999999944,13.040000000000045,5.8
80.37499999999943,13.040000000000045,-2.0
80.37999999999943,13.040000000000045,-2.0
80.38499999999942,13.040000000000045,5.3
80.38999999999942,13.040000000000045,2.7
80.39499999999941,13.040000000000045,-1.9
80.39999999999941,13.040000000000045,3.0
80.4049999999994,13.040000000000045,11.8
80.4099999999994,13.040000000000045,6.8
80.4149999999994,13.040000000000045,6.2
80.41999999999939,13.040000000000045,-0.4
80.42499999999939,13.040000000000045,-2.0
80.42999999999938,13.040000000000045,-2.0
80.43499999999938,13.040000000000045,2.9
80.43999999999937,13.040000000000045,-0.5
80.44499999999937,13.040000000000045,-2.0
80.44999999999936,13.040000000000045,2.6
80.09392825905006,13.040070641584776,25.0
80.09107228812886,13.04007159380626,20.0
79.96367630067017,13.04022265904096,44.0
79.8341874180687,13.04058801861246,60.0
79.9562759107877,13.040880167481294,44.0
80.00173347121316,13.04089307618286,34.0
80.26022490284555,13.041234784928182,14.0
79.9297449631269,13.041763918526856,54.0
79.97373212403113,13.04199553149679,42.0
80.25577945068942,13.042096869327436,12.0
79.97909537072556,13.042422764500266,49.0
79.83129513303642,13.04256432635401,59.0
79.9833639178591,13.042591862063585,45.0
79.94009158972808,13.042638499153632,54.0
79.95719293472217,13.04281585292373,49.0
80.06611785508802,13.043279792664196,25.0
80.14938150164903,13.04338825470243,14.0
79.98642906538691,13.04362931320034,42.0
80.20078815798567,13.043657002127878,15.0
80.17720749212923,13.04372500889044,15.0
79.99938841617029,13.044099723250094,35.0
79.85650348771493,13.044157148652914,60.0
79.87185366074398,13.044356270025832,54.0
79.92658856026537,13.04453708112956,57.0
79.89462078240815,13.044737779314543,59.0
80.22482939224146,13.044854098660515,16.0
80.0942921992207,13.044967123239797,23.0
79.75,13.045000000000046,136.6
79.755,13.045000000000046,136.3
79.75999999999999,13.045000000000046,135.0
79.76499999999999,13.045000000000046,128.4
79.76999999999998,13.045000000000046,127.0
79.77499999999998,13.045000000000046,127.1
79.77999999999997,13.045000000000046,124.0
79.78499999999997,13.045000000000046,137.7
79.78999999999996,13.045000000000046,128.8
79.79499999999996,13.045000000000046,117.5
79.79999999999995,13.045000000000046,137.7
79.81999999999994,13.045000000000046,108.0
79.82499999999993,13.045000000000046,133.8
79.83999999999992,13.045000000000046,123.2
79.91999999999985,13.045000000000046,97.6
80.01999999999975,13.045000000000046,72.5
80.09499999999969,13.045000000000046,58.6
80.11999999999966,13.045000000000046,55.7
80.16999999999962,13.045000000000046,30.1
80.17999999999961,13.045000000000046,19.9
80.28999999999951,13.045000000000046,-1.3
80.3049999999995,13.045000000000046,10.6
80.31499999999949,13.045000000000046,-0.6
80.33999999999946,13.045000000000046,-2.0
80.34499999999946,13.045000000000046,1.6
80.34999999999945,13.045000000000046,-2.0
80.35499999999945,13.045000000000046,2.0
80.35999999999945,13.045000000000046,4.0
80.36499999999944,13.045000000000046,-2.0
80.36999999999944,13.045000000000046,6.1
80.37499999999943,13.045000000000046,0.6
80.37999999999943,13.045000000000046,-0.5
80.38499999999942,13.045000000000046,0.2
80.38999999999942,13.045000000000046,8.3
80.39499999999941,13.045000000000046,14.6
80.39999999999941,13.045000000000046,-2.0
80.4049999999994,13.045000000000046,1.7
80.4099999999994,13.045000000000046,-2.0
80.4149999999994,13.045000000000046,-2.0
80.41999999999939,13.045000000000046,0.5
80.42499999999939,13.045000000000046,11.7
80.42999999999938,13.045000000000046,9.2
80.43499999999938,13.045000000000046,3.8
80.43999999999937,13.045000000000046,2.8
80.44499999999937,13.045000000000046,2.3
80.44999999999936,13.045000000000046,8.0
79.82675271712417,13.045012647058844,59.0
80.09227376287686,13.045057274483254,22.0
79.85132236774812,13.045106052972397,56.0
79.83807042521234,13.045225605166635,60.0
80.24959933443655,13.045451164063822,15.0
80.02530909647105,13.045456255930956,38.0
80.16351075097563,13.045479635278715,15.0
80.19293715368481,13.045592214824175,16.0
79.98391602356018,13.045628608627334,41.0
79.99957243722503,13.045756447237467,37.0
80.16854121076545,13.04589688160366,15.0
80.15457268908074,13.045986516000148,16.0
80.10337628989535,13.046027035495351,21.0
80.2544963694096,13.046073496193,12.0
80.04062211474944,13.04621095635547,25.0
80.09633264660883,13.046214806785075,25.0
79.87281588196021,13.046411843836838,55.0
80.11241302562469,13.046909099665571,22.0
80.25934254578559,13.047067751121086,10.0
79.92843332926543,13.047443917535114,57.0
80.02905359956486,13.0474942088248,35.0
80.13958442231262,13.047496716186798,18.0
80.208342661473,13.047579388681338,15.0
80.03678673256135,13.047899649634948,25.0
80.0730018510293,13.04843632928403,23.0
80.16433077619367,13.048463368035092,17.0
80.28062259803903,13.048537469076509,11.0
80.0428361340421,13.048569796760402,25.0
79.85280636999084,13.04860902218959,56.0
80.17069577314761,13.048615964958971,13.0
80.14254865669136,13.048670991444586,15.0
79.91366552314364,13.0490247572195,63.0
80.05677626608687,13.04911931221908,25.0
80.00036337589398,13.049291510209594,37.0
80.02652436747883,13.049668313945102,37.0
80.1938207087005,13.049695403951434,15.0
80.22238348625581,13.049747155030136,15.0
79.75,13.050000000000047,134.6
79.755,13.050000000000047,128.6
79.75999999999999,13.050000000000047,139.5
79.76499999999999,13.050000000000047,133.4
79.76999999999998,13.050000000000047,128.9
79.77499999999998,13.050000000000047,132.0
79.77999999999997,13.050000000000047,131.9
79.78499999999997,13.050000000000047,117.4
79.78999999999996,13.050000000000047,131.2
79.79499999999996,13.050000000000047,126.9
79.79999999999995,13.050000000000047,119.3
79.81999999999994,13.050000000000047,119.9
79.90999999999985,13.050000000000047,96.7
79.92999999999984,13.050000000000047,93.2
79.98999999999978,13.050000000000047,80.5
80.03999999999974,13.050000000000047,76.5
80.04499999999973,13.050000000000047,74.3
80.05499999999972,13.050000000000047,62.4
80.05999999999972,13.050000000000047,60.8
80.11499999999967,13.050000000000047,59.9
80.12499999999966,13.050000000000047,49.8
80.28999999999951,13.050000000000047,2.6
80.33999999999946,13.050000000000047,5.0
80.34499999999946,13.050000000000047,1.7
80.34999999999945,13.050000000000047,3.4
80.35499999999945,13.050000000000047,3.8
80.35999999999945,13.050000000000047,-0.2
80.36499999999944,13.050000000000047,5.6
80.36999999999944,13.050000000000047,13.0
80.37499999999943,13.050000000000047,11.1
80.37999999999943,13.050000000000047,9.0
80.38499999999942,13.050000000000047,5.2
80.38999999999942,13.050000000000047,4.9
80.39499999999941,13.050000000000047,-1.3
80.39999999999941,13.050000000000047,2.7
80.4049999999994,13.050000000000047,3.0
80.4099999999994,13.050000000000047,7.0
80.4149999999994,13.050000000000047,6.2
80.41999999999939,13.050000000000047,5.7
80.42499999999939,13.050000000000047,1.1
80.42999999999938,13.050000000000047,2.5
80.43499999999938,13.050000000000047,-1.4
80.43999999999937,13.050000000000047,1.2
80.44499999999937,13.050000000000047,12.3
80.44999999999936,13.050000000000047,1.7
79.94511140773761,13.050150497269328,43.0
80.02151598777797,13.050372144876697,30.0
80.27498303465025,13.050467946918388,8.0
80.23208849241915,13.050600348942334,12.0
80.21347019452965,13.0506360636304,14.0
80.09426710339032,13.05064465862773,27.0
79.9577810475094,13.051201875797846,53.0
80.10400694536985,13.051875248962975,26.0
79.88459504463016,13.051942891440408,49.0
79.8635582418194,13.051945536560014,58.0
80.11648251367731,13.052045551744127,19.0
80.26111545873508,13.052103855938654,10.0
80.23098847403527,13.052204430751097,12.0
79.91395805440975,13.052340379274144,54.0
80.11935281604802,13.052400630673764,16.0
80.0043449845017,13.05248203671428,30.0
80.09605945478458,13.052822252547324,23.0
80.16048184228995,13.052857402775851,12.0
79.82196764289095,13.053190973755576,58.0
80.09830741642713,13.053908152345803,23.0
80.19172833452895,13.054064352735663,13.0
80.27429506508008,13.054335056939864,11.0
80.02701077111293,13.054390359026002,27.0
79.80991421908224,13.0549788904411,58.0
79.75,13.055000000000048,135.5
79.755,13.055000000000048,126.8
79.75999999999999,13.055000000000048,133.9
79.76499999999999,13.055000000000048,124.3
79.76999999999998,13.055000000000048,126.3
79.77499999999998,13.055000000000048,132.8
79.77999999999997,13.055000000000048,133.2
79.78499999999997,13.055000000000048,135.5
79.78999999999996,13.055000000000048,124.0
79.79499999999996,13.055000000000048,126.1
79.79999999999995,13.055000000000048,117.3
79.81499999999994,13.055000000000048,121.8
79.83499999999992,13.055000000000048,106.0
79.88999999999987,13.055000000000048,98.2
79.90999999999985,13.055000000000048,100.6
79.98499999999979,13.055000000000048,85.6
79.98999999999978,13.055000000000048,80.2
79.99999999999977,13.055000000000048,77.5
80.01499999999976,13.055000000000048,73.0
80.12999999999965,13.055000000000048,49.5
80.17499999999961,13.055000000000048,33.6
80.1949999999996,13.055000000000048,26.5
80.20999999999958,13.055000000000048,23.7
80.21499999999958,13.055000000000048,13.2
80.25499999999954,13.055000000000048,2.6
80.27999999999952,13.055000000000048,2.4
80.33999999999946,13.055000000000048,-2.0
80.34499999999946,13.055000000000048,-2.0
80.34999999999945,13.055000000000048,9.3
80.35499999999945,13.055000000000048,-1.2
80.35999999999945,13.055000000000048,-2.0
80.36499999999944,13.055000000000048,3.9
80.36999999999944,13.055000000000048,6.7
80.37499999999943,13.055000000000048,9.2
80.37999999999943,13.055000000000048,-2.0
80.38499999999942,13.055000000000048,-0.5
80.38999999999942,13.055000000000048,15.2
80.39499999999941,13.055000000000048,1.4
80.39999999999941,13.055000000000048,3.5
80.4049999999994,13.055000000000048,3.1
80.4099999999994,13.055000000000048,3.5
80.4149999999994,13.055000000000048,-1.2
80.41999999999939,13.055000000000048,-1.3
80.42499999999939,13.055000000000048,-2.0
80.42999999999938,13.055000000000048,4.9
80.43499999999938,13.055000000000048,4.5
80.43999999999937,13.055000000000048,0.2
80.44499999999937,13.055000000000048,3.7
80.44999999999936,13.055000000000048,3.8
79.91959107638924,13.05500410555534,53.0
80.01982605549499,13.055079894468909,28.0
80.2518549976271,13.055218902498948,13.0
80.0873213146355,13.055323263076044,22.0
80.17651885542983,13.055591344854864,14.0
80.26634900545184,13.055732466808225,8.0
80.05585229700986,13.055911858843691,29.0
80.07655551881453,13.056211857597178,22.0
80.08797983465173,13.056362019367194,23.0
79.81071767259877,13.056694264164102,57.0
80.07027597754907,13.05681564626964,25.0
79.97571038138709,13.056851992549198,35.0
80.09899652044065,13.05697951651353,22.0
79.80240745147887,13.057027366310484,59.0
80.02948768989818,13.05704929576012,30.0
80.18592877313426,13.057088027373222,11.0
80.13349219359142,13.057099279387376,19.0
80.01900874445431,13.057116563575356,27.0
79.82810080064765,13.057201645276978,57.0
80.08030002114403,13.057552093773344,20.0
80.22354087896473,13.057584764257523,17.0
80.2769434879505,13.058060520269905,8.0
79.8567384617759,13.058137926846571,54.0
79.9234401296626,13.058161509372148,54.0
80.01124252151239,13.05830490790631,27.0
80.12737539891721,13.058415152311348,18.0
80.0793355804681,13.058733772549385,23.0
80.1873108356993,13.058911550988093,11.0
80.05955677396653,13.059063529631764,25.0
79.84460163143916,13.059270386236816,55.0
80.0190075261294,13.059502539153929,28.0
80.23143561926359,13.059901705048915,12.0
79.75,13.060000000000048,134.6
79.755,13.060000000000048,125.3
79.75999999999999,13.060000000000048,126.5
79.76499999999999,13.060000000000048,132.5
79.76999999999998,13.060000000000048,126.3
79.77499999999998,13.060000000000048,121.1
79.77999999999997,13.060000000000048,127.5
79.78499999999997,13.060000000000048,117.8
79.78999999999996,13.060000000000048,127.1
79.79499999999996,13.060000000000048,123.8
79.79999999999995,13.060000000000048,128.4
79.93499999999983,13.060000000000048,91.3
79.95999999999981,13.060000000000048,86.6
79.99499999999978,13.060000000000048,88.1
80.01999999999975,13.060000000000048,81.2
80.03499999999974,13.060000000000048,76.7
80.11499999999967,13.060000000000048,58.0
80.25999999999954,13.060000000000048,-1.0
80.26499999999953,13.060000000000048,0.7
80.33999999999946,13.060000000000048,3.1
80.34499999999946,13.060000000000048,2.2
80.34999999999945,13.060000000000048,1.2
80.35499999999945,13.060000000000048,6.5
80.35999999999945,13.060000000000048,-2.0
80.36499999999944,13.060000000000048,3.5
80.36999999999944,13.060000000000048,-2.0
80.37499999999943,13.060000000000048,-1.5
80.37999999999943,13.060000000000048,15.3
80.38499999999942,13.060000000000048,1.4
80.38999999999942,13.060000000000048,4.1
80.39499999999941,13.060000000000048,1.0
80.39999999999941,13.060000000000048,5.5
80.4049999999994,13.060000000000048,11.5
80.4099999999994,13.060000000000048,-2.0
80.4149999999994,13.060000000000048,5.1
80.41999999999939,13.060000000000048,-2.0
80.42499999999939,13.060000000000048,-2.0
80.42999999999938,13.060000000000048,-2.0
80.43499999999938,13.060000000000048,-0.4
80.43999999999937,13.060000000000048,5.2
80.44499999999937,13.060000000000048,-0.8
80.44999999999936,13.060000000000048,8.0
80.00988888508337,13.060026817523514,26.0
80.18293465531337,13.060027809572066,13.0
79.98441638952966,13.06023333662476,30.0
79.82439204676193,13.060252791182924,62.0
79.93291073243827,13.060387167749871,55.0
79.93073762396628,13.060586958517408,56.0
80.1515141692559,13.060589223681024,17.0
80.22434600471504,13.060649038260957,11.0
80.12595190030767,13.060727118301696,18.0
80.10141359279032,13.060774522670062,13.0
80.07494052260745,13.060790218057504,23.0
79.89727866864368,13.060801489978294,49.0
80.00373907460525,13.061132074369343,28.0
80.16137984196601,13.061303446347576,16.0
80.10091485970977,13.061763770978278,20.0
80.07180267422684,13.06177450178916,23.0
79.89413011523602,13.06196109527846,50.0
80.11493758353598,13.062067659711865,19.0
80.08316155585078,13.062311103010634,21.0
80.1899399509598,13.062333437815408,13.0
79.98844165911696,13.062503232109492,29.0
80.06221392935387,13.062572291703116,25.0
80.24432736510451,13.062631048548432,11.0
80.27273402389417,13.062793162052348,11.0
80.24791851778248,13.062890407604815,13.0
79.86771791348455,13.06289610826189,57.0
80.12942632325843,13.063354523630812,17.0
80.27001119818621,13.063631320457224,10.0
80.26599149130098,13.064197944230102,12.0
80.01112464510338,13.064225378777657,28.0
80.176625102117,13.06422799172022,16.0
80.2072169650104,13.06433399002657,9.0
79.88670030833671,13.064711254483484,49.0
79.92114117784375,13.06477577082406,48.0
80.25628932773279,13.064796741928149,7.0
79.83757584301998,13.064941823965396,55.0
79.75,13.06500000000005,136.8
79.755,13.06500000000005,130.2
79.75999999999999,13.06500000000005,131.3
79.76499999999999,13.06500000000005,133.2
79.76999999999998,13.06500000000005,127.7
79.77499999999998,13.06500000000005,129.4
79.77999999999997,13.06500000000005,131.2
79.78499999999997,13.06500000000005,127.6
79.78999999999996,13.06500000000005,130.9
79.79499999999996,13.06500000000005,130.8
79.79999999999995,13.06500000000005,120.0
79.82499999999993,13.06500000000005,120.1
79.83499999999992,13.06500000000005,122.0
79.88999999999987,13.06500000000005,106.0
80.00499999999977,13.06500000000005,84.0
80.02499999999975,13.06500000000005,78.5
80.14999999999964,13.06500000000005,46.7
80.15999999999963,13.06500000000005,32.1
80.1949999999996,13.06500000000005,25.0
80.22499999999957,13.06500000000005,19.6
80.33999999999946,13.06500000000005,6.9
80.34499999999946,13.06500000000005,9.5
80.34999999999945,13.06500000000005,0.7
80.35499999999945,13.06500000000005,7.1
80.35999999999945,13.06500000000005,13.2
80.36499999999944,13.06500000000005,5.1
80.36999999999944,13.06500000000005,6.6
80.37499999999943,13.06500000000005,-0.1
80.37999999999943,13.06500000000005,10.2
80.38499999999942,13.06500000000005,-2.0
80.38999999999942,13.06500000000005,5.1
80.39499999999941,13.06500000000005,1.3
80.39999999999941,13.06500000000005,2.3
80.4049999999994,13.06500000000005,8.3
80.4099999999994,13.06500000000005,3.8
80.4149999999994,13.06500000000005,7.0
80.41999999999939,13.06500000000005,3.6
80.42499999999939,13.06500000000005,-2.0
80.42999999999938,13.06500000000005,4.6
80.43499999999938,13.06500000000005,4.5
80.43999999999937,13.06500000000005,0.5
80.44499999999937,13.06500000000005,10.5
80.44999999999936,13.06500000000005,-1.7
79.93756578019563,13.065096303641408,47.0
80.051478018444,13.065194569773965,28.0
80.09410460151928,13.065394289653373,26.0
80.182585099307,13.065652124621591,10.0
80.2096920222199,13.06586422174504,13.0
79.82377873728318,13.06587690419309,56.0
79.94716538665415,13.06598034198974,39.0
80.23298769092263,13.066697318338164,9.0
80.1303314932668,13.066804744333844,11.0
80.10636561779569,13.067337279357474,17.0
80.09442517258786,13.067532058455733,23.0
80.1322854892367,13.067661149920369,15.0
79.95297467081606,13.06770603414804,41.0
80.25589407120852,13.06804128134128,12.0
80.07095332078545,13.06818100767203,22.0
79.90846733738715,13.06874823098476,51.0
80.20427075646994,13.068919384525971,7.0
79.94315763881026,13.068976562316804,46.0
79.96655688713544,13.06930424738746,43.0
80.27480504445862,13.069331528942216,13.0
79.98626282759868,13.069499147159004,31.0
80.1091960259223,13.06960103031834,19.0
79.9398285837392,13.069604621415616,41.0
80.19716602906978,13.069658745663729,14.0
79.93560483586798,13.06975283176004,48.0
79.94637484304887,13.06982953792406,46.0
79.75,13.07000000000005,138.1
79.755,13.07000000000005,135.5
79.75999999999999,13.07000000000005,132.9
79.76499999999999,13.07000000000005,137.8
79.76999999999998,13.07000000000005,132.5
79.77499999999998,13.07000000000005,134.2
79.77999999999997,13.07000000000005,129.3
79.78499999999997,13.07000000000005,126.3
79.78999999999996,13.07000000000005,126.8
79.79499999999996,13.07000000000005,123.8
79.79999999999995,13.07000000000005,121.7
79.81999999999994,13.07000000000005,126.9
79.82999999999993,13.07000000000005,101.0
79.84999999999991,13.07000000000005,114.8
79.87999999999988,13.07000000000005,109.6
79.90999999999985,13.07000000000005,101.9
80.09999999999968,13.07000000000005,50.7
80.26999999999953,13.07000000000005,2.9
80.32999999999947,13.07000000000005,-2.0
80.33499999999947,13.07000000000005,-2.0
80.33999999999946,13.07000000000005,-2.0
80.34499999999946,13.07000000000005,0.2
80.34999999999945,13.07000000000005,1.6
80.35499999999945,13.07000000000005,-0.7
80.35999999999945,13.07000000000005,-2.0
80.36499999999944,13.07000000000005,-2.0
80.36999999999944,13.07000000000005,8.9
80.37499999999943,13.07000000000005,8.0
80.37999999999943,13.07000000000005,-2.0
80.38499999999942,13.07000000000005,3.8
80.38999999999942,13.07000000000005,-2.0
80.39499999999941,13.07000000000005,2.9
80.39999999999941,13.07000000000005,5.9
80.4049999999994,13.07000000000005,7.8
80.4099999999994,13.07000000000005,7.5
80.4149999999994,13.07000000000005,4.1
80.41999999999939,13.07000000000005,2.6
80.42499999999939,13.07000000000005,1.7
80.42999999999938,13.07000000000005,0.1
80.43499999999938,13.07000000000005,-0.9
80.43999999999937,13.07000000000005,4.3
80.44499999999937,13.07000000000005,1.7
80.44999999999936,13.07000000000005,-1.2
80.21483449523335,13.07024970212927,11.0
80.16668167417319,13.07076147540584,16.0
79.8743818498659,13.070774873120133,55.0
80.21642887664358,13.070892315944944,12.0
80.22681423110704,13.071043742062631,13.0
79.9290394378496,13.071045594294173,45.0
80.11701883961905,13.071504554541956,22.0
80.03731834014631,13.072439197403128,29.0
79.9881871834571,13.07291023700546,34.0
80.1967741472608,13.07312832735472,14.0
80.2759450488012,13.073254463468102,3.0
80.0577693155923,13.073279614308795,24.0
79.88405073862401,13.073331089134554,54.0
79.85807117357218,13.07337949262458,52.0
79.83070960782165,13.073502538539358,57.0
80.05817223435548,13.073505349161294,24.0
79.99171164749707,13.073515027289934,33.0
80.27571615132264,13.073642587180894,3.0
79.84677473841333,13.073724672002296,54.0
79.87317414839981,13.07381652825532,54.0
80.16455231622088,13.0739106109753,9.0
80.02899356034257,13.074142552869803,29.0
79.93256818530374,13.0743673109193,44.0
79.84856894504216,13.074373723988687,57.0
80.19577756302998,13.074776925933104,12.0
79.93644280019053,13.074796913681643,40.0
80.00939471759926,13.074935474344551,29.0
79.75,13.07500000000005,128.1
79.755,13.07500000000005,139.1
79.75999999999999,13.07500000000005,121.7
79.76499999999999,13.07500000000005,132.6
79.76999999999998,13.07500000000005,129.7
79.77499999999998,13.07500000000005,132.1
79.77999999999997,13.07500000000005,134.6
79.78499999999997,13.07500000000005,132.3
79.78999999999996,13.07500000000005,127.4
79.79499999999996,13.07500000000005,129.5
79.79999999999995,13.07500000000005,132.4
79.81499999999994,13.07500000000005,112.4
79.83499999999992,13.07500000000005,120.5
79.86999999999989,13.07500000000005,110.3
79.88999999999987,13.07500000000005,96.6
79.90499999999986,13.07500000000005,107.5
79.95499999999981,13.07500000000005,90.3
79.99499999999978,13.07500000000005,84.8
80.09999999999968,13.07500000000005,54.9
80.19999999999959,13.07500000000005,18.2
80.23999999999955,13.07500000000005,13.7
80.31999999999948,13.07500000000005,5.4
80.33999999999946,13.07500000000005,14.8
80.34499999999946,13.07500000000005,3.8
80.34999999999945,13.07500000000005,2.0
80.35499999999945,13.07500000000005,-1.4
80.35999999999945,13.07500000000005,3.4
80.36499999999944,13.07500000000005,7.9
80.36999999999944,13.07500000000005,2.1
80.37499999999943,13.07500000000005,12.6
80.37999999999943,13.07500000000005,1.9
80.38499999999942,13.07500000000005,-0.6
80.38999999999942,13.07500000000005,2.4
80.39499999999941,13.07500000000005,0.0
80.39999999999941,13.07500000000005,4.6
80.4049999999994,13.07500000000005,2.6
80.4099999999994,13.07500000000005,7.5
80.4149999999994,13.07500000000005,-2.0
80.41999999999939,13.07500000000005,-2.0
80.42499999999939,13.07500000000005,10.3
80.42999999999938,13.07500000000005,8.4
80.43499999999938,13.07500000000005,6.5
80.43999999999937,13.07500000000005,2.3
80.44499999999937,13.07500000000005,-2.0
80.44999999999936,13.07500000000005,0.3
79.97929990883777,13.075239180861,40.0
80.07771221020901,13.075448419825044,23.0
80.17826255986537,13.075597375395969,15.0
80.24485313248162,13.075729978937968,11.0
79.83516242507885,13.075816991459927,53.0
79.82908238116593,13.075834060695591,52.0
79.83700966358917,13.076001139547238,52.0
79.9056053394013,13.076111923723452,51.0
80.03624725049558,13.076148807374915,31.0
80.21182763822435,13.076185232602128,16.0
79.8082507870092,13.076235701278556,57.0
79.93518446760244,13.076381872193164,39.0
80.16182303727093,13.0764245797373,15.0
79.93133380189245,13.07654272613432,44.0
79.93672456187552,13.07658343465554,40.0
79.93414552368425,13.076640569423857,42.0
80.10768630799966,13.076746698684715,19.0
80.14248883937395,13.076765501656432,16.0
80.08650247109414,13.076806194565483,20.0
79.97750408919637,13.076926813719544,44.0
80.22751705723489,13.076977486982818,13.0
79.89562758345502,13.077173638411738,53.0
79.93353816127939,13.077425916483712,42.0
80.0935622447715,13.077572156889204,20.0
80.10361537674264,13.077604101991191,20.0
80.05457887999688,13.07764186868224,26.0
80.01955833945414,13.077647244290022,30.0
80.04512888512838,13.077797879362874,29.0
79.9255905727081,13.077829086911194,44.0
79.96476994289809,13.078003423935778,43.0
79.88517012048315,13.078094855060296,59.0
80.22767858211192,13.078103725502014,12.0
79.95970069915546,13.078289888854416,37.0
79.93589226894352,13.079063715446678,42.0
80.14283048408114,13.079135463469248,15.0
80.09970403976389,13.079248138698912,19.0
79.97101475176521,13.07941308466264,41.0
79.99871992990968,13.07960275500391,32.0
79.88254764185874,13.079720412591412,60.0
80.05776279495409,13.079843012577792,27.0
79.75,13.080000000000052,139.5
79.755,13.080000000000052,142.0
79.75999999999999,13.080000000000052,133.2
79.76499999999999,13.080000000000052,128.3
79.76999999999998,13.080000000000052,136.0
79.77499999999998,13.080000000000052,131.6
79.77999999999997,13.080000000000052,130.7
79.78499999999997,13.080000000000052,134.2
79.78999999999996,13.080000000000052,137.7
79.79499999999996,13.080000000000052,128.4
79.79999999999995,13.080000000000052,128.9
79.82999999999993,13.080000000000052,117.7
79.92499999999984,13.080000000000052,106.3
79.93499999999983,13.080000000000052,94.0
79.94499999999982,13.080000000000052,95.5
79.94999999999982,13.080000000000052,96.9
79.98499999999979,13.080000000000052,91.9
80.02499999999975,13.080000000000052,82.4
80.03499999999974,13.080000000000052,73.0
80.11999999999966,13.080000000000052,53.1
80.12499999999966,13.080000000000052,60.0
80.13999999999965,13.080000000000052,44.8
80.17999999999961,13.080000000000052,30.0
80.24999999999955,13.080000000000052,13.6
80.32999999999947,13.080000000000052,-1.8
80.33999999999946,13.080000000000052,4.1
80.34499999999946,13.080000000000052,5.7
80.34999999999945,13.080000000000052,5.1
80.35499999999945,13.080000000000052,2.4
80.35999999999945,13.080000000000052,-2.0
80.36499999999944,13.080000000000052,4.1
80.36999999999944,13.080000000000052,2.7
80.37499999999943,13.080000000000052,7.6
80.37999999999943,13.080000000000052,8.1
80.38499999999942,13.080000000000052,4.1
80.38999999999942,13.080000000000052,2.0
80.39499999999941,13.080000000000052,7.8
80.39999999999941,13.080000000000052,-2.0
80.4049999999994,13.080000000000052,10.6
80.4099999999994,13.080000000000052,6.1
80.4149999999994,13.080000000000052,11.8
80.41999999999939,13.080000000000052,-0.1
80.42499999999939,13.080000000000052,10.5
80.42999999999938,13.080000000000052,2.8
80.43499999999938,13.080000000000052,5.0
80.43999999999937,13.080000000000052,6.3
80.44499999999937,13.080000000000052,8.5
80.44999999999936,13.080000000000052,-2.0
79.97952661301056,13.080294339501624,32.0
79.8143109461598,13.080431102361366,56.0
79.96789801364908,13.080538233326129,35.0
80.04668472873233,13.080560894638522,28.0
80.10565112991279,13.080802413979631,20.0
80.19174333084051,13.081227439114588,12.0
80.03561600179563,13.081313211327814,29.0
80.12642473319946,13.081558210931034,23.0
80.1282959728853,13.081641908939313,19.0
80.06047390052113,13.081883591580212,28.0
80.07821434765758,13.081924168511744,23.0
80.06792528115405,13.08193231622786,25.0
80.0139357705497,13.082009334277076,30.0
80.20342016499947,13.082081278863456,17.0
80.03376789105677,13.082195350010355,29.0
79.84167932873108,13.082455663856942,51.0
79.82223102729395,13.082465699806908,54.0
79.80176381631605,13.082615564968982,59.0
79.93877798906352,13.082645618227936,40.0
79.80576250395355,13.08305777813954,58.0
79.92776531969265,13.083129409651947,43.0
79.90152005820008,13.08315580014848,57.0
79.91668357796273,13.08320047681839,43.0
80.0876761563491,13.083582461438802,22.0
79.9064475106423,13.083634039506594,48.0
79.83249452704408,13.083910444555196,52.0
80.13593040299247,13.08394793560231,20.0
80.09228690839235,13.084155906295326,25.0
80.10175666512656,13.084186391447776,23.0
80.2571143447831,13.08422295854158,11.0
79.88255401738114,13.08427446970221,58.0
79.9342774091566,13.084421667127144,44.0
79.95510667362649,13.084433690218397,37.0
80.13862014503093,13.084587127611057,16.0
80.02800482807329,13.084653818445926,27.0
79.80899448829588,13.084727954905915,56.0
80.07967481615671,13.084740828333354,26.0
80.29486248299756,13.084767607482888,5.0
80.10274382102943,13.084858517198631,23.0
79.83212638543348,13.084952460609587,52.0
79.75,13.085000000000052,134.8
79.755,13.085000000000052,137.5
79.75999999999999,13.085000000000052,121.9
79.76499999999999,13.085000000000052,124.9
79.76999999999998,13.085000000000052,130.4
79.77499999999998,13.085000000000052,130.7
79.77999999999997,13.085000000000052,125.8
79.78499999999997,13.085000000000052,120.8
79.78999999999996,13.085000000000052,121.0
79.79499999999996,13.085000000000052,123.2
79.79999999999995,13.085000000000052,128.7
79.94499999999982,13.085000000000052,89.2
79.9649999999998,13.085000000000052,90.7
80.03499999999974,13.085000000000052,76.7
80.05999999999972,13.085000000000052,67.3
80.08999999999969,13.085000000000052,53.6
80.14499999999964,13.085000000000052,60.0
80.22499999999957,13.085000000000052,18.8
80.22999999999956,13.085000000000052,23.1
80.23999999999955,13.085000000000052,10.7
80.24499999999955,13.085000000000052,12.7
80.28499999999951,13.085000000000052,3.5
80.28999999999951,13.085000000000052,4.4
80.33999999999946,13.085000000000052,5.1
80.34499999999946,13.085000000000052,4.0
80.34999999999945,13.085000000000052,-2.0
80.35499999999945,13.085000000000052,9.0
80.35999999999945,13.085000000000052,-0.9
80.36499999999944,13.085000000000052,-2.0
80.36999999999944,13.085000000000052,9.2
80.37499999999943,13.085000000000052,7.2
80.37999999999943,13.085000000000052,-2.0
80.38499999999942,13.085000000000052,7.6
80.38999999999942,13.085000000000052,9.0
80.39499999999941,13.085000000000052,-1.5
80.39999999999941,13.085000000000052,2.7
80.4049999999994,13.085000000000052,-2.0
80.4099999999994,13.085000000000052,10.3
80.4149999999994,13.085000000000052,1.3
80.41999999999939,13.085000000000052,6.3
80.42499999999939,13.085000000000052,-2.0
80.42999999999938,13.085000000000052,2.8
80.43499999999938,13.085000000000052,2.3
80.43999999999937,13.085000000000052,10.1
80.44499999999937,13.085000000000052,5.4
80.44999999999936,13.085000000000052,4.1
80.11313777861005,13.085348841992587,24.0
80.08179255097313,13.085405793723254,23.0
79.87949196350951,13.08541615342406,51.0
79.81542549012383,13.085806593691224,54.0
80.21180902750466,13.085935147813876,15.0
79.81863631818779,13.08611079921893,55.0
80.18549643709423,13.0863159836927,12.0
79.80586199850663,13.086458341971843,56.0
80.25901960015592,13.086607188802091,11.0
80.15665704625975,13.08672938883588,15.0
79.8594479558684,13.086773865276252,55.0
80.21720544957057,13.087096245082698,12.0
80.24849350162435,13.08748432531458,13.0
80.00619321833165,13.087642499463437,35.0
80.17908151484397,13.087866716632478,17.0
80.0498471492252,13.0879122977843,27.0
79.91251393680528,13.0879695981172,52.0
80.13319896502125,13.088159254214524,15.0
80.19690809777275,13.088490742181238,14.0
80.26542885990978,13.08859072175265,11.0
80.00266964142638,13.08868022860911,35.0
79.80698344927016,13.08885977227244,56.0
80.03661425568376,13.088885054330513,24.0
80.04213446944169,13.088887796789184,30.0
79.88133542071931,13.089119174221748,55.0
79.82397348503162,13.089281478235428,51.0
79.75,13.090000000000053,132.5
79.755,13.090000000000053,133.0
79.75999999999999,13.090000000000053,127.4
79.76499999999999,13.090000000000053,128.3
79.76999999999998,13.090000000000053,134.8
79.77499999999998,13.090000000000053,128.1
79.77999999999997,13.090000000000053,121.8
79.78499999999997,13.090000000000053,125.6
79.78999999999996,13.090000000000053,118.9
79.79499999999996,13.090000000000053,121.7
79.79999999999995,13.090000000000053,120.2
79.84499999999991,13.090000000000053,98.6
79.99999999999977,13.090000000000053,86.3
80.03499999999974,13.090000000000053,78.4
80.10499999999968,13.090000000000053,57.5
80.10999999999967,13.090000000000053,44.7
80.12499999999966,13.090000000000053,45.9
80.14999999999964,13.090000000000053,54.9
80.15499999999963,13.090000000000053,31.7
80.16999999999962,13.090000000000053,28.9
80.27499999999952,13.090000000000053,-0.4
80.31999999999948,13.090000000000053,11.2
80.33999999999946,13.090000000000053,-2.0
80.34499999999946,13.090000000000053,3.7
80.34999999999945,13.090000000000053,6.9
80.35499999999945,13.090000000000053,-0.1
80.35999999999945,13.090000000000053,-0.3
80.36499999999944,13.090000000000053,4.7
80.36999999999944,13.090000000000053,-1.7
80.37499999999943,13.090000000000053,1.6
80.37999999999943,13.090000000000053,2.0
80.38499999999942,13.090000000000053,-2.0
80.38999999999942,13.090000000000053,1.8
80.39499999999941,13.090000000000053,2.7
80.39999999999941,13.090000000000053,-0.2
80.4049999999994,13.090000000000053,8.2
80.4099999999994,13.090000000000053,2.6
80.4149999999994,13.090000000000053,2.6
80.41999999999939,13.090000000000053,3.3
80.42499999999939,13.090000000000053,6.5
80.42999999999938,13.090000000000053,-1.3
80.43499999999938,13.090000000000053,8.1
80.43999999999937,13.090000000000053,12.2
80.44499999999937,13.090000000000053,5.2
80.44999999999936,13.090000000000053,10.5
79.9704362616445,13.090227127928806,34.0
80.05535342533867,13.09037196707505,27.0
80.27290520193513,13.09039174980859,3.0
80.15123076724451,13.090543564878466,15.0
79.8449708355902,13.090877594953524,51.0
80.01565951016681,13.090990798034854,24.0
80.29416483355361,13.09139150095983,3.0
80.17102817096713,13.0914080096037,14.0
80.24272660436696,13.091522215886744,13.0
80.09504883002468,13.091554120549093,21.0
80.0726859289687,13.091720904633917,23.0
80.23849050518878,13.091758164774804,15.0
80.00143850766275,13.091807162234783,34.0
79.96044086267109,13.091883999647385,36.0
79.80611720359232,13.092159976711669,58.0
80.30156914322166,13.092260969926864,0.0
80.2746938525045,13.092366945523446,3.0
79.92030152122466,13.092969403887029,52.0
80.13705332920581,13.093088194478442,22.0
79.80728668239236,13.093155143247577,57.0
80.27281794881972,13.09325425835906,7.0
80.21747336163736,13.093497333957227,11.0
80.0342851761309,13.093575872293943,26.0
79.95838001281577,13.093631885555624,36.0
79.91788535418537,13.09408696977429,51.0
79.97432776133154,13.09411509566832,36.0
79.82882943890318,13.094613257078626,52.0
79.85862298132048,13.094742746561971,54.0
80.28806800831167,13.09482762873151,13.0
80.25804448093545,13.094904577791072,6.0
80.02109873893524,13.094971102603964,36.0
79.98090931409934,13.094994936612393,39.0
79.75,13.095000000000054,133.4
79.755,13.095000000000054,132.3
79.75999999999999,13.095000000000054,130.7
79.76499999999999,13.095000000000054,127.9
79.76999999999998,13.095000000000054,134.4
79.77499999999998,13.095000000000054,124.5
79.77999999999997,13.095000000000054,123.4
79.78499999999997,13.095000000000054,130.0
79.78999999999996,13.095000000000054,131.3
79.79499999999996,13.095000000000054,123.0
79.79999999999995,13.095000000000054,120.4
79.86999999999989,13.095000000000054,107.0
79.92999999999984,13.095000000000054,97.1
79.93999999999983,13.095000000000054,90.6
79.95999999999981,13.095000000000054,92.0
79.98999999999978,13.095000000000054,82.5
79.99499999999978,13.095000000000054,78.2
80.00999999999976,13.095000000000054,84.4
80.01499999999976,13.095000000000054,76.4
80.0749999999997,13.095000000000054,64.8
80.0849999999997,13.095000000000054,59.3
80.21499999999958,13.095000000000054,23.6
80.32999999999947,13.095000000000054,5.9
80.33999999999946,13.095000000000054,6.4
80.34499999999946,13.095000000000054,1.8
80.34999999999945,13.095000000000054,0.1
80.35499999999945,13.095000000000054,5.8
80.35999999999945,13.095000000000054,3.2
80.36499999999944,13.095000000000054,6.8
80.36999999999944,13.095000000000054,-1.0
80.37499999999943,13.095000000000054,1.5
80.37999999999943,13.095000000000054,2.3
80.38499999999942,13.095000000000054,4.1
80.38999999999942,13.095000000000054,6.5
80.39499999999941,13.095000000000054,7.9
80.39999999999941,13.095000000000054,10.8
80.4049999999994,13.095000000000054,-0.3
80.4099999999994,13.095000000000054,5.4
80.4149999999994,13.095000000000054,-0.4
80.41999999999939,13.095000000000054,-2.0
80.42499999999939,13.095000000000054,-2.0
80.42999999999938,13.095000000000054,9.5
80.43499999999938,13.095000000000054,-2.0
80.43999999999937,13.095000000000054,10.0
80.44499999999937,13.095000000000054,7.4
80.44999999999936,13.095000000000054,-2.0
80.1330472268833,13.095226417511528,20.0
80.25501375232876,13.095293159931394,9.0
80.24827329567337,13.09551562243188,7.0
79.85924165613632,13.095597198972245,55.0
80.00643583617322,13.095828707361242,37.0
79.9430620885537,13.095956985730274,42.0
80.0009725871607,13.096702018628026,32.0
79.8886974283196,13.096774934495585,48.0
79.8287055716176,13.096826087141448,52.0
80.22220836382974,13.096872676802771,9.0
80.10418735577076,13.097093516512594,21.0
79.94551370871876,13.09721918053205,45.0
80.11682043968456,13.097302627234686,18.0
79.88394149889021,13.097474877785595,51.0
80.15153307102044,13.0974836995547,15.0
80.04201978896327,13.097494292316778,31.0
80.21574655063564,13.097929006112729,10.0
80.07772518718107,13.098072186749048,17.0
80.28701886530024,13.098126858249666,10.0
79.9805159031293,13.09818091785447,37.0
80.01588830720628,13.098385496894103,32.0
79.84949056220404,13.098390823251178,46.0
80.03204363720708,13.09839459991374,32.0
79.91546999918197,13.09842703481704,47.0
79.85001318877906,13.098432533136616,49.0
80.23970525584832,13.098437841975496,11.0
80.08195947996249,13.098642686769836,24.0
80.09968418640089,13.098680701384833,26.0
80.21887765345232,13.098877110455742,12.0
80.13293293393272,13.098883803689883,19.0
80.00036952523591,13.098925880888205,35.0
80.08439156841175,13.09928947918295,20.0
80.14599626963195,13.099356794187662,20.0
79.85588791277216,13.099662108551527,49.0
80.15283362788925,13.099766311713076,19.0
79.75,13.100000000000055,138.6
79.755,13.100000000000055,135.9
79.75999999999999,13.100000000000055,130.4
79.76499999999999,13.100000000000055,137.4
79.76999999999998,13.100000000000055,128.4
79.77499999999998,13.100000000000055,138.5
79.77999999999997,13.100000000000055,125.1
79.78499999999997,13.100000000000055,134.0
79.78999999999996,13.100000000000055,123.3
79.79499999999996,13.100000000000055,125.1
79.79999999999995,13.100000000000055,123.3
79.83999999999992,13.100000000000055,117.8
79.8649999999999,13.100000000000055,114.3
79.88499999999988,13.100000000000055,99.4
79.90499999999986,13.100000000000055,99.3
79.9699999999998,13.100000000000055,85.1
80.08999999999969,13.100000000000055,61.1
80.13499999999965,13.100000000000055,46.8
80.15999999999963,13.100000000000055,31.4
80.20499999999959,13.100000000000055,23.6
80.23999999999955,13.100000000000055,12.9
80.24499999999955,13.100000000000055,8.3
80.33999999999946,13.100000000000055,-2.0
80.34499999999946,13.100000000000055,1.2
80.34999999999945,13.100000000000055,3.7
80.35499999999945,13.100000000000055,-1.4
80.35999999999945,13.100000000000055,3.8
80.36499999999944,13.100000000000055,-0.9
80.36999999999944,13.100000000000055,-2.0
80.37499999999943,13.100000000000055,5.2
80.37999999999943,13.100000000000055,-2.0
80.38499999999942,13.100000000000055,-2.0
80.38999999999942,13.100000000000055,-0.5
80.39499999999941,13.100000000000055,1.3
80.39999999999941,13.100000000000055,-2.0
80.4049999999994,13.100000000000055,2.8
80.4099999999994,13.100000000000055,-0.2
80.4149999999994,13.100000000000055,-2.0
80.41999999999939,13.100000000000055,15.4
80.42499999999939,13.100000000000055,-1.1
80.42999999999938,13.100000000000055,-2.0
80.43499999999938,13.100000000000055,3.0
80.43999999999937,13.100000000000055,-0.0
80.44499999999937,13.100000000000055,-2.0
80.44999999999936,13.100000000000055,9.8
80.19978731501119,13.100016351041404,13.0
79.80683465175241,13.10016788295613,53.0
80.19092983379244,13.100273841901,15.0
79.99744880389191,13.100540051903014,37.0
80.08227429057966,13.100740861000885,25.0
80.27260675837205,13.101148684693351,6.0
80.08036102811548,13.101200437477688,23.0
80.14807075956092,13.101410341440872,14.0
79.90066948818077,13.101792078212192,45.0
79.81209424071395,13.101879359661966,53.0
79.81816159235368,13.101948466787272,53.0
79.87282251281977,13.102578019609668,46.0
79.80629205037587,13.102749441436211,54.0
79.90049395770882,13.103359585720709,50.0
79.83624113824331,13.103884858710371,51.0
80.26188678145655,13.104087482459356,6.0
79.94406312334792,13.104340239677528,39.0
79.97703494747823,13.104386849718562,37.0
79.86896749305892,13.104591895401594,48.0
80.00268771389666,13.104608902622852,33.0
79.93525405744859,13.104817048306137,41.0
80.08060187375065,13.104958989877051,25.0
80.11418173235533,13.104985765143052,16.0
79.75,13.105000000000055,138.7
79.755,13.105000000000055,128.2
79.75999999999999,13.105000000000055,131.2
79.76499999999999,13.105000000000055,136.2
79.76999999999998,13.105000000000055,132.1
79.77499999999998,13.105000000000055,134.8
79.77999999999997,13.105000000000055,125.3
79.78499999999997,13.105000000000055,127.4
79.78999999999996,13.105000000000055,130.1
79.79499999999996,13.105000000000055,124.0
79.79999999999995,13.105000000000055,127.9
79.80999999999995,13.105000000000055,118.6
79.8549999999999,13.105000000000055,109.9
79.92499999999984,13.105000000000055,101.7
79.92999999999984,13.105000000000055,88.0
79.93999999999983,13.105000000000055,92.6
80.00999999999976,13.105000000000055,80.9
80.04999999999973,13.105000000000055,71.0
80.05499999999972,13.105000000000055,55.7
80.11999999999966,13.105000000000055,56.6
80.12999999999965,13.105000000000055,45.8
80.15499999999963,13.105000000000055,35.8
80.17499999999961,13.105000000000055,32.4
80.22999999999956,13.105000000000055,16.1
80.23499999999956,13.105000000000055,12.3
80.26999999999953,13.105000000000055,-0.8
80.27499999999952,13.105000000000055,2.3
80.31999999999948,13.105000000000055,5.2
80.33999999999946,13.105000000000055,-0.9
80.34499999999946,13.105000000000055,-2.0
80.34999999999945,13.105000000000055,3.6
80.35499999999945,13.105000000000055,0.4
80.35999999999945,13.105000000000055,3.3
80.36499999999944,13.105000000000055,4.8
80.36999999999944,13.105000000000055,1.8
80.37499999999943,13.105000000000055,6.0
80.37999999999943,13.105000000000055,-2.0
80.38499999999942,13.105000000000055,8.4
80.38999999999942,13.105000000000055,-2.0
80.39499999999941,13.105000000000055,0.1
80.39999999999941,13.105000000000055,-1.2
80.4049999999994,13.105000000000055,1.9
80.4099999999994,13.105000000000055,-2.0
80.4149999999994,13.105000000000055,-2.0
80.41999999999939,13.105000000000055,0.4
80.42499999999939,13.105000000000055,-1.2
80.42999999999938,13.105000000000055,-2.0
80.43499999999938,13.105000000000055,3.4
80.43999999999937,13.105000000000055,8.1
80.44499999999937,13.105000000000055,5.3
80.44999999999936,13.105000000000055,-2.0
80.1772979113452,13.1052138171804,13.0
80.10108106969123,13.105330234169733,33.0
80.09950429871925,13.105383348502263,34.0
80.14318063221185,13.105592086035452,13.0
80.19287210006725,13.105778502779462,13.0
79.89833816121383,13.105802301788932,48.0
79.9428333860208,13.105906728282491,40.0
80.19451079275039,13.10601460086367,12.0
79.84286591660909,13.106235503070652,51.0
80.30502184777673,13.106559635288155,0.0
79.95109347875227,13.106626645268376,38.0
79.93706731458093,13.10694882268453,43.0
80.08102404231421,13.107414854816,31.0
79.99836233221802,13.107547807677332,36.0
80.02444006503805,13.107909271017723,28.0
80.21425248027903,13.10796542852946,11.0
80.22368719157235,13.107973102548964,10.0
80.06330053797248,13.10814860490872,26.0
79.99368090227878,13.108254331615658,41.0
79.86666069140058,13.108331618580706,49.0
79.987244709612,13.108971672816171,35.0
80.21678139749393,13.108977132577524,11.0
80.0023277483185,13.108990988709351,35.0
80.25769570579484,13.109078647628197,4.0
79.90062809799973,13.10917687926414,45.0
80.1913258915072,13.10919341288809,15.0
79.80783761848434,13.109404859165126,51.0
79.95282966525023,13.109492963476317,41.0
80.14264094033187,13.10964776500512,15.0
80.15341007353794,13.109741014359846,20.0
79.86728627512008,13.109843158961688,49.0
79.75,13.110000000000056,133.9
79.755,13.110000000000056,133.9
79.75999999999999,13.110000000000056,124.2
79.76499999999999,13.110000000000056,131.0
79.76999999999998,13.110000000000056,128.1
79.77499999999998,13.110000000000056,126.3
79.77999999999997,13.110000000000056,128.4
79.78499999999997,13.110000000000056,124.6
79.78999999999996,13.110000000000056,131.0
79.79499999999996,13.110000000000056,122.7
79.79999999999995,13.110000000000056,117.6
79.84999999999991,13.110000000000056,105.0
79.87499999999989,13.110000000000056,100.9
79.93499999999983,13.110000000000056,101.6
79.9649999999998,13.110000000000056,89.9
79.9699999999998,13.110000000000056,90.5
80.00999999999976,13.110000000000056,75.2
80.01499999999976,13.110000000000056,74.4
80.01999999999975,13.110000000000056,74.8
80.03499999999974,13.110000000000056,70.9
80.05999999999972,13.110000000000056,63.9
80.12499999999966,13.110000000000056,43.6
80.13499999999965,13.110000000000056,64.0
80.1949999999996,13.110000000000056,26.7
80.21499999999958,13.110000000000056,17.3
80.23499999999956,13.110000000000056,16.7
80.24499999999955,13.110000000000056,10.5
80.26499999999953,13.110000000000056,4.4
80.2949999999995,13.110000000000056,3.5
80.3049999999995,13.110000000000056,9.1
80.33999999999946,13.110000000000056,3.8
80.34499999999946,13.110000000000056,-2.0
80.34999999999945,13.110000000000056,0.0
80.35499999999945,13.110000000000056,0.6
80.35999999999945,13.110000000000056,1.4
80.36499999999944,13.110000000000056,-2.0
80.36999999999944,13.110000000000056,5.6
80.37499999999943,13.110000000000056,-1.7
80.37999999999943,13.110000000000056,-0.1
80.38499999999942,13.110000000000056,-2.0
80.38999999999942,13.110000000000056,4.2
80.39499999999941,13.110000000000056,-2.0
80.39999999999941,13.110000000000056,8.9
80.4049999999994,13.110000000000056,-2.0
80.4099999999994,13.110000000000056,4.5
80.4149999999994,13.110000000000056,-0.9
80.41999999999939,13.110000000000056,1.9
80.42499999999939,13.110000000000056,-0.5
80.42999999999938,13.110000000000056,0.8
80.43499999999938,13.110000000000056,5.4
80.43999999999937,13.110000000000056,0.1
80.44499999999937,13.110000000000056,-2.0
80.44999999999936,13.110000000000056,-0.5
80.25639245150238,13.110841887550947,6.0
80.28554543707611,13.111089310440406,10.0
80.15102562410493,13.111134673025386,21.0
80.11268012551916,13.111306661703832,26.0
80.11676449212645,13.111339615105898,17.0
80.28383207926558,13.111398975678185,11.0
79.97961414820492,13.111566672353783,34.0
80.04150650095866,13.111742581728343,28.0
80.05328189201259,13.11189805357046,29.0
79.8005821774793,13.111968496855791,49.0
79.8754997032851,13.11245342207442,46.0
79.89420938137636,13.112510223270272,51.0
79.8607491921935,13.112670645092647,47.0
80.21838613649528,13.11268453228585,13.0
79.87254538110454,13.112895910835489,48.0
80.01067038791196,13.112957706917909,31.0
79.87220319694674,13.113091669078802,48.0
80.14458681909154,13.113102178725995,17.0
79.90892857426076,13.11310553164008,42.0
80.1837858347183,13.113250991941191,16.0
80.2605768798683,13.113388324938114,5.0
80.11801576239671,13.113545939463275,21.0
80.22637524281211,13.113606484403716,12.0
79.89606024342221,13.11396980498659,46.0
80.19644024519772,13.114146216196051,11.0
80.12079496557408,13.114175560028649,19.0
79.99026260226447,13.114258924771088,37.0
80.01309677122454,13.114339203923162,30.0
80.30163841722157,13.114348889982578,5.0
80.26606071508536,13.11439277366966,5.0
79.8844421462133,13.114420902256724,46.0
80.28497584790568,13.114680835632347,10.0
79.91423160857514,13.114860454946628,45.0
79.75,13.115000000000057,134.8
79.755,13.115000000000057,129.2
79.75999999999999,13.115000000000057,135.6
79.76499999999999,13.115000000000057,137.4
79.76999999999998,13.115000000000057,129.1
79.77499999999998,13.115000000000057,129.7
79.77999999999997,13.115000000000057,132.1
79.78499999999997,13.115000000000057,122.2
79.78999999999996,13.115000000000057,121.2
79.79499999999996,13.115000000000057,125.5
79.79999999999995,13.115000000000057,126.2
79.80499999999995,13.115000000000057,113.6
79.82999999999993,13.115000000000057,110.7
79.89999999999986,13.115000000000057,104.4
79.98999999999978,13.115000000000057,72.6
80.00999999999976,13.115000000000057,84.1
80.11499999999967,13.115000000000057,56.5
80.13499999999965,13.115000000000057,54.3
80.14999999999964,13.115000000000057,47.2
80.1899999999996,13.115000000000057,29.0
80.31999999999948,13.115000000000057,4.9
80.33999999999946,13.115000000000057,-1.7
80.34499999999946,13.115000000000057,-0.7
80.34999999999945,13.115000000000057,-2.0
80.35499999999945,13.115000000000057,0.4
80.35999999999945,13.115000000000057,-1.7
80.36499999999944,13.115000000000057,0.8
80.36999999999944,13.115000000000057,-2.0
80.37499999999943,13.115000000000057,2.2
80.37999999999943,13.115000000000057,-2.0
80.38499999999942,13.115000000000057,-1.7
80.38999999999942,13.115000000000057,4.5
80.39499999999941,13.115000000000057,0.5
80.39999999999941,13.115000000000057,6.2
80.4049999999994,13.115000000000057,-1.0
80.4099999999994,13.115000000000057,4.1
80.4149999999994,13.115000000000057,-1.5
80.41999999999939,13.115000000000057,-2.0
80.42499999999939,13.115000000000057,-2.0
80.42999999999938,13.115000000000057,1.5
80.43499999999938,13.115000000000057,1.8
80.43999999999937,13.115000000000057,-2.0
80.44499999999937,13.115000000000057,6.6
80.44999999999936,13.115000000000057,8.3
80.22371468674744,13.115063073946237,12.0
80.18281974464034,13.11518005422358,14.0
79.84099237092853,13.115305228451922,48.0
79.96719026764264,13.1153560318436,39.0
80.12831686336665,13.115617763789007,20.0
79.87003519814706,13.11565318746644,48.0
80.20716540380818,13.115684547137684,15.0
79.8848102596536,13.115751760627544,46.0
80.28952974652987,13.115756620763566,12.0
79.94239621805649,13.115855156934382,42.0
80.07448028960694,13.115895728274367,24.0
79.8527535976331,13.11591769832509,48.0
79.97250738503192,13.11601660638127,38.0
79.85931338752012,13.116070146765098,47.0
80.04337675543893,13.116187533160604,27.0
80.09010232883738,13.116192634548916,25.0
80.17256864474795,13.116220687853966,15.0
80.04738145784937,13.117115762538536,26.0
79.9725549033538,13.11746649302004,38.0
79.95289419546843,13.117468205076156,39.0
79.98516527083274,13.117553520721795,35.0
79.91131078801574,13.11778720534226,46.0
79.98750605595339,13.117858310218224,37.0
79.82876897204312,13.118122788107476,50.0
79.93678634183995,13.118221632187993,43.0
79.96763007752524,13.1184662136963,37.0
80.15172593918525,13.118883872885643,31.0
79.84479147235912,13.119087582391694,49.0
80.02077620559977,13.119474385570417,26.0
79.90256252193265,13.119548092142146,49.0
79.87165618828067,13.119597682273625,47.0
79.80360423854252,13.119801119881997,51.0
79.75,13.120000000000058,133.5
79.755,13.120000000000058,135.6
79.75999999999999,13.120000000000058,131.7
79.76499999999999,13.120000000000058,136.1
79.76999999999998,13.120000000000058,126.4
79.77499999999998,13.120000000000058,126.8
79.77999999999997,13.120000000000058,120.8
79.78499999999997,13.120000000000058,122.3
79.78999999999996,13.120000000000058,128.4
79.79499999999996,13.120000000000058,128.1
79.79999999999995,13.120000000000058,123.5
79.89499999999987,13.120000000000058,107.1
79.90499999999986,13.120000000000058,96.2
79.91499999999985,13.120000000000058,93.0
79.9649999999998,13.120000000000058,93.2
80.05499999999972,13.120000000000058,69.0
80.14999999999964,13.120000000000058,50.9
80.21499999999958,13.120000000000058,14.3
80.25999999999954,13.120000000000058,4.8
80.27499999999952,13.120000000000058,2.1
80.2999999999995,13.120000000000058,3.1
80.3049999999995,13.120000000000058,4.5
80.31999999999948,13.120000000000058,0.2
80.33999999999946,13.120000000000058,0.4
80.34499999999946,13.120000000000058,2.7
80.34999999999945,13.120000000000058,2.3
80.35499999999945,13.120000000000058,7.0
80.35999999999945,13.120000000000058,6.9
80.36499999999944,13.120000000000058,-0.7
80.36999999999944,13.120000000000058,8.0
80.37499999999943,13.120000000000058,4.4
80.37999999999943,13.120000000000058,10.7
80.38499999999942,13.120000000000058,-2.0
80.38999999999942,13.120000000000058,-2.0
80.39499999999941,13.120000000000058,-2.0
80.39999999999941,13.120000000000058,-2.0
80.4049999999994,13.120000000000058,-2.0
80.4099999999994,13.120000000000058,2.8
80.4149999999994,13.120000000000058,-1.2
80.41999999999939,13.120000000000058,-2.0
80.42499999999939,13.120000000000058,1.8
80.42999999999938,13.120000000000058,-1.5
80.43499999999938,13.120000000000058,-0.1
80.43999999999937,13.120000000000058,2.1
80.44499999999937,13.120000000000058,6.5
80.44999999999936,13.120000000000058,0.3
80.21490928365178,13.12058298960008,10.0
79.88849591943537,13.120608952920389,47.0
80.24331843761793,13.12087348669573,11.0
80.08140196748396,13.121049121679844,30.0
79.93440566684966,13.121160019874768,42.0
80.12674554562244,13.121211444215051,19.0
80.05494136514734,13.121234938809472,28.0
80.1872020976302,13.12133713934043,14.0
79.8439301520969,13.121446028149974,48.0
79.81677414133014,13.12149306729055,50.0
80.07704557073909,13.121503536702075,28.0
80.13083217837728,13.121615035440788,26.0
80.08109344615926,13.12174714327934,30.0
79.97324862998312,13.122040370928056,40.0
79.93097304123678,13.122191505907768,43.0
79.82124492433574,13.12222714511387,49.0
80.1369268446355,13.122345093348216,23.0
79.84025103702467,13.122438865196584,47.0
79.8074478753696,13.122854372027597,50.0
80.03753169504841,13.122961109768678,29.0
80.04370221493387,13.12335426908464,33.0
79.82043418411054,13.123694424396726,48.0
79.89666780030653,13.123742605632165,47.0
80.13258728123382,13.12390237141734,27.0
79.92004812528607,13.123993968978684,49.0
79.82385139959565,13.12400034986614,52.0
80.0932951139872,13.124141926206812,35.0
80.16101972607481,13.124451281417034,17.0
79.95406069683652,13.12461287958146,40.0
79.75,13.125000000000059,131.3
79.755,13.125000000000059,141.2
79.75999999999999,13.125000000000059,116.3
79.76499999999999,13.125000000000059,123.1
79.76999999999998,13.125000000000059,129.5
79.77499999999998,13.125000000000059,133.2
79.77999999999997,13.125000000000059,132.5
79.78499999999997,13.125000000000059,121.4
79.78999999999996,13.125000000000059,130.1
79.79499999999996,13.125000000000059,117.2
79.79999999999995,13.125000000000059,122.8
79.89499999999987,13.125000000000059,103.2
79.92999999999984,13.125000000000059,98.9
79.95499999999981,13.125000000000059,88.8
79.99999999999977,13.125000000000059,76.5
80.01499999999976,13.125000000000059,76.7
80.03999999999974,13.125000000000059,71.9
80.05999999999972,13.125000000000059,70.9
80.0849999999997,13.125000000000059,71.2
80.22499999999957,13.125000000000059,11.2
80.33999999999946,13.125000000000059,3.6
80.34499999999946,13.125000000000059,9.7
80.34999999999945,13.125000000000059,-1.0
80.35499999999945,13.125000000000059,9.6
80.35999999999945,13.125000000000059,-2.0
80.36499999999944,13.125000000000059,-1.5
80.36999999999944,13.125000000000059,2.8
80.37499999999943,13.125000000000059,6.8
80.37999999999943,13.125000000000059,-2.0
80.38499999999942,13.125000000000059,-1.7
80.38999999999942,13.125000000000059,1.4
80.39499999999941,13.125000000000059,10.0
80.39999999999941,13.125000000000059,-0.3
80.4049999999994,13.125000000000059,3.6
80.4099999999994,13.125000000000059,-2.0
80.4149999999994,13.125000000000059,9.3
80.41999999999939,13.125000000000059,8.5
80.42499999999939,13.125000000000059,1.8
80.42999999999938,13.125000000000059,3.5
80.43499999999938,13.125000000000059,4.5
80.43999999999937,13.125000000000059,1.4
80.44499999999937,13.125000000000059,2.9
80.44999999999936,13.125000000000059,-0.2
80.0730504555499,13.125053706640127,39.0
79.9580757528916,13.125120639805855,41.0
80.19018548511647,13.125129933858211,9.0
80.22407008110706,13.12513516667681,7.0
80.0654331760113,13.1252188900526,39.0
80.05529332768212,13.125688265425405,34.0
79.86573850363308,13.12569237655219,45.0
80.04398550438943,13.125973278283428,35.0
79.99535463518886,13.126016597386933,34.0
79.80941758799979,13.126031600452237,47.0
79.90492012872244,13.126301081921556,43.0
80.03194961250699,13.126426311532065,40.0
80.10200033240864,13.126542980188946,38.0
79.89877098231402,13.12689734582544,43.0
79.80664917676373,13.127082418276382,46.0
79.91550375906853,13.127089027385116,43.0
79.82606348581467,13.127205532946515,49.0
79.8983489255145,13.127228816380578,43.0
79.8291498166143,13.127407353211314,49.0
79.99886401835468,13.127415294500826,36.0
79.87950742127394,13.127437700870338,43.0
79.80040377965655,13.12745351698672,46.0
79.91684672773333,13.127563472903509,44.0
79.83223436094765,13.127603750675018,48.0
79.89799865823129,13.127731097160872,43.0
80.12782640948544,13.12786578488377,29.0
80.10751462157135,13.128214832222447,41.0
79.93410519795678,13.12826316930131,43.0
80.16580828483549,13.128361408412037,17.0
79.80174988486814,13.128706421304928,46.0
79.90815382751798,13.129053632665745,46.0
80.01254731717873,13.129201995110307,31.0
80.05057186589761,13.12950363895741,34.0
80.06703245765115,13.129630561135851,39.0
80.11920316741313,13.129633898426986,31.0
80.26013797326642,13.129905572468594,7.0
79.845753379245,13.129999291759209,46.0
79.75,13.13000000000006,138.7
79.755,13.13000000000006,138.3
79.75999999999999,13.13000000000006,126.7
79.76499999999999,13.13000000000006,130.4
79.76999999999998,13.13000000000006,124.9
79.77499999999998,13.13000000000006,127.9
79.77999999999997,13.13000000000006,134.2
79.78499999999997,13.13000000000006,123.6
79.78999999999996,13.13000000000006,121.8
79.79499999999996,13.13000000000006,120.5
79.79999999999995,13.13000000000006,125.7
79.9749999999998,13.13000000000006,98.5
79.99499999999978,13.13000000000006,89.4
80.04499999999973,13.13000000000006,69.4
80.0799999999997,13.13000000000006,67.4
80.13999999999965,13.13000000000006,50.7
80.15999999999963,13.13000000000006,23.7
80.16999999999962,13.13000000000006,33.3
80.33999999999946,13.13000000000006,5.7
80.34499999999946,13.13000000000006,4.6
80.34999999999945,13.13000000000006,5.0
80.35499999999945,13.13000000000006,13.8
80.35999999999945,13.13000000000006,8.8
80.36499999999944,13.13000000000006,-2.0
80.36999999999944,13.13000000000006,6.9
80.37499999999943,13.13000000000006,6.3
80.37999999999943,13.13000000000006,-1.1
80.38499999999942,13.13000000000006,6.9
80.38999999999942,13.13000000000006,3.4
80.39499999999941,13.13000000000006,1.6
80.39999999999941,13.13000000000006,4.4
80.4049999999994,13.13000000000006,1.0
80.4099999999994,13.13000000000006,3.9
80.4149999999994,13.13000000000006,9.8
80.41999999999939,13.13000000000006,-2.0
80.42499999999939,13.13000000000006,3.3
80.42999999999938,13.13000000000006,5.2
80.43499999999938,13.13000000000006,0.4
80.43999999999937,13.13000000000006,-2.0
80.44499999999937,13.13000000000006,0.7
80.44999999999936,13.13000000000006,11.9
80.03064648318025,13.13024186277706,36.0
80.23254437424683,13.13030007993521,7.0
80.05583871481029,13.130395764687131,33.0
79.89368101514273,13.130513310795829,44.0
79.9424237567681,13.13097231921445,43.0
80.24164596191848,13.131027662597957,8.0
80.10029913293643,13.131055961627984,35.0
79.9496960067622,13.131173052671944,41.0
80.24488285795219,13.131188678734276,9.0
79.9369376635151,13.13123171837296,42.0
80.26403841623386,13.131623195896236,3.0
80.10818117155677,13.131641421773178,35.0
80.25509515438758,13.131865486850728,7.0
80.05145903878686,13.131982749353773,33.0
80.14272607846631,13.132184301030792,20.0
80.05059334290156,13.132189364022798,33.0
80.26339309584927,13.13250389096482,3.0
79.8417951725422,13.133380815012792,45.0
79.92006446047819,13.133445691978144,45.0
80.30018283446816,13.133609763226874,3.0
79.9264658571616,13.133610359383477,47.0
80.15584436486797,13.134059070883987,24.0
80.12793359446289,13.134432013099886,33.0
80.27663837327678,13.134647220453347,3.0
80.17255552344041,13.134762074247858,23.0
79.96885561694017,13.13492537675723,39.0
80.22006425231898,13.13493301883214,8.0
79.97907652235104,13.134946397645727,35.0
79.75,13.13500000000006,136.2
79.755,13.13500000000006,140.7
79.75999999999999,13.13500000000006,132.9
79.76499999999999,13.13500000000006,128.8
79.76999999999998,13.13500000000006,131.2
79.77499999999998,13.13500000000006,125.2
79.77999999999997,13.13500000000006,143.5
79.78499999999997,13.13500000000006,121.7
79.78999999999996,13.13500000000006,128.4
79.79499999999996,13.13500000000006,122.1
79.79999999999995,13.13500000000006,123.5
79.82499999999993,13.13500000000006,118.0
79.87499999999989,13.13500000000006,106.1
79.92999999999984,13.13500000000006,100.1
79.95499999999981,13.13500000000006,92.0
79.98499999999979,13.13500000000006,85.6
80.12499999999966,13.13500000000006,44.0
80.15499999999963,13.13500000000006,39.9
80.1899999999996,13.13500000000006,17.9
80.19999999999959,13.13500000000006,20.6
80.31999999999948,13.13500000000006,4.3
80.33999999999946,13.13500000000006,12.2
80.34499999999946,13.13500000000006,7.1
80.34999999999945,13.13500000000006,2.4
80.35499999999945,13.13500000000006,0.0
80.35999999999945,13.13500000000006,1.7
80.36499999999944,13.13500000000006,2.2
80.36999999999944,13.13500000000006,0.8
80.37499999999943,13.13500000000006,3.7
80.37999999999943,13.13500000000006,3.5
80.38499999999942,13.13500000000006,-0.0
80.38999999999942,13.13500000000006,1.8
80.39499999999941,13.13500000000006,-2.0
80.39999999999941,13.13500000000006,0.8
80.4049999999994,13.13500000000006,-1.0
80.4099999999994,13.13500000000006,2.0
80.4149999999994,13.13500000000006,0.9
80.41999999999939,13.13500000000006,-2.0
80.42499999999939,13.13500000000006,3.9
80.42999999999938,13.13500000000006,5.5
80.43499999999938,13.13500000000006,-2.0
80.43999999999937,13.13500000000006,-2.0
80.44499999999937,13.13500000000006,4.7
80.44999999999936,13.13500000000006,0.9
80.24807586588737,13.13503837075339,8.0
80.20547394690574,13.135122540435324,14.0
79.91634193125053,13.1351418352968,43.0
79.80289118378322,13.135271078901624,45.0
79.87123156829985,13.13533138852194,45.0
80.24203521930903,13.135341585240695,8.0
80.11291545325955,13.135354963481555,28.0
79.89824868104381,13.135806950478845,42.0
80.00032588419376,13.136066103157216,35.0
79.88389646791708,13.136133878117686,44.0
80.12242707311405,13.136146794572443,29.0
79.82278737217526,13.136237975647102,45.0
80.1635685762543,13.136281516244892,20.0
79.93535339658658,13.136362724781067,39.0
80.1651026772496,13.136591527655048,12.0
79.99798273214064,13.136605369656634,34.0
80.01629752629624,13.136751285285806,33.0
80.24844419566202,13.136787411013472,7.0
80.13052067594775,13.137231734520803,31.0
80.14149872816883,13.137607296987804,16.0
80.05384941656723,13.137710607647014,34.0
80.1989248483754,13.137887778756804,10.0
80.04292133017476,13.138671102200474,27.0
80.0535597537124,13.1387804081243,32.0
80.11128590236908,13.138811132320516,29.0
79.83139582968964,13.139000296416796,46.0
80.1104417656236,13.139061657522742,31.0
80.28366673686436,13.139169002357084,4.0
80.10740501529723,13.139318367629564,34.0
80.23110646591292,13.139369200334055,8.0
79.8149692553253,13.13949788771138,46.0
79.81770687099723,13.13976679919472,44.0
80.22399583828019,13.139882526555622,4.0
79.75,13.140000000000061,130.3
79.755,13.140000000000061,133.0
79.75999999999999,13.140000000000061,138.4
79.76499999999999,13.140000000000061,130.7
79.76999999999998,13.140000000000061,128.8
79.77499999999998,13.140000000000061,123.1
79.77999999999997,13.140000000000061,132.0
79.78499999999997,13.140000000000061,124.4
79.78999999999996,13.140000000000061,138.1
79.79499999999996,13.140000000000061,125.9
79.84499999999991,13.140000000000061,107.1
79.84999999999991,13.140000000000061,110.8
79.8549999999999,13.140000000000061,109.9
79.86999999999989,13.140000000000061,102.1
79.93999999999983,13.140000000000061,89.6
79.98999999999978,13.140000000000061,81.9
80.00499999999977,13.140000000000061,73.2
80.08999999999969,13.140000000000061,57.8
80.10999999999967,13.140000000000061,52.5
80.22499999999957,13.140000000000061,16.6
80.23499999999956,13.140000000000061,12.9
80.27499999999952,13.140000000000061,-2.0
80.33999999999946,13.140000000000061,10.5
80.34499999999946,13.140000000000061,5.4
80.34999999999945,13.140000000000061,3.9
80.35499999999945,13.140000000000061,-1.0
80.35999999999945,13.140000000000061,-1.0
80.36499999999944,13.140000000000061,3.2
80.36999999999944,13.140000000000061,-2.0
80.37499999999943,13.140000000000061,3.2
80.37999999999943,13.140000000000061,1.4
80.38499999999942,13.140000000000061,-2.0
80.38999999999942,13.140000000000061,-0.3
80.39499999999941,13.140000000000061,5.2
80.39999999999941,13.140000000000061,4.5
80.4049999999994,13.140000000000061,-2.0
80.4099999999994,13.140000000000061,8.4
80.4149999999994,13.140000000000061,-1.6
80.41999999999939,13.140000000000061,1.3
80.42499999999939,13.140000000000061,-2.0
80.42999999999938,13.140000000000061,0.4
80.43499999999938,13.140000000000061,-2.0
80.43999999999937,13.140000000000061,6.1
80.44499999999937,13.140000000000061,6.4
80.44999999999936,13.140000000000061,3.8
79.97992524206177,13.140031814304042,33.0
79.97965406302315,13.140065566591344,33.0
79.80018190006056,13.140153448701955,44.0
80.15734035527096,13.140162411737425,19.0
80.13397961168275,13.140615618783889,29.0
79.9323638536765,13.140720841375105,40.0
79.95700287893662,13.141190139015269,37.0
80.12176250950402,13.14143591989961,22.0
80.07563403655482,13.141739098312078,41.0
79.93974514611055,13.14186887770903,36.0
80.12109497685263,13.141953408196416,23.0
79.82034818735352,13.141956225121431,46.0
80.29220819510942,13.14197098565409,13.0
80.0062454899196,13.141979331297916,33.0
79.89519117923885,13.142221609762364,42.0
80.01563230657162,13.142286000239803,30.0
80.15890117624609,13.142308933193288,10.0
79.89612696663126,13.14263981903252,44.0
79.93967681415567,13.14272528737697,37.0
79.89263534983736,13.14363541226032,46.0
79.94259016918114,13.143994477375731,40.0
80.21127300251436,13.144006391992692,8.0
80.21594194949566,13.144065097342422,7.0
79.97617135935221,13.144207784761004,33.0
80.20323226628716,13.144230540632543,7.0
79.95674352108715,13.144875521826815,37.0
79.75,13.145000000000062,145.1
79.755,13.145000000000062,134.1
79.75999999999999,13.145000000000062,135.1
79.76499999999999,13.145000000000062,125.9
79.76999999999998,13.145000000000062,128.1
79.77499999999998,13.145000000000062,132.8
79.77999999999997,13.145000000000062,125.1
79.78499999999997,13.145000000000062,124.1
79.78999999999996,13.145000000000062,122.3
79.79499999999996,13.145000000000062,124.7
79.79999999999995,13.145000000000062,128.0
79.81999999999994,13.145000000000062,121.1
79.88499999999988,13.145000000000062,103.4
79.89499999999987,13.145000000000062,100.0
79.95499999999981,13.145000000000062,76.1
80.00499999999977,13.145000000000062,76.6
80.20499999999959,13.145000000000062,15.2
80.24999999999955,13.145000000000062,4.3
80.3049999999995,13.145000000000062,7.9
80.30999999999949,13.145000000000062,3.6
80.31999999999948,13.145000000000062,1.0
80.33999999999946,13.145000000000062,3.3
80.34499999999946,13.145000000000062,-2.0
80.34999999999945,13.145000000000062,4.8
80.35499999999945,13.145000000000062,0.1
80.35999999999945,13.145000000000062,2.1
80.36499999999944,13.145000000000062,-2.0
80.36999999999944,13.145000000000062,8.0
80.37499999999943,13.145000000000062,-2.0
80.37999999999943,13.145000000000062,-2.0
80.38499999999942,13.145000000000062,1.2
80.38999999999942,13.145000000000062,-1.0
80.39499999999941,13.145000000000062,4.9
80.39999999999941,13.145000000000062,1.8
80.4049999999994,13.145000000000062,9.2
80.4099999999994,13.145000000000062,-2.0
80.4149999999994,13.145000000000062,-0.6
80.41999999999939,13.145000000000062,1.0
80.42499999999939,13.145000000000062,0.4
80.42999999999938,13.145000000000062,5.3
80.43499999999938,13.145000000000062,4.4
80.43999999999937,13.145000000000062,7.0
80.44499999999937,13.145000000000062,-2.0
80.44999999999936,13.145000000000062,-1.1
79.80287621165172,13.145456639078912,45.0
80.16916474960892,13.14547185178585,9.0
80.06873163279768,13.145520878891048,40.0
80.22157526562788,13.145527186931512,9.0
79.9518235660907,13.145688423141314,41.0
80.13131869172608,13.145709781490847,21.0
80.23572855053717,13.145812339114157,8.0
80.0885564621651,13.146202144069674,27.0
79.9359926190039,13.146464643203164,42.0
79.97816506461155,13.146536511049645,36.0
80.17471046966638,13.146979483064497,9.0
80.20629971356472,13.147108117512731,6.0
79.89357025755973,13.14711238293022,43.0
79.86056002555979,13.147304896509109,45.0
79.91798082380764,13.147339152407406,38.0
80.11338017898196,13.1475775227818,21.0
80.16065569649503,13.14764901376069,9.0
79.9378509660406,13.14772562135294,40.0
80.18860645151057,13.1479833552094,17.0
80.03763035702106,13.148041529715153,30.0
80.08922160468222,13.148065654661586,28.0
79.85947890695323,13.14832346480923,44.0
79.89442221455924,13.148331739527029,38.0
80.04472081141752,13.148365894092969,27.0
79.97124601657342,13.14838412165756,37.0
80.16432071555477,13.148468422235744,9.0
79.9169601337893,13.148547702282166,42.0
80.24219833957497,13.14867714589271,7.0
79.85745925040479,13.148864760479134,43.0
79.92276375557854,13.148911082645132,38.0
80.14309395796913,13.14898831178358,13.0
80.09220927600929,13.149565840358925,22.0
80.1270637060268,13.149578989786288,19.0
80.01452142644835,13.149759425373942,30.0
79.94976721717485,13.14979358676233,36.0
79.75,13.150000000000063,121.6
79.755,13.150000000000063,136.7
79.75999999999999,13.150000000000063,132.9
79.76499999999999,13.150000000000063,122.3
79.76999999999998,13.150000000000063,131.6
79.77499999999998,13.150000000000063,128.0
79.77999999999997,13.150000000000063,127.9
79.78499999999997,13.150000000000063,128.3
79.78999999999996,13.150000000000063,126.3
79.79499999999996,13.150000000000063,120.6
79.79999999999995,13.150000000000063,115.4
79.9649999999998,13.150000000000063,80.8
79.98999999999978,13.150000000000063,79.1
80.06499999999971,13.150000000000063,65.3
80.09499999999969,13.150000000000063,59.3
80.16499999999962,13.150000000000063,30.7
80.1949999999996,13.150000000000063,17.5
80.32499999999948,13.150000000000063,5.5
80.33999999999946,13.150000000000063,4.8
80.34499999999946,13.150000000000063,3.0
80.34999999999945,13.150000000000063,0.3
80.35499999999945,13.150000000000063,16.0
80.35999999999945,13.150000000000063,-1.0
80.36499999999944,13.150000000000063,16.8
80.36999999999944,13.150000000000063,-2.0
80.37499999999943,13.150000000000063,4.9
80.37999999999943,13.150000000000063,7.3
80.38499999999942,13.150000000000063,3.6
80.38999999999942,13.150000000000063,3.0
80.39499999999941,13.150000000000063,-2.0
80.39999999999941,13.150000000000063,-2.0
80.4049999999994,13.150000000000063,8.0
80.4099999999994,13.150000000000063,-2.0
80.4149999999994,13.150000000000063,-2.0
80.41999999999939,13.150000000000063,4.8
80.42499999999939,13.150000000000063,-0.8
80.42999999999938,13.150000000000063,8.9
80.43499999999938,13.150000000000063,2.8
80.43999999999937,13.150000000000063,1.7
80.44499999999937,13.150000000000063,0.9
80.44999999999936,13.150000000000063,-2.0
80.14805229505124,13.150014632338646,11.0
80.11222145013127,13.150105555262128,18.0
80.04162152800238,13.15014312315192,28.0
79.8028491463168,13.150431271338318,50.0
80.14749868893963,13.15080370095404,12.0
80.24806060648677,13.151326387454628,15.0
79.83528061799768,13.151768310519012,43.0
79.80215959091642,13.152215270476594,50.0
79.99427364435228,13.152243753029229,38.0
80.23827081515834,13.152567069491162,12.0
80.10766249347905,13.152770933988716,20.0
80.15690452690163,13.152891573527132,9.0
80.24833006904359,13.15293829279979,10.0
79.80063298849285,13.153075799984006,51.0
79.90122889903759,13.153262074531876,40.0
80.14089282369737,13.15330981423144,15.0
79.83697914791472,13.15351688490168,43.0
80.08018405063147,13.153754051042846,33.0
80.29979468806121,13.15389478993463,8.0
80.19205902934,13.154095058405115,14.0
80.26110158991702,13.154363377636129,5.0
80.2909273110077,13.154364368600444,2.0
80.237637096777,13.15440047017906,11.0
79.95327244537373,13.154472886129046,34.0
80.25467295435153,13.154559346668504,14.0
80.2846259279774,13.154835299180755,4.0
80.25230724592409,13.154907778636693,14.0
80.25631844656904,13.15494945232013,14.0
79.75,13.155000000000063,139.4
79.755,13.155000000000063,135.1
79.75999999999999,13.155000000000063,132.3
79.76499999999999,13.155000000000063,128.2
79.76999999999998,13.155000000000063,125.6
79.77499999999998,13.155000000000063,129.1
79.77999999999997,13.155000000000063,141.3
79.78499999999997,13.155000000000063,130.0
79.78999999999996,13.155000000000063,130.6
79.79499999999996,13.155000000000063,121.7
79.79999999999995,13.155000000000063,118.3
79.82999999999993,13.155000000000063,121.3
79.83999999999992,13.155000000000063,122.6
79.84499999999991,13.155000000000063,114.5
79.91999999999985,13.155000000000063,98.8
80.03999999999974,13.155000000000063,67.3
80.11499999999967,13.155000000000063,55.6
80.20499999999959,13.155000000000063,19.7
80.23499999999956,13.155000000000063,15.7
80.26999999999953,13.155000000000063,8.0
80.2999999999995,13.155000000000063,1.8
80.31999999999948,13.155000000000063,7.5
80.33499999999947,13.155000000000063,-2.0
80.33999999999946,13.155000000000063,7.2
80.34499999999946,13.155000000000063,-0.5
80.34999999999945,13.155000000000063,6.1
80.35499999999945,13.155000000000063,-1.2
80.35999999999945,13.155000000000063,-2.0
80.36499999999944,13.155000000000063,-2.0
80.36999999999944,13.155000000000063,1.1
80.37499999999943,13.155000000000063,-1.6
80.37999999999943,13.155000000000063,-0.7
80.38499999999942,13.155000000000063,5.9
80.38999999999942,13.155000000000063,6.5
80.39499999999941,13.155000000000063,4.1
80.39999999999941,13.155000000000063,3.0
80.4049999999994,13.155000000000063,7.2
80.4099999999994,13.155000000000063,11.8
80.4149999999994,13.155000000000063,-2.0
80.41999999999939,13.155000000000063,-2.0
80.42499999999939,13.155000000000063,-1.2
80.42999999999938,13.155000000000063,10.2
80.43499999999938,13.155000000000063,6.3
80.43999999999937,13.155000000000063,-2.0
80.44499999999937,13.155000000000063,9.3
80.44999999999936,13.155000000000063,6.4
80.25796057811021,13.15507744910597,8.0
79.85184425402885,13.15549705051611,41.0
80.28093982564138,13.1557659180301,7.0
79.84300568344774,13.155868813146045,42.0
79.80123535467281,13.155985396439718,56.0
80.01206065810575,13.156074386920771,30.0
79.96880638988969,13.156293812685092,35.0
79.87459885559343,13.156519764904504,42.0
79.9810156554622,13.156754413737003,34.0
79.8111770848669,13.156772802566232,45.0
79.97903691076597,13.1572337131869,33.0
80.26779514281407,13.15740069575701,5.0
79.97328224185159,13.157425492491312,35.0
80.06360379787871,13.157700733337586,25.0
79.80284448077586,13.15785225174568,51.0
79.91665577670602,13.157939014531832,40.0
80.11024457787813,13.157988676862033,21.0
79.9053040270567,13.158077652839925,43.0
80.26215668141576,13.15810466498649,6.0
80.12704490662975,13.158226058372996,17.0
79.91732132618152,13.158295226172903,41.0
79.9111470113417,13.158422927646413,39.0
79.9315972217854,13.158555715621276,38.0
80.0425182119048,13.158792150784016,32.0
80.02744789662366,13.15882192247618,29.0
79.87924556149363,13.159261556096071,41.0
80.1458703075106,13.159603559100216,20.0
80.2109601409083,13.15973351936802,11.0
80.24420250416178,13.159734723755824,6.0
79.92001239749806,13.159937033610008,38.0
79.75,13.160000000000064,129.6
79.755,13.160000000000064,133.9
79.75999999999999,13.160000000000064,138.5
79.76499999999999,13.160000000000064,129.6
79.76999999999998,13.160000000000064,126.6
79.77499999999998,13.160000000000064,124.8
79.77999999999997,13.160000000000064,123.1
79.78499999999997,13.160000000000064,132.0
79.78999999999996,13.160000000000064,129.0
79.79499999999996,13.160000000000064,116.5
79.79999999999995,13.160000000000064,121.9
79.83499999999992,13.160000000000064,122.8
79.84999999999991,13.160000000000064,111.7
79.8599999999999,13.160000000000064,113.0
80.01999999999975,13.160000000000064,69.3
80.05499999999972,13.160000000000064,67.4
80.13999999999965,13.160000000000064,51.7
80.14999999999964,13.160000000000064,41.0
80.24999999999955,13.160000000000064,-0.4
80.27999999999952,13.160000000000064,4.8
80.3049999999995,13.160000000000064,-0.6
80.32499999999948,13.160000000000064,6.4
80.32999999999947,13.160000000000064,-2.0
80.33999999999946,13.160000000000064,-0.7
80.34499999999946,13.160000000000064,-2.0
80.34999999999945,13.160000000000064,-2.0
80.35499999999945,13.160000000000064,5.3
80.35999999999945,13.160000000000064,-0.8
80.36499999999944,13.160000000000064,-2.0
80.36999999999944,13.160000000000064,2.4
80.37499999999943,13.160000000000064,6.0
80.37999999999943,13.160000000000064,-2.0
80.38499999999942,13.160000000000064,-2.0
80.38999999999942,13.160000000000064,2.3
80.39499999999941,13.160000000000064,-0.1
80.39999999999941,13.160000000000064,3.5
80.4049999999994,13.160000000000064,-2.0
80.4099999999994,13.160000000000064,-2.0
80.4149999999994,13.160000000000064,-0.0
80.41999999999939,13.160000000000064,12.3
80.42499999999939,13.160000000000064,-1.4
80.42999999999938,13.160000000000064,9.2
80.43499999999938,13.160000000000064,5.6
80.43999999999937,13.160000000000064,-0.5
80.44499999999937,13.160000000000064,-2.0
80.44999999999936,13.160000000000064,-2.0
80.2345231815612,13.160104690812664,17.0
79.9391773940603,13.160247764896848,38.0
79.96269283860032,13.16039516151588,35.0
79.83700423433066,13.160541767390493,40.0
80.04961983738238,13.160591470936296,27.0
79.94899013910695,13.160777142226356,37.0
80.28457697445161,13.161186303741903,8.0
79.92450420541161,13.161328562034967,42.0
79.81293856368328,13.161556014934318,41.0
80.20261601849977,13.161649977624764,15.0
79.82084823662089,13.161778910454789,44.0
79.80907193537786,13.16208968876091,43.0
80.22341247681462,13.162150459831183,7.0
80.02343868786191,13.162183227054198,29.0
80.0790874058656,13.16218327920434,30.0
80.0152742304226,13.16225383053459,30.0
80.23661311617639,13.1623801857366,13.0
79.92286551527229,13.162402304217393,40.0
79.9295762169881,13.162514742261934,40.0
79.97050228835617,13.162625881426626,38.0
80.30490479422029,13.162633258146691,8.0
80.03731405009262,13.162659140350002,28.0
80.20607519902654,13.16294198460723,12.0
80.26328217189267,13.163058957087078,5.0
79.83151087614709,13.163196499114935,41.0
80.29347209039857,13.163271273688634,6.0
79.83988292282889,13.16338999999838,41.0
80.07232454882752,13.163578622691658,25.0
80.23547722818809,13.164064710717952,14.0
79.90292372926015,13.164441830500142,40.0
79.83743646359495,13.16451027019492,39.0
80.19429181196543,13.164825227982275,13.0
79.75,13.165000000000065,133.3
79.755,13.165000000000065,134.4
79.75999999999999,13.165000000000065,125.3
79.76499999999999,13.165000000000065,130.9
79.76999999999998,13.165000000000065,130.5
79.77499999999998,13.165000000000065,128.2
79.77999999999997,13.165000000000065,131.7
79.78499999999997,13.165000000000065,126.7
79.78999999999996,13.165000000000065,126.2
79.79499999999996,13.165000000000065,126.4
79.79999999999995,13.165000000000065,118.4
79.80999999999995,13.165000000000065,118.7
79.81499999999994,13.165000000000065,124.2
79.92499999999984,13.165000000000065,85.5
79.94999999999982,13.165000000000065,83.7
80.02499999999975,13.165000000000065,71.2
80.02999999999975,13.165000000000065,70.1
80.13499999999965,13.165000000000065,57.3
80.30999999999949,13.165000000000065,7.4
80.33999999999946,13.165000000000065,-2.0
80.34499999999946,13.165000000000065,-2.0
80.34999999999945,13.165000000000065,1.5
80.35499999999945,13.165000000000065,1.5
80.35999999999945,13.165000000000065,-0.4
80.36499999999944,13.165000000000065,-1.2
80.36999999999944,13.165000000000065,7.8
80.37499999999943,13.165000000000065,5.2
80.37999999999943,13.165000000000065,5.5
80.38499999999942,13.165000000000065,2.7
80.38999999999942,13.165000000000065,-1.2
80.39499999999941,13.165000000000065,3.5
80.39999999999941,13.165000000000065,0.5
80.4049999999994,13.165000000000065,-2.0
80.4099999999994,13.165000000000065,-2.0
80.4149999999994,13.165000000000065,10.2
80.41999999999939,13.165000000000065,5.7
80.42499999999939,13.165000000000065,4.4
80.42999999999938,13.165000000000065,3.7
80.43499999999938,13.165000000000065,-2.0
80.43999999999937,13.165000000000065,1.2
80.44499999999937,13.165000000000065,4.8
80.44999999999936,13.165000000000065,0.8
80.14045721276649,13.165131691747751,24.0
80.08679549752904,13.165265755511244,34.0
79.88868770238619,13.16537541193147,40.0
79.9516786409527,13.165441244930504,38.0
80.2122418379731,13.165574501535186,7.0
80.11192576978307,13.16559309858606,26.0
80.18165712633463,13.165981820469575,9.0
80.03187745465236,13.166172760551516,29.0
79.96087803202148,13.166374550719938,33.0
80.30900222720435,13.16664964229899,4.0
80.12626261778463,13.167514534445695,22.0
79.88743682170214,13.16765300832436,40.0
80.20117188572334,13.167720853946753,13.0
80.09423173384388,13.167819576720335,31.0
80.06142709575239,13.16783520360307,25.0
80.05044676605182,13.167873461197662,29.0
80.00830913126013,13.16794060662688,31.0
79.99924260209535,13.168099589632126,36.0
79.8026113203105,13.16819751575862,44.0
79.94492827464914,13.168346678007056,36.0
80.21961309399795,13.168394992874427,6.0
79.8341408976379,13.168396952537368,41.0
79.99967955607565,13.168587492483557,33.0
80.27629654027126,13.168612534390457,1.0
80.23579316482581,13.168741331360948,7.0
79.95693440719984,13.168854623748947,37.0
80.22802765463248,13.168905177015075,7.0
79.9438468860922,13.169044413815811,34.0
79.96372065650799,13.169062075048105,36.0
79.94873781668878,13.169175230674847,36.0
80.19510357902351,13.169194544010482,14.0
80.23585134263283,13.169271735748008,7.0
80.30023580536391,13.169465104867196,7.0
80.19463981058959,13.169579085798654,13.0
80.07919570407671,13.169632338941444,28.0
79.75,13.170000000000066,133.2
79.755,13.170000000000066,128.5
79.75999999999999,13.170000000000066,126.7
79.76499999999999,13.170000000000066,135.5
79.76999999999998,13.170000000000066,133.1
79.77499999999998,13.170000000000066,131.4
79.77999999999997,13.170000000000066,122.6
79.78499999999997,13.170000000000066,140.0
79.78999999999996,13.170000000000066,133.0
79.79499999999996,13.170000000000066,120.4
79.79999999999995,13.170000000000066,123.9
79.80999999999995,13.170000000000066,125.9
79.86999999999989,13.170000000000066,105.0
79.87999999999988,13.170000000000066,115.5
79.94499999999982,13.170000000000066,93.5
79.95999999999981,13.170000000000066,94.7
79.9649999999998,13.170000000000066,91.7
79.98999999999978,13.170000000000066,73.6
80.04999999999973,13.170000000000066,69.3
80.10499999999968,13.170000000000066,56.6
80.13499999999965,13.170000000000066,48.3
80.21499999999958,13.170000000000066,16.6
80.26999999999953,13.170000000000066,5.7
80.30999999999949,13.170000000000066,2.7
80.33499999999947,13.170000000000066,5.8
80.33999999999946,13.170000000000066,-2.0
80.34499999999946,13.170000000000066,0.4
80.34999999999945,13.170000000000066,2.0
80.35499999999945,13.170000000000066,0.8
80.35999999999945,13.170000000000066,4.0
80.36499999999944,13.170000000000066,3.2
80.36999999999944,13.170000000000066,16.0
80.37499999999943,13.170000000000066,7.9
80.37999999999943,13.170000000000066,1.1
80.38499999999942,13.170000000000066,6.3
80.38999999999942,13.170000000000066,2.3
80.39499999999941,13.170000000000066,-2.0
80.39999999999941,13.170000000000066,0.5
80.4049999999994,13.170000000000066,2.5
80.4099999999994,13.170000000000066,-2.0
80.4149999999994,13.170000000000066,-1.2
80.41999999999939,13.170000000000066,1.1
80.42499999999939,13.170000000000066,1.8
80.42999999999938,13.170000000000066,-1.7
80.43499999999938,13.170000000000066,2.7
80.43999999999937,13.170000000000066,8.8
80.44499999999937,13.170000000000066,1.6
80.44999999999936,13.170000000000066,14.4
80.11266915724026,13.170935721145144,22.0
80.04973637947579,13.171378784870544,27.0
80.1125164191979,13.171490066097087,22.0
79.80865536459558,13.171602905732406,44.0
80.08551122061978,13.171779371097184,31.0
80.09597592955855,13.172011284800472,25.0
79.97014665330222,13.172055019330315,32.0
79.8644519283462,13.172292379577431,40.0
79.81610615933754,13.172677820639302,41.0
80.1296357208616,13.172890105396393,25.0
80.14104680803118,13.173082411861463,28.0
80.03359693589753,13.173342193367004,27.0
79.95786075366442,13.173404562963698,33.0
79.98991364633795,13.174152769699557,29.0
79.8333695496125,13.174197102001344,40.0
80.22527665154277,13.174335978073286,6.0
79.95867403777217,13.17479837730776,34.0
79.75,13.175000000000066,135.5
79.755,13.175000000000066,137.8
79.75999999999999,13.175000000000066,143.1
79.76499999999999,13.175000000000066,138.5
79.76999999999998,13.175000000000066,132.7
79.77499999999998,13.175000000000066,131.3
79.77999999999997,13.175000000000066,120.9
79.78499999999997,13.175000000000066,131.2
79.78999999999996,13.175000000000066,126.9
79.79499999999996,13.175000000000066,132.4
79.79999999999995,13.175000000000066,123.1
79.8649999999999,13.175000000000066,112.9
79.86999999999989,13.175000000000066,108.1
79.89999999999986,13.175000000000066,103.2
79.98499999999979,13.175000000000066,82.8
80.0799999999997,13.175000000000066,65.3
80.0849999999997,13.175000000000066,66.4
80.27499999999952,13.175000000000066,4.6
80.3049999999995,13.175000000000066,-1.4
80.33999999999946,13.175000000000066,-0.3
80.34499999999946,13.175000000000066,3.0
80.34999999999945,13.175000000000066,1.0
80.35499999999945,13.175000000000066,0.4
80.35999999999945,13.175000000000066,8.9
80.36499999999944,13.175000000000066,-1.0
80.36999999999944,13.175000000000066,1.1
80.37499999999943,13.175000000000066,3.7
80.37999999999943,13.175000000000066,9.2
80.38499999999942,13.175000000000066,-2.0
80.38999999999942,13.175000000000066,8.3
80.39499999999941,13.175000000000066,6.7
80.39999999999941,13.175000000000066,-2.0
80.4049999999994,13.175000000000066,-1.3
80.4099999999994,13.175000000000066,-2.0
80.4149999999994,13.175000000000066,1.5
80.41999999999939,13.175000000000066,0.2
80.42499999999939,13.175000000000066,1.8
80.42999999999938,13.175000000000066,-0.3
80.43499999999938,13.175000000000066,1.0
80.43999999999937,13.175000000000066,-1.6
80.44499999999937,13.175000000000066,4.8
80.44999999999936,13.175000000000066,-2.0
80.2962102118881,13.175045656578131,4.0
79.99155143128766,13.175167378588016,29.0
80.12753470523965,13.175355265115858,27.0
80.25563801557566,13.175501044512108,3.0
80.20780005594837,13.175534298641086,6.0
80.08842919169426,13.175552095958592,27.0
80.20950952023365,13.175604082475653,5.0
80.14179806418952,13.175611923646724,29.0
80.14695213507399,13.17575913389486,27.0
80.14036376817906,13.175871251245011,31.0
80.27601966743438,13.175936079388023,7.0
80.06862266084423,13.175988753246058,26.0
80.23504416246796,13.176029927137764,7.0
79.9543939233633,13.176178669648651,33.0
80.08515357815429,13.176226540638371,29.0
80.17461904171486,13.17645708085422,9.0
80.28244220015648,13.176544468133056,6.0
80.10156249174915,13.176813005629432,30.0
79.88879770088666,13.176908244480252,42.0
80.28898996794425,13.177215079708072,2.0
80.1063673650809,13.177523639164832,31.0
79.87289615326756,13.177570531105532,38.0
80.17513807692349,13.177616647150469,13.0
79.96773540160996,13.17796696306002,35.0
80.22238013512704,13.17811368472984,7.0
79.82786676006097,13.178185332119003,39.0
79.82535734147636,13.17850978635642,40.0
79.98316727983999,13.178663190680384,28.0
80.10051121611612,13.178737443313851,28.0
80.05507600787493,13.178758228536758,24.0
80.20798743785674,13.178928093734942,6.0
80.20098117891209,13.17908668725973,8.0
80.00941651706016,13.17911377696826,32.0
80.27616930341702,13.17919237251586,2.0
80.0801506398493,13.179384642865346,24.0
80.11844801683361,13.179818448546042,34.0
79.75,13.180000000000067,134.8
79.755,13.180000000000067,141.0
79.75999999999999,13.180000000000067,130.5
79.76499999999999,13.180000000000067,141.8
79.76999999999998,13.180000000000067,126.4
79.77499999999998,13.180000000000067,120.0
79.77999999999997,13.180000000000067,132.9
79.78499999999997,13.180000000000067,123.7
79.78999999999996,13.180000000000067,120.0
79.79499999999996,13.180000000000067,122.9
79.79999999999995,13.180000000000067,125.3
79.8549999999999,13.180000000000067,120.4
79.91499999999985,13.180000000000067,107.6
79.94499999999982,13.180000000000067,103.5
80.00499999999977,13.180000000000067,85.7
80.02499999999975,13.180000000000067,79.3
80.16499999999962,13.180000000000067,30.1
80.16999999999962,13.180000000000067,28.3
80.26999999999953,13.180000000000067,11.9
80.30999999999949,13.180000000000067,8.4
80.33999999999946,13.180000000000067,-1.5
80.34499999999946,13.180000000000067,4.7
80.34999999999945,13.180000000000067,2.0
80.35499999999945,13.180000000000067,4.3
80.35999999999945,13.180000000000067,1.4
80.36499999999944,13.180000000000067,3.9
80.36999999999944,13.180000000000067,-2.0
80.37499999999943,13.180000000000067,-2.0
80.37999999999943,13.180000000000067,-0.1
80.38499999999942,13.180000000000067,2.4
80.38999999999942,13.180000000000067,5.2
80.39499999999941,13.180000000000067,0.8
80.39999999999941,13.180000000000067,2.4
80.4049999999994,13.180000000000067,5.3
80.4099999999994,13.180000000000067,-1.9
80.4149999999994,13.180000000000067,5.6
80.41999999999939,13.180000000000067,-2.0
80.42499999999939,13.180000000000067,-0.9
80.42999999999938,13.180000000000067,3.2
80.43499999999938,13.180000000000067,9.1
80.43999999999937,13.180000000000067,5.7
80.44499999999937,13.180000000000067,7.4
80.44999999999936,13.180000000000067,3.3
79.90870467659008,13.18010996646324,38.0
80.1221892842119,13.180133939476988,30.0
80.05120907554,13.180426335217268,27.0
80.26894058085031,13.180613637908,1.0
80.08122329479642,13.180627520930644,23.0
79.97891124411264,13.180680027064788,28.0
79.90221780201284,13.180848602685863,38.0
80.02642120117059,13.18085553018982,30.0
80.02217372627743,13.18102897758486,31.0
79.96313301355809,13.181158510874802,34.0
80.00344576673926,13.181290861727245,29.0
80.20662105854719,13.181294141676736,14.0
79.94127311815143,13.18135286198479,34.0
80.26927858121661,13.181410676996544,0.0
79.97919854807495,13.181436312355611,28.0
80.14853815898104,13.181715386029188,21.0
79.81338528171419,13.181783584516069,45.0
80.08966228718339,13.18178994393158,31.0
80.25186140879906,13.181790360706607,3.0
79.81778410355314,13.181917577238783,44.0
80.2394332258091,13.18197565872787,4.0
79.93486583498697,13.182112677624495,36.0
80.04735681217946,13.182400917098466,27.0
80.09803414212817,13.182845619023135,35.0
80.05375274110453,13.183195002496984,28.0
80.05367759001686,13.18327170417081,28.0
80.16209632017305,13.183334416893931,12.0
80.22121793863667,13.183765565333678,5.0
79.89973996139875,13.183830693293055,35.0
79.93172848312753,13.183901855172124,36.0
80.16826598779318,13.183973047111577,9.0
80.09494282372198,13.18403372056427,34.0
79.99298546445885,13.18421329474613,30.0
80.21492116147962,13.184258663233738,7.0
80.31071024347102,13.184281105427804,10.0
79.86441896813784,13.184286698566016,35.0
80.11052777730896,13.18437055348548,46.0
79.99033831097935,13.18440722328554,30.0
79.93524160624955,13.184438179665422,35.0
80.19746747012962,13.18444741312794,11.0
79.87632696926435,13.184543559352,36.0
79.90940578428453,13.184647218836316,36.0
79.87913537377476,13.184829140731992,36.0
79.82210339386812,13.184877251258955,40.0
79.75,13.185000000000068,135.5
79.755,13.185000000000068,127.4
79.75999999999999,13.185000000000068,140.7
79.76499999999999,13.185000000000068,132.8
79.76999999999998,13.185000000000068,131.0
79.77499999999998,13.185000000000068,127.8
79.77999999999997,13.185000000000068,129.9
79.78499999999997,13.185000000000068,123.9
79.78999999999996,13.185000000000068,122.2
79.79499999999996,13.185000000000068,132.0
79.79999999999995,13.185000000000068,122.6
79.80999999999995,13.185000000000068,127.3
79.81499999999994,13.185000000000068,121.9
79.84499999999991,13.185000000000068,124.8
79.90999999999985,13.185000000000068,96.9
79.98499999999979,13.185000000000068,80.8
80.02999999999975,13.185000000000068,72.4
80.0749999999997,13.185000000000068,53.7
80.08999999999969,13.185000000000068,66.6
80.11999999999966,13.185000000000068,53.5
80.13999999999965,13.185000000000068,50.5
80.28499999999951,13.185000000000068,7.1
80.2949999999995,13.185000000000068,2.3
80.32999999999947,13.185000000000068,1.6
80.33999999999946,13.185000000000068,9.9
80.34499999999946,13.185000000000068,-2.0
80.34999999999945,13.185000000000068,-2.0
80.35499999999945,13.185000000000068,2.3
80.35999999999945,13.185000000000068,3.9
80.36499999999944,13.185000000000068,-2.0
80.36999999999944,13.185000000000068,7.8
80.37499999999943,13.185000000000068,6.1
80.37999999999943,13.185000000000068,6.2
80.38499999999942,13.185000000000068,-2.0
80.38999999999942,13.185000000000068,5.1
80.39499999999941,13.185000000000068,-1.9
80.39999999999941,13.185000000000068,6.4
80.4049999999994,13.185000000000068,-1.5
80.4099999999994,13.185000000000068,-2.0
80.4149999999994,13.185000000000068,-2.0
80.41999999999939,13.185000000000068,-1.0
80.42499999999939,13.185000000000068,7.8
80.42999999999938,13.185000000000068,4.8
80.43499999999938,13.185000000000068,4.3
80.43999999999937,13.185000000000068,1.8
80.44499999999937,13.185000000000068,-2.0
80.44999999999936,13.185000000000068,2.5
80.07779239055209,13.185151050523924,24.0
80.27580809458101,13.185215927524048,1.0
79.90136710312595,13.185478781735366,40.0
79.80926892352107,13.186031842306226,44.0
79.90955815446509,13.186175889725511,36.0
80.1761432635994,13.186405255196672,9.0
79.84567865844078,13.186533263027185,46.0
80.22019431140481,13.186636059642067,7.0
80.11337154264731,13.18669558947092,42.0
79.90392306048288,13.186820934620966,36.0
80.0582370996886,13.186872666788172,31.0
79.87396733823756,13.187131587147904,35.0
80.21077822735128,13.187154980719606,7.0
80.1443593573998,13.187223081727405,22.0
80.01318539417106,13.187382386735328,30.0
79.89895012120017,13.187442429308236,38.0
80.23279396920806,13.187450213587368,6.0
79.87127879889142,13.187527451180232,39.0
79.93238352707803,13.187664715161471,37.0
79.86778046317639,13.187864567032245,37.0
80.14108589133896,13.18792234671578,29.0
80.30229430635538,13.18798982694056,1.0
80.24403350579587,13.188012093993272,5.0
79.85152083643341,13.188016495164652,36.0
79.98518371060585,13.1882104787293,29.0
79.94844638228321,13.188282312628342,33.0
80.25612357546845,13.188328926321953,2.0
80.22949123792102,13.188343274342175,5.0
80.0239812318142,13.188480310384842,30.0
79.9223024238327,13.188677135479864,35.0
79.85559398618581,13.18868915126166,38.0
80.16886522532306,13.188819675993049,13.0
80.25144122828854,13.188899916783448,6.0
80.05755247057604,13.189075381065082,27.0
79.83451881059366,13.189158055134584,41.0
80.12073373913096,13.189308908532007,43.0
79.86130312696245,13.189310099624882,38.0
80.17777285455578,13.189370804530288,9.0
80.2030730630595,13.189437806873642,9.0
80.26185597990363,13.189479179307712,3.0
79.85593644087547,13.189658451472466,37.0
79.95793872520964,13.189694117746429,32.0
80.1483506580285,13.189812986727368,24.0
80.2931283735693,13.189895421730258,2.0
80.30687962949926,13.189916589207924,7.0
79.75,13.190000000000069,130.6
79.755,13.190000000000069,130.5
79.75999999999999,13.190000000000069,146.5
79.76499999999999,13.190000000000069,135.9
79.76999999999998,13.190000000000069,134.3
79.77499999999998,13.190000000000069,133.7
79.77999999999997,13.190000000000069,129.3
79.78499999999997,13.190000000000069,133.6
79.78999999999996,13.190000000000069,121.3
79.79499999999996,13.190000000000069,123.8
79.79999999999995,13.190000000000069,125.1
79.80999999999995,13.190000000000069,118.6
79.82499999999993,13.190000000000069,113.7
79.82999999999993,13.190000000000069,116.8
79.84499999999991,13.190000000000069,119.8
79.86999999999989,13.190000000000069,103.8
79.93999999999983,13.190000000000069,97.6
79.9749999999998,13.190000000000069,93.1
80.01999999999975,13.190000000000069,77.8
80.05499999999972,13.190000000000069,64.5
80.12499999999966,13.190000000000069,55.0
80.17499999999961,13.190000000000069,21.6
80.1949999999996,13.190000000000069,22.0
80.27999999999952,13.190000000000069,-2.0
80.33999999999946,13.190000000000069,1.4
80.34499999999946,13.190000000000069,2.9
80.34999999999945,13.190000000000069,5.4
80.35499999999945,13.190000000000069,-2.0
80.35999999999945,13.190000000000069,3.6
80.36499999999944,13.190000000000069,13.7
80.36999999999944,13.190000000000069,-2.0
80.37499999999943,13.190000000000069,1.4
80.37999999999943,13.190000000000069,3.4
80.38499999999942,13.190000000000069,11.4
80.38999999999942,13.190000000000069,3.9
80.39499999999941,13.190000000000069,4.0
80.39999999999941,13.190000000000069,-2.0
80.4049999999994,13.190000000000069,-2.0
80.4099999999994,13.190000000000069,4.2
80.4149999999994,13.190000000000069,-1.2
80.41999999999939,13.190000000000069,13.3
80.42499999999939,13.190000000000069,-2.0
80.42999999999938,13.190000000000069,-0.6
80.43499999999938,13.190000000000069,-0.3
80.43999999999937,13.190000000000069,1.6
80.44499999999937,13.190000000000069,1.7
80.44999999999936,13.190000000000069,-2.0
79.83496070519872,13.190074842766997,40.0
79.8615118796937,13.19025366290246,38.0
79.98130862089037,13.19033389699562,29.0
80.1176695061905,13.190341103749088,44.0
80.0912617895367,13.19041868218192,24.0
80.17308264965466,13.190518185382572,9.0
80.17916142689955,13.190590445982544,16.0
80.24568489548759,13.190689787146429,3.0
80.16769089039565,13.190924931165505,15.0
79.90489643836007,13.190998542042324,38.0
79.83023481365521,13.191092229161509,39.0
79.98205640045269,13.191152620303413,28.0
80.13423804667444,13.191166149597544,37.0
80.0598002414477,13.191503824766848,24.0
79.8805165479345,13.191699214120888,36.0
80.2571681830102,13.19179995633687,3.0
80.18423326802393,13.191877470677747,19.0
80.01615237637084,13.191887618645556,26.0
79.91280894422974,13.191969850303428,35.0
80.23549345995733,13.192073817837755,4.0
80.05353648398786,13.192351903740327,27.0
80.16229927158126,13.192528755759405,24.0
80.07724884702368,13.19253778911992,24.0
79.82647361166865,13.19260907440609,40.0
80.10655064849152,13.192991493720973,33.0
80.1307634796181,13.193376779457914,38.0
80.11668697824996,13.19370699938976,42.0
79.89081368474507,13.193764248397358,35.0
79.8906149592408,13.193808529850292,35.0
80.26735197003111,13.1939256432061,4.0
79.96155205704191,13.19440332567236,30.0
80.05410118270612,13.19441362737512,28.0
79.81017371164224,13.194575730586289,44.0
79.84733769802523,13.194648850097822,39.0
80.23709141156067,13.19468787932638,6.0
79.9784481136997,13.194774414271777,33.0
79.87821263366735,13.194829457870656,40.0
80.12471059652555,13.1949188379879,33.0
79.75,13.19500000000007,140.8
79.755,13.19500000000007,134.7
79.75999999999999,13.19500000000007,131.0
79.76499999999999,13.19500000000007,142.2
79.76999999999998,13.19500000000007,126.2
79.77499999999998,13.19500000000007,135.4
79.77999999999997,13.19500000000007,130.0
79.78499999999997,13.19500000000007,129.5
79.78999999999996,13.19500000000007,127.3
79.79499999999996,13.19500000000007,120.4
79.79999999999995,13.19500000000007,127.6
79.80499999999995,13.19500000000007,126.0
79.94999999999982,13.19500000000007,90.5
79.95999999999981,13.19500000000007,88.3
79.9699999999998,13.19500000000007,87.5
79.99499999999978,13.19500000000007,72.3
80.04499999999973,13.19500000000007,79.8
80.04999999999973,13.19500000000007,76.5
80.22499999999957,13.19500000000007,18.7
80.23999999999955,13.19500000000007,13.5
80.33999999999946,13.19500000000007,-2.0
80.34499999999946,13.19500000000007,4.6
80.34999999999945,13.19500000000007,6.6
80.35499999999945,13.19500000000007,-2.0
80.35999999999945,13.19500000000007,0.4
80.36499999999944,13.19500000000007,-2.0
80.36999999999944,13.19500000000007,1.4
80.37499999999943,13.19500000000007,1.8
80.37999999999943,13.19500000000007,-2.0
80.38499999999942,13.19500000000007,0.2
80.38999999999942,13.19500000000007,-2.0
80.39499999999941,13.19500000000007,-2.0
80.39999999999941,13.19500000000007,10.3
80.4049999999994,13.19500000000007,3.9
80.4099999999994,13.19500000000007,-2.0
80.4149999999994,13.19500000000007,1.5
80.41999999999939,13.19500000000007,4.6
80.42499999999939,13.19500000000007,3.4
80.42999999999938,13.19500000000007,5.7
80.43499999999938,13.19500000000007,5.0
80.43999999999937,13.19500000000007,4.7
80.44499999999937,13.19500000000007,-2.0
80.44999999999936,13.19500000000007,-2.0
79.89056583460574,13.19510712565587,36.0
80.18194358877922,13.19567551511806,20.0
80.20597715625647,13.195833611712656,9.0
79.9949864543412,13.19596747760822,26.0
80.21828513407256,13.195988672354028,9.0
80.05122125143714,13.196370859623247,26.0
79.96998118810659,13.196415500062722,32.0
79.90266913853272,13.196591877008531,39.0
79.90210022490105,13.196987213129573,41.0
79.93081299241823,13.197295957922648,37.0
79.93485308544656,13.197444847283496,35.0
80.1532002937877,13.197481502006031,29.0
80.22470457430514,13.19794751865058,7.0
79.87750727993141,13.19818867118337,54.0
80.00184344354919,13.198288515579602,26.0
80.05199336770727,13.198354533741243,26.0
79.91534217238033,13.198421970622343,35.0
80.01671210408392,13.19844112561244,25.0
80.19288569384562,13.19858170629952,12.0
79.93262597098573,13.198857650294114,33.0
80.16100430333513,13.199191094736914,27.0
80.20252378271707,13.19919408705701,10.0
80.103565160328,13.199355736536456,30.0
80.11411060553843,13.19938753551111,30.0
80.31081326275492,13.1995140778338,4.0
80.2651004087612,13.199569850885148,4.0
80.26104251941413,13.199781531859228,5.0
80.26508977021237,13.199859779724244,4.0
79.80795720695868,13.19989636211076,44.0
80.2087495042928,13.199926664243202,7.0
79.75,13.20000000000007,140.4
79.755,13.20000000000007,145.3
79.75999999999999,13.20000000000007,126.4
79.76499999999999,13.20000000000007,128.4
79.76999999999998,13.20000000000007,134.5
79.77499999999998,13.20000000000007,133.1
79.77999999999997,13.20000000000007,128.8
79.78499999999997,13.20000000000007,125.5
79.78999999999996,13.20000000000007,129.7
79.79499999999996,13.20000000000007,126.6
79.79999999999995,13.20000000000007,117.6
79.9749999999998,13.20000000000007,86.6
79.98499999999979,13.20000000000007,87.1
79.98999999999978,13.20000000000007,81.2
80.01999999999975,13.20000000000007,78.7
80.06499999999971,13.20000000000007,72.2
80.23499999999956,13.20000000000007,21.5
80.27499999999952,13.20000000000007,6.0
80.27999999999952,13.20000000000007,8.6
80.31499999999949,13.20000000000007,5.1
80.31999999999948,13.20000000000007,2.2
80.32499999999948,13.20000000000007,-2.0
80.33999999999946,13.20000000000007,0.8
80.34499999999946,13.20000000000007,2.6
80.34999999999945,13.20000000000007,-2.0
80.35499999999945,13.20000000000007,3.6
80.35999999999945,13.20000000000007,-2.0
80.36499999999944,13.20000000000007,-2.0
80.36999999999944,13.20000000000007,5.6
80.37499999999943,13.20000000000007,7.2
80.37999999999943,13.20000000000007,-2.0
80.38499999999942,13.20000000000007,2.7
80.38999999999942,13.20000000000007,7.9
80.39499999999941,13.20000000000007,1.7
80.39999999999941,13.20000000000007,4.1
80.4049999999994,13.20000000000007,-1.7
80.4099999999994,13.20000000000007,2.5
80.4149999999994,13.20000000000007,-2.0
80.41999999999939,13.20000000000007,-0.2
80.42499999999939,13.20000000000007,-2.0
80.42999999999938,13.20000000000007,1.6
80.43499999999938,13.20000000000007,5.3
80.43999999999937,13.20000000000007,-1.7
80.44499999999937,13.20000000000007,1.4
80.44999999999936,13.20000000000007,3.9
80.10716067913452,13.200275404353247,27.0
80.08190344941808,13.200398556139657,24.0
79.91430218022515,13.200533348803187,37.0
80.05849850315981,13.200658392548185,25.0
80.29947335438914,13.200707660367629,5.0
80.06251471740798,13.200884862975126,27.0
80.12615362820907,13.200890068294276,28.0
79.85814836542363,13.201313075402345,39.0
80.11077858805034,13.201340819524855,29.0
80.26292110672463,13.201419025419364,3.0
80.2458188136386,13.201475232258034,6.0
79.98955564355457,13.201840419128382,28.0
80.22492075552381,13.201940060507448,12.0
80.04133365871262,13.202010423693505,27.0
80.11490605449633,13.20217710613176,25.0
80.15346080418173,13.202330235567867,23.0
80.28287976779666,13.20239324290279,2.0
79.99302074408237,13.202624273474283,27.0
80.05401106410442,13.202852532958095,27.0
80.28194953713974,13.203111035787424,4.0
80.07873466220822,13.203141478195256,23.0
80.20956764016175,13.203286798601727,7.0
80.24425774333506,13.2035083968575,6.0
80.19068694147504,13.203959637348722,10.0
80.22399277822441,13.204043550169724,8.0
80.12073410078789,13.204219555778298,24.0
79.91936758559865,13.204307448943386,35.0
80.08570467745457,13.204342593746707,19.0
80.21059408829083,13.20468836676935,8.0
80.07631532182087,13.204951295729524,20.0
79.75,13.205000000000071,133.6
79.755,13.205000000000071,125.2
79.75999999999999,13.205000000000071,130.1
79.76499999999999,13.205000000000071,135.5
79.76999999999998,13.205000000000071,134.1
79.77499999999998,13.205000000000071,128.0
79.77999999999997,13.205000000000071,124.6
79.78499999999997,13.205000000000071,127.2
79.78999999999996,13.205000000000071,128.6
79.79499999999996,13.205000000000071,121.3
79.79999999999995,13.205000000000071,126.4
79.80999999999995,13.205000000000071,118.7
79.91499999999985,13.205000000000071,90.1
79.93499999999983,13.205000000000071,96.6
79.93999999999983,13.205000000000071,91.4
79.98999999999978,13.205000000000071,76.6
80.0849999999997,13.205000000000071,60.8
80.11499999999967,13.205000000000071,54.8
80.13999999999965,13.205000000000071,50.1
80.1899999999996,13.205000000000071,29.8
80.21999999999957,13.205000000000071,25.1
80.33999999999946,13.205000000000071,-2.0
80.34499999999946,13.205000000000071,-2.0
80.34999999999945,13.205000000000071,2.8
80.35499999999945,13.205000000000071,12.8
80.35999999999945,13.205000000000071,1.4
80.36499999999944,13.205000000000071,-2.0
80.36999999999944,13.205000000000071,-0.9
80.37499999999943,13.205000000000071,4.2
80.37999999999943,13.205000000000071,6.6
80.38499999999942,13.205000000000071,-1.7
80.38999999999942,13.205000000000071,1.4
80.39499999999941,13.205000000000071,0.4
80.39999999999941,13.205000000000071,5.9
80.4049999999994,13.205000000000071,5.4
80.4099999999994,13.205000000000071,-1.9
80.4149999999994,13.205000000000071,2.7
80.41999999999939,13.205000000000071,7.6
80.42499999999939,13.205000000000071,-2.0
80.42999999999938,13.205000000000071,-2.0
80.43499999999938,13.205000000000071,1.0
80.43999999999937,13.205000000000071,6.6
80.44499999999937,13.205000000000071,1.6
80.44999999999936,13.205000000000071,-2.0
80.0735494721256,13.20506243982718,24.0
80.28544996438067,13.205266934039216,3.0
80.20346767813703,13.205535877002491,12.0
79.86133139406849,13.205559425621098,41.0
80.29767292235282,13.20570181772328,1.0
80.12725808634339,13.205718562494564,24.0
80.18321969428486,13.205790797998423,12.0
80.31663476904198,13.206526839853504,7.0
79.82705612006002,13.206554922975194,44.0
79.90262203627333,13.206691160360156,41.0
80.00538336316157,13.206755468622283,28.0
79.92647578457915,13.206874290302324,36.0
80.07827672343888,13.206954103058418,21.0
80.30006455579347,13.207265187301935,0.0
79.90831702757028,13.20788154979222,35.0
79.89035464930531,13.20836274198404,40.0
79.91358353838945,13.20847306619538,33.0
80.11145888156948,13.208745191543358,29.0
79.8001749376316,13.208779878211908,56.0
80.15690265300013,13.209105026611494,21.0
79.81034284974204,13.209712055685705,45.0
80.22824453358096,13.209847647353724,8.0
79.83276766868373,13.209923830682316,48.0
79.75,13.210000000000072,130.9
79.755,13.210000000000072,130.9
79.75999999999999,13.210000000000072,139.5
79.76499999999999,13.210000000000072,128.8
79.76999999999998,13.210000000000072,140.2
79.77499999999998,13.210000000000072,127.9
79.77999999999997,13.210000000000072,132.3
79.78499999999997,13.210000000000072,125.0
79.78999999999996,13.210000000000072,130.6
79.79499999999996,13.210000000000072,119.7
79.79999999999995,13.210000000000072,129.5
79.80499999999995,13.210000000000072,127.1
79.82499999999993,13.210000000000072,117.1
79.8599999999999,13.210000000000072,106.7
79.99499999999978,13.210000000000072,81.1
80.00999999999976,13.210000000000072,86.0
80.04999999999973,13.210000000000072,74.1
80.05499999999972,13.210000000000072,63.9
80.11999999999966,13.210000000000072,48.7
80.17499999999961,13.210000000000072,37.7
80.1949999999996,13.210000000000072,18.4
80.33999999999946,13.210000000000072,-0.8
80.34499999999946,13.210000000000072,7.5
80.34999999999945,13.210000000000072,0.8
80.35499999999945,13.210000000000072,-1.2
80.35999999999945,13.210000000000072,-2.0
80.36499999999944,13.210000000000072,15.1
80.36999999999944,13.210000000000072,-2.0
80.37499999999943,13.210000000000072,-2.0
80.37999999999943,13.210000000000072,4.7
80.38499999999942,13.210000000000072,1.8
80.38999999999942,13.210000000000072,-2.0
80.39499999999941,13.210000000000072,-1.4
80.39999999999941,13.210000000000072,5.9
80.4049999999994,13.210000000000072,4.1
80.4099999999994,13.210000000000072,-0.6
80.4149999999994,13.210000000000072,5.6
80.41999999999939,13.210000000000072,4.2
80.42499999999939,13.210000000000072,-2.0
80.42999999999938,13.210000000000072,4.5
80.43499999999938,13.210000000000072,6.5
80.43999999999937,13.210000000000072,-1.3
80.44499999999937,13.210000000000072,2.7
80.44999999999936,13.210000000000072,7.5
80.21061313145042,13.210181705576312,9.0
80.18790868677628,13.210211565888962,10.0
79.84436958307484,13.21034487161764,72.0
80.20561609184364,13.210468894426803,8.0
79.80748652855198,13.210484558944495,47.0
79.93099789987231,13.210715058751926,36.0
80.23242579938722,13.211012811491782,7.0
79.88851835959717,13.211025223354252,42.0
79.93128008331246,13.211083770331983,36.0
79.97782276432373,13.211328177507966,33.0
80.11788800407618,13.211440030917498,29.0
80.24785473666155,13.211567513718014,5.0
80.09997487079457,13.21163739377288,38.0
80.15753575506334,13.211675569590003,27.0
79.8499730103157,13.211944389654096,64.0
80.29161452338697,13.211967727256376,3.0
80.28015010603369,13.21216354021924,7.0
79.91399805100791,13.2122064600622,34.0
79.84767484933346,13.212288924321552,64.0
79.85392006180564,13.212414090893546,52.0
80.26885048318752,13.212461318213368,3.0
80.0480627854748,13.212542627876076,25.0
80.24109060040236,13.212893420315648,6.0
80.08319901872129,13.212913657492582,25.0
80.15616129791428,13.213071790466,21.0
79.8283697583679,13.213113935327511,58.0
80.06986306241716,13.213551715974818,22.0
80.20616814933261,13.213607953252689,10.0
79.929325809163,13.213828625351036,36.0
80.21192526079507,13.214232895103338,10.0
79.86195402673164,13.214289408488415,62.0
80.18333235835868,13.214341622919068,10.0
80.204267904096,13.214509618445463,11.0
79.93927441838521,13.214554440179471,35.0
79.99097613817241,13.214867767201358,30.0
80.08624632148751,13.214901647142392,20.0
80.07979114172622,13.214904891027254,22.0
79.75,13.215000000000073,137.0
79.755,13.215000000000073,137.1
79.75999999999999,13.215000000000073,127.1
79.76499999999999,13.215000000000073,134.2
79.76999999999998,13.215000000000073,129.5
79.77499999999998,13.215000000000073,126.0
79.77999999999997,13.215000000000073,124.1
79.78499999999997,13.215000000000073,128.7
79.78999999999996,13.215000000000073,132.9
79.79499999999996,13.215000000000073,126.4
79.79999999999995,13.215000000000073,125.1
79.82499999999993,13.215000000000073,117.2
79.84999999999991,13.215000000000073,119.7
79.89499999999987,13.215000000000073,115.5
79.98999999999978,13.215000000000073,79.4
80.02999999999975,13.215000000000073,71.8
80.0749999999997,13.215000000000073,64.3
80.09999999999968,13.215000000000073,55.9
80.12499999999966,13.215000000000073,53.3
80.14999999999964,13.215000000000073,46.8
80.27499999999952,13.215000000000073,-2.0
80.33999999999946,13.215000000000073,-1.4
80.34499999999946,13.215000000000073,4.9
80.34999999999945,13.215000000000073,4.9
80.35499999999945,13.215000000000073,3.0
80.35999999999945,13.215000000000073,1.0
80.36499999999944,13.215000000000073,9.3
80.36999999999944,13.215000000000073,5.1
80.37499999999943,13.215000000000073,-0.9
80.37999999999943,13.215000000000073,3.9
80.38499999999942,13.215000000000073,6.1
80.38999999999942,13.215000000000073,4.8
80.39499999999941,13.215000000000073,0.9
80.39999999999941,13.215000000000073,2.7
80.4049999999994,13.215000000000073,0.4
80.4099999999994,13.215000000000073,15.8
80.4149999999994,13.215000000000073,8.0
80.41999999999939,13.215000000000073,-2.0
80.42499999999939,13.215000000000073,-2.0
80.42999999999938,13.215000000000073,7.3
80.43499999999938,13.215000000000073,3.4
80.43999999999937,13.215000000000073,0.1
80.44499999999937,13.215000000000073,12.8
80.44999999999936,13.215000000000073,-1.6
80.01498675807798,13.215175087073176,26.0
80.26880233159741,13.215394609235137,5.0
80.22646004749105,13.215594342136011,7.0
79.806188608827,13.21592767125615,47.0
79.80482763451015,13.216025943888146,51.0
80.2819872870713,13.216061247952682,4.0
80.07034357342707,13.216074411966686,21.0
80.32576344185321,13.216105075374962,5.0
79.88751181574965,13.216106675092192,44.0
79.86065517719683,13.216168476627594,62.0
80.05474918196722,13.216277440944562,20.0
79.97742896944354,13.216363542776351,30.0
79.8307955736827,13.21667317921382,74.0
79.98451659046287,13.216981404770776,31.0
80.22010134115476,13.216995643418096,13.0
80.2046615255164,13.217046636430004,10.0
80.14479090184103,13.217086393270252,24.0
79.83104048642639,13.217177852604545,74.0
79.87977960685477,13.217430377694832,36.0
80.29683058748762,13.218048929947058,4.0
79.82720015345406,13.218162874321877,63.0
80.28289114689676,13.218201249547429,1.0
80.11819510482344,13.218295219124512,26.0
79.80072042743937,13.218398113964636,56.0
80.0165021333072,13.218489338936122,26.0
80.2919122849324,13.218588345135776,3.0
79.90598811079867,13.218918161964936,35.0
79.9457875172682,13.219106484381271,32.0
79.907670380568,13.219224336191065,35.0
79.85213636058403,13.219338342052763,62.0
80.24688470641499,13.219799404803345,11.0
79.75,13.220000000000073,129.3
79.755,13.220000000000073,129.6
79.75999999999999,13.220000000000073,137.0
79.76499999999999,13.220000000000073,134.0
79.76999999999998,13.220000000000073,132.0
79.77499999999998,13.220000000000073,125.2
79.77999999999997,13.220000000000073,123.5
79.78499999999997,13.220000000000073,127.3
79.78999999999996,13.220000000000073,126.2
79.79499999999996,13.220000000000073,142.0
79.79999999999995,13.220000000000073,122.6
79.80499999999995,13.220000000000073,123.4
79.8549999999999,13.220000000000073,117.0
79.8649999999999,13.220000000000073,112.7
79.88999999999987,13.220000000000073,95.2
79.89499999999987,13.220000000000073,96.2
79.90999999999985,13.220000000000073,100.7
79.92499999999984,13.220000000000073,91.6
79.93499999999983,13.220000000000073,94.2
79.95499999999981,13.220000000000073,95.3
79.9749999999998,13.220000000000073,88.5
79.97999999999979,13.220000000000073,91.3
79.99999999999977,13.220000000000073,77.1
80.04999999999973,13.220000000000073,69.1
80.05499999999972,13.220000000000073,66.9
80.08999999999969,13.220000000000073,62.9
80.09499999999969,13.220000000000073,61.8
80.11999999999966,13.220000000000073,50.9
80.16999999999962,13.220000000000073,28.3
80.20499999999959,13.220000000000073,20.6
80.21999999999957,13.220000000000073,15.7
80.33999999999946,13.220000000000073,7.9
80.34499999999946,13.220000000000073,4.0
80.34999999999945,13.220000000000073,-1.2
80.35499999999945,13.220000000000073,0.7
80.35999999999945,13.220000000000073,1.3
80.36499999999944,13.220000000000073,8.7
80.36999999999944,13.220000000000073,-1.1
80.37499999999943,13.220000000000073,0.7
80.37999999999943,13.220000000000073,0.6
80.38499999999942,13.220000000000073,-0.2
80.38999999999942,13.220000000000073,2.3
80.39499999999941,13.220000000000073,1.4
80.39999999999941,13.220000000000073,-1.3
80.4049999999994,13.220000000000073,1.9
80.4099999999994,13.220000000000073,0.6
80.4149999999994,13.220000000000073,8.3
80.41999999999939,13.220000000000073,-2.0
80.42499999999939,13.220000000000073,0.4
80.42999999999938,13.220000000000073,-2.0
80.43499999999938,13.220000000000073,2.2
80.43999999999937,13.220000000000073,1.3
80.44499999999937,13.220000000000073,5.6
80.44999999999936,13.220000000000073,-2.0
80.1424272192939,13.220047870516687,16.0
80.13436387769386,13.22005484436948,18.0
80.04905109076303,13.2203202382556,21.0
80.2231259598204,13.220401433354027,7.0
79.88310445975299,13.2206730139257,40.0
80.10128134158138,13.22094836209665,22.0
79.88376060519613,13.221500175983405,38.0
79.87444045881509,13.221603687324777,34.0
79.95474231065201,13.221808692028056,34.0
80.25948542135488,13.222064254063303,4.0
80.02691649088209,13.222072407879311,26.0
79.82576017687305,13.222073038813395,61.0
80.17270468875593,13.222311785936451,13.0
80.27786777349651,13.2225728056395,4.0
79.86112345218626,13.222621714360418,49.0
79.98225447574602,13.222703696631289,31.0
80.22767504244666,13.222753819791404,8.0
80.19206332732054,13.222873484322069,14.0
80.16637890795369,13.222963475925456,10.0
80.02653298394519,13.222974436444945,25.0
80.10347854371926,13.223394029732686,20.0
80.2729644019495,13.223627227609876,10.0
79.9790670962904,13.223719051698438,30.0
79.97868699101562,13.223769641487582,30.0
80.01594834437383,13.224138381664794,25.0
80.10090208906206,13.224334917509896,28.0
80.22486489192369,13.22447053572877,13.0
79.83647548518606,13.22455975736328,78.0
80.11542790495565,13.224886574981412,18.0
79.75,13.225000000000074,141.4
79.755,13.225000000000074,131.1
79.75999999999999,13.225000000000074,142.9
79.76499999999999,13.225000000000074,126.2
79.76999999999998,13.225000000000074,130.2
79.77499999999998,13.225000000000074,131.5
79.77999999999997,13.225000000000074,124.2
79.78499999999997,13.225000000000074,128.5
79.78999999999996,13.225000000000074,122.9
79.79499999999996,13.225000000000074,129.6
79.79999999999995,13.225000000000074,114.5
79.81499999999994,13.225000000000074,126.3
79.89999999999986,13.225000000000074,111.6
79.92499999999984,13.225000000000074,92.1
79.94499999999982,13.225000000000074,80.8
80.02499999999975,13.225000000000074,76.1
80.10999999999967,13.225000000000074,60.2
80.11999999999966,13.225000000000074,58.9
80.13999999999965,13.225000000000074,47.4
80.15999999999963,13.225000000000074,20.1
80.24499999999955,13.225000000000074,18.4
80.27999999999952,13.225000000000074,-2.0
80.28999999999951,13.225000000000074,-2.0
80.33999999999946,13.225000000000074,3.0
80.34499999999946,13.225000000000074,2.9
80.34999999999945,13.225000000000074,-2.0
80.35499999999945,13.225000000000074,6.4
80.35999999999945,13.225000000000074,2.0
80.36499999999944,13.225000000000074,-0.2
80.36999999999944,13.225000000000074,-2.0
80.37499999999943,13.225000000000074,-2.0
80.37999999999943,13.225000000000074,-2.0
80.38499999999942,13.225000000000074,-2.0
80.38999999999942,13.225000000000074,5.7
80.39499999999941,13.225000000000074,9.1
80.39999999999941,13.225000000000074,8.3
80.4049999999994,13.225000000000074,-2.0
80.4099999999994,13.225000000000074,10.6
80.4149999999994,13.225000000000074,3.0
80.41999999999939,13.225000000000074,-2.0
80.42499999999939,13.225000000000074,4.1
80.42999999999938,13.225000000000074,1.0
80.43499999999938,13.225000000000074,-2.0
80.43999999999937,13.225000000000074,1.8
80.44499999999937,13.225000000000074,3.1
80.44999999999936,13.225000000000074,6.5
79.97977458645045,13.22507146862253,28.0
80.0293095505878,13.225119652252683,25.0
80.18937073641075,13.225134128586342,12.0
79.95812570820968,13.225237283898638,32.0
79.97946930369977,13.225260739154969,27.0
80.08600325301502,13.2253345514214,21.0
80.04234536043906,13.225618915021778,22.0
80.32592876936273,13.225693169015068,6.0
80.2911872490322,13.2256951548933,5.0
79.88346719881393,13.225841078365384,37.0
80.22793837826337,13.22645759338202,13.0
79.92593684638278,13.226465452896145,27.0
79.97444264097878,13.226593458796588,30.0
80.19156342084158,13.226696692898363,15.0
80.05073213726796,13.226737501050255,22.0
79.86986010153478,13.226958221745608,36.0
80.06896192983098,13.226994570363182,25.0
80.11471221261596,13.22712739917307,21.0
79.8442077540874,13.22721166624401,59.0
80.00526669748726,13.227273549841568,25.0
79.8494135135225,13.227293896386003,50.0
80.08455017587008,13.227341131391556,20.0
80.24172162784811,13.227350662296857,8.0
79.85722932155709,13.22741454749932,44.0
80.21765569380727,13.227552366741698,13.0
80.1081767341338,13.227637948716978,22.0
79.89502386045113,13.22771606283546,36.0
80.24794322955194,13.228122028237784,7.0
79.86198465660519,13.228132548239763,43.0
80.1377288537989,13.228155713088228,22.0
80.17585724052006,13.228238397624812,15.0
80.12684381209453,13.228242198578098,32.0
79.81279152594036,13.22838384056784,59.0
80.18182364604759,13.228622701027875,15.0
79.81168711925709,13.228796678609784,56.0
80.19386858385825,13.22894408028932,13.0
80.06765878537433,13.22918111141056,21.0
80.00741129427499,13.229213545146605,22.0
80.17728808256392,13.229344872843976,13.0
79.99107795991367,13.229605210069575,28.0
80.08712951835541,13.229987656018803,22.0
79.75,13.230000000000075,138.3
79.755,13.230000000000075,132.0
79.75999999999999,13.230000000000075,131.6
79.76499999999999,13.230000000000075,127.5
79.76999999999998,13.230000000000075,133.0
79.77499999999998,13.230000000000075,125.8
79.77999999999997,13.230000000000075,138.9
79.78499999999997,13.230000000000075,128.8
79.78999999999996,13.230000000000075,124.0
79.79499999999996,13.230000000000075,123.4
79.79999999999995,13.230000000000075,124.6
79.82999999999993,13.230000000000075,117.1
79.84499999999991,13.230000000000075,113.4
79.98499999999979,13.230000000000075,95.9
79.99999999999977,13.230000000000075,82.4
80.21499999999958,13.230000000000075,19.4
80.22499999999957,13.230000000000075,19.1
80.2999999999995,13.230000000000075,13.6
80.30999999999949,13.230000000000075,2.5
80.33999999999946,13.230000000000075,-2.0
80.34499999999946,13.230000000000075,0.0
80.34999999999945,13.230000000000075,9.8
80.35499999999945,13.230000000000075,3.2
80.35999999999945,13.230000000000075,8.5
80.36499999999944,13.230000000000075,4.1
80.36999999999944,13.230000000000075,-2.0
80.37499999999943,13.230000000000075,4.1
80.37999999999943,13.230000000000075,-0.3
80.38499999999942,13.230000000000075,4.5
80.38999999999942,13.230000000000075,-1.5
80.39499999999941,13.230000000000075,7.6
80.39999999999941,13.230000000000075,7.3
80.4049999999994,13.230000000000075,-2.0
80.4099999999994,13.230000000000075,1.9
80.4149999999994,13.230000000000075,2.8
80.41999999999939,13.230000000000075,10.0
80.42499999999939,13.230000000000075,3.6
80.42999999999938,13.230000000000075,2.1
80.43499999999938,13.230000000000075,12.9
80.43999999999937,13.230000000000075,2.7
80.44499999999937,13.230000000000075,12.2
80.44999999999936,13.230000000000075,8.5
79.9118946141838,13.23004160540042,40.0
79.94439978828817,13.230139533678509,27.0
79.91020059229675,13.230351055228072,43.0
80.11611007879881,13.230386625946467,16.0
79.9335870279387,13.230387537568742,26.0
79.99242192231786,13.230758402679124,26.0
80.26198249367066,13.230932359722456,5.0
80.27550580381045,13.23101730835873,7.0
80.10183167231446,13.23117938660101,14.0
80.19670969405225,13.231376441550289,13.0
80.19491426090268,13.231401454520284,13.0
79.877012298869,13.231419093295395,42.0
80.11670686584729,13.23152723200677,17.0
80.00923220091731,13.231723402338805,26.0
80.12739942846149,13.232025588192313,30.0
79.9848423888262,13.23206642873875,29.0
79.8565878638941,13.232340970395958,46.0
80.03057625999243,13.232377985830446,22.0
80.06122453321785,13.2323996091558,24.0
80.31010973245385,13.23277738260308,2.0
79.85878523084227,13.232903284914627,46.0
79.89131479404182,13.2332394414746,36.0
80.30216568836488,13.233431721748948,3.0
80.07153984647644,13.233463520998397,16.0
80.13445760796264,13.2335090725937,27.0
80.28645819262027,13.233582135583124,4.0
79.99654831527889,13.233609965734628,24.0
80.26193096929651,13.233860960512166,5.0
79.8304068218481,13.233940149452328,82.0
79.92619247079632,13.233974071064322,34.0
80.16385937262177,13.234244053396225,18.0
79.96477227272923,13.23432927293242,32.0
80.06715421499439,13.234452382432146,17.0
79.9597318592028,13.23445638761529,32.0
80.24131950913839,13.234458442586872,8.0
79.83316730549619,13.234526975053702,84.0
79.9216110932753,13.234791833972398,34.0
79.89813265107367,13.234801056990094,44.0
80.30719958688813,13.234806601390051,2.0
80.3023028988933,13.234809752738224,1.0
80.04581834496764,13.234890710656376,18.0
79.90213822441676,13.234941177530292,42.0
79.75,13.235000000000076,135.9
79.755,13.235000000000076,133.7
79.75999999999999,13.235000000000076,128.7
79.76499999999999,13.235000000000076,134.9
79.76999999999998,13.235000000000076,131.2
79.77499999999998,13.235000000000076,130.0
79.77999999999997,13.235000000000076,132.7
79.78499999999997,13.235000000000076,116.9
79.78999999999996,13.235000000000076,117.4
79.79499999999996,13.235000000000076,137.4
79.79999999999995,13.235000000000076,121.4
79.82499999999993,13.235000000000076,111.1
79.86999999999989,13.235000000000076,109.0
79.88999999999987,13.235000000000076,102.5
79.93499999999983,13.235000000000076,83.5
79.9699999999998,13.235000000000076,85.1
79.99999999999977,13.235000000000076,80.7
80.03499999999974,13.235000000000076,75.6
80.04999999999973,13.235000000000076,66.2
80.05999999999972,13.235000000000076,69.4
80.14999999999964,13.235000000000076,48.4
80.16999999999962,13.235000000000076,23.7
80.33999999999946,13.235000000000076,6.2
80.34499999999946,13.235000000000076,6.6
80.34999999999945,13.235000000000076,-2.0
80.35499999999945,13.235000000000076,7.9
80.35999999999945,13.235000000000076,-1.0
80.36499999999944,13.235000000000076,5.7
80.36999999999944,13.235000000000076,6.6
80.37499999999943,13.235000000000076,-1.9
80.37999999999943,13.235000000000076,-2.0
80.38499999999942,13.235000000000076,-2.0
80.38999999999942,13.235000000000076,3.9
80.39499999999941,13.235000000000076,-1.2
80.39999999999941,13.235000000000076,-1.4
80.4049999999994,13.235000000000076,-2.0
80.4099999999994,13.235000000000076,7.6
80.4149999999994,13.235000000000076,2.6
80.41999999999939,13.235000000000076,6.8
80.42499999999939,13.235000000000076,3.7
80.42999999999938,13.235000000000076,-1.9
80.43499999999938,13.235000000000076,0.9
80.43999999999937,13.235000000000076,7.9
80.44499999999937,13.235000000000076,1.4
80.44999999999936,13.235000000000076,-2.0
79.90833775562831,13.235121439080917,41.0
80.07051239309764,13.23547472383516,20.0
80.01350827857894,13.235749268971144,28.0
80.027901990993,13.236079573370684,24.0
80.30614826900336,13.236124955384788,2.0
79.80889269222028,13.23626047758219,80.0
80.1487847417991,13.236495148923492,17.0
80.06497529454282,13.236712489788454,18.0
79.90044541636202,13.237012722713215,43.0
80.08470197444998,13.237070870116936,22.0
80.09111168794398,13.237226560968718,21.0
80.16179878159748,13.237285691657776,16.0
80.32762345961467,13.23757070608328,6.0
80.03101773812706,13.2379448135323,28.0
80.30761482125173,13.238064854033828,5.0
80.31977053469035,13.23809856697214,5.0
79.86823288362655,13.238143533244836,48.0
80.28046225788502,13.238246808848713,3.0
80.14726381051581,13.23828119776307,23.0
80.32013590321081,13.238282720712869,6.0
80.17499811583215,13.238450433494531,13.0
80.33050625194122,13.238471802072086,6.0
80.07721328260371,13.239185527368598,22.0
79.81668394565922,13.239220607626711,71.0
79.8462214159279,13.239639521116889,55.0
80.1186118763579,13.23971854349846,24.0
79.99132471052917,13.239750702364775,27.0
79.97971522894544,13.239788655803238,34.0
79.75,13.240000000000077,133.0
79.755,13.240000000000077,129.7
79.75999999999999,13.240000000000077,136.5
79.76499999999999,13.240000000000077,121.7
79.76999999999998,13.240000000000077,130.9
79.77499999999998,13.240000000000077,132.7
79.77999999999997,13.240000000000077,129.2
79.78499999999997,13.240000000000077,132.5
79.78999999999996,13.240000000000077,124.7
79.79499999999996,13.240000000000077,117.8
79.79999999999995,13.240000000000077,120.1
79.81999999999994,13.240000000000077,114.9
79.94999999999982,13.240000000000077,81.9
80.01499999999976,13.240000000000077,77.4
80.02999999999975,13.240000000000077,71.7
80.0749999999997,13.240000000000077,68.7
80.09999999999968,13.240000000000077,50.0
80.25499999999954,13.240000000000077,0.6
80.26499999999953,13.240000000000077,1.3
80.28999999999951,13.240000000000077,7.8
80.30999999999949,13.240000000000077,5.8
80.33999999999946,13.240000000000077,8.1
80.34499999999946,13.240000000000077,4.3
80.34999999999945,13.240000000000077,6.7
80.35499999999945,13.240000000000077,-2.0
80.35999999999945,13.240000000000077,1.3
80.36499999999944,13.240000000000077,1.0
80.36999999999944,13.240000000000077,7.3
80.37499999999943,13.240000000000077,1.8
80.37999999999943,13.240000000000077,-2.0
80.38499999999942,13.240000000000077,4.1
80.38999999999942,13.240000000000077,-1.9
80.39499999999941,13.240000000000077,0.8
80.39999999999941,13.240000000000077,-0.7
80.4049999999994,13.240000000000077,0.5
80.4099999999994,13.240000000000077,-2.0
80.4149999999994,13.240000000000077,3.2
80.41999999999939,13.240000000000077,0.8
80.42499999999939,13.240000000000077,1.6
80.42999999999938,13.240000000000077,7.1
80.43499999999938,13.240000000000077,1.2
80.43999999999937,13.240000000000077,2.2
80.44499999999937,13.240000000000077,-1.0
80.44999999999936,13.240000000000077,3.1
79.83123983952984,13.240077809286785,76.0
80.0807251433215,13.240446306563936,25.0
80.1685025758321,13.240708305896826,15.0
80.2235241798638,13.240978382568624,7.0
80.22133990639001,13.241095305285722,10.0
79.83262647796269,13.241575226315687,72.0
80.09199498341862,13.24158751047526,19.0
80.15362348173913,13.241637645555908,17.0
80.23945728392111,13.241710993056325,11.0
79.98407545762699,13.241807653374842,33.0
80.06072992142913,13.241822966095445,26.0
80.28164925176478,13.242027934521436,2.0
79.91689110702065,13.242105058851884,37.0
79.84221784659256,13.242467586300757,58.0
80.30368428035067,13.242497235943668,3.0
79.84821166581187,13.242728898733812,57.0
79.85790331435709,13.242791370365325,53.0
80.22400656613272,13.242802682139756,7.0
79.82088071193105,13.24282372975898,80.0
80.03195390387427,13.242912978738747,27.0
80.0974235797894,13.243049048018284,21.0
80.30757347280363,13.243167592283935,3.0
80.01908564354312,13.243499383154903,30.0
80.18773749165184,13.24352830182397,17.0
80.1661573983291,13.24369422859667,12.0
79.80658444291079,13.243880735426428,105.0
79.8009922067051,13.243945869875118,111.0
80.22809889098703,13.244150726100134,11.0
80.10288554651292,13.244208063499354,17.0
79.98279226052617,13.244391592433518,38.0
80.08116927563667,13.244530876808954,24.0
80.07724961884927,13.244671434382036,23.0
80.25794805406338,13.244981444861043,7.0
79.75,13.245000000000077,135.5
79.755,13.245000000000077,129.3
79.75999999999999,13.245000000000077,128.7
79.76499999999999,13.245000000000077,120.6
79.76999999999998,13.245000000000077,129.5
79.77499999999998,13.245000000000077,130.8
79.77999999999997,13.245000000000077,136.0
79.78499999999997,13.245000000000077,132.6
79.78999999999996,13.245000000000077,122.8
79.79499999999996,13.245000000000077,120.0
79.79999999999995,13.245000000000077,126.3
79.83499999999992,13.245000000000077,112.2
79.8549999999999,13.245000000000077,115.5
79.8649999999999,13.245000000000077,109.1
79.86999999999989,13.245000000000077,111.1
79.92499999999984,13.245000000000077,108.2
79.93499999999983,13.245000000000077,98.6
79.95499999999981,13.245000000000077,78.9
80.00999999999976,13.245000000000077,95.2
80.08999999999969,13.245000000000077,61.3
80.14999999999964,13.245000000000077,53.1
80.19999999999959,13.245000000000077,20.5
80.23999999999955,13.245000000000077,13.9
80.30999999999949,13.245000000000077,-2.0
80.33999999999946,13.245000000000077,8.1
80.34499999999946,13.245000000000077,-2.0
80.34999999999945,13.245000000000077,0.9
80.35499999999945,13.245000000000077,-0.5
80.35999999999945,13.245000000000077,8.6
80.36499999999944,13.245000000000077,6.1
80.36999999999944,13.245000000000077,4.3
80.37499999999943,13.245000000000077,1.9
80.37999999999943,13.245000000000077,-2.0
80.38499999999942,13.245000000000077,7.1
80.38999999999942,13.245000000000077,-2.0
80.39499999999941,13.245000000000077,13.3
80.39999999999941,13.245000000000077,7.2
80.4049999999994,13.245000000000077,10.0
80.4099999999994,13.245000000000077,1.6
80.4149999999994,13.245000000000077,-0.2
80.41999999999939,13.245000000000077,5.2
80.42499999999939,13.245000000000077,-2.0
80.42999999999938,13.245000000000077,1.8
80.43499999999938,13.245000000000077,-0.2
80.43999999999937,13.245000000000077,1.5
80.44499999999937,13.245000000000077,5.2
80.44999999999936,13.245000000000077,2.6
80.01645513185497,13.245022818715285,30.0
79.80811467541243,13.245098394517983,95.0
79.9634086130387,13.245108215544027,46.0
80.02389642757352,13.245173415056309,26.0
79.98548493964145,13.245514086002151,33.0
80.29419044227332,13.245514534820376,3.0
80.05386554536454,13.245533588103758,24.0
80.16400716825358,13.245652724844817,19.0
79.95927866132025,13.24585204669494,48.0
79.9751269357274,13.245883564181607,50.0
80.2390893939122,13.246053869461315,11.0
79.95717729680096,13.24626719086975,48.0
80.13599376677357,13.246850875497085,28.0
80.25883202797779,13.246928450668737,7.0
80.0107541676976,13.246974092695575,25.0
80.03369373241058,13.24700261711866,25.0
79.87320207961031,13.247005762588444,45.0
79.92995773826817,13.247191479100392,33.0
80.03273877622934,13.247285629631977,26.0
79.91914820953026,13.247423447840722,44.0
80.04928659807369,13.247427094755738,23.0
80.29745257213587,13.247478637949934,4.0
80.05568843769613,13.247533956136774,24.0
80.17113625289925,13.24760542472487,15.0
80.15369647974882,13.247759697845495,17.0
80.09246566990934,13.247878007664225,21.0
80.32619795640255,13.248143513794393,8.0
80.18560698344685,13.248357246001264,13.0
80.27871233458882,13.248384093758178,4.0
80.07236003644906,13.24841560733176,22.0
80.33573840161299,13.248484036571629,4.0
80.29807100014644,13.248767256171444,2.0
79.84388982416563,13.249013070044228,64.0
80.32625036133058,13.249024057355555,9.0
79.86041298532848,13.249156593397585,49.0
80.11255583283906,13.24920498923762,15.0
79.96790770435781,13.24978650882189,46.0
80.1494373175495,13.24980027782394,20.0
79.93412280763528,13.249817020574536,35.0
79.75,13.250000000000078,130.1
79.755,13.250000000000078,138.4
79.75999999999999,13.250000000000078,125.9
79.76499999999999,13.250000000000078,122.0
79.76999999999998,13.250000000000078,139.5
79.77499999999998,13.250000000000078,120.1
79.77999999999997,13.250000000000078,126.1
79.78499999999997,13.250000000000078,121.5
79.78999999999996,13.250000000000078,125.7
79.79499999999996,13.250000000000078,126.7
79.79999999999995,13.250000000000078,121.4
79.89499999999987,13.250000000000078,108.4
79.9699999999998,13.250000000000078,77.6
80.09999999999968,13.250000000000078,59.4
80.17999999999961,13.250000000000078,27.0
80.24999999999955,13.250000000000078,14.8
80.33999999999946,13.250000000000078,3.8
80.34499999999946,13.250000000000078,0.5
80.34999999999945,13.250000000000078,-2.0
80.35499999999945,13.250000000000078,8.4
80.35999999999945,13.250000000000078,2.0
80.36499999999944,13.250000000000078,8.9
80.36999999999944,13.250000000000078,5.9
80.37499999999943,13.250000000000078,2.0
80.37999999999943,13.250000000000078,5.3
80.38499999999942,13.250000000000078,6.9
80.38999999999942,13.250000000000078,2.4
80.39499999999941,13.250000000000078,14.1
80.39999999999941,13.250000000000078,2.8
80.4049999999994,13.250000000000078,0.4
80.4099999999994,13.250000000000078,0.2
80.4149999999994,13.250000000000078,4.9
80.41999999999939,13.250000000000078,-2.0
80.42499999999939,13.250000000000078,-1.5
80.42999999999938,13.250000000000078,7.6
80.43499999999938,13.250000000000078,1.3
80.43999999999937,13.250000000000078,7.0
80.44499999999937,13.250000000000078,3.6
80.44999999999936,13.250000000000078,-0.1
79.81858665317124,13.250130764209192,82.0
80.24206452321536,13.250370831562442,5.0
79.91262229293388,13.250500037116472,43.0
79.95225459076393,13.25051875798181,39.0
80.18554911734952,13.250562147791642,17.0
79.96220207153266,13.25062352751968,50.0
80.14520344667905,13.250771785213663,21.0
79.9574634009818,13.250826788686837,56.0
80.03904504288889,13.250849602647362,29.0
79.87308416013732,13.250941097001895,42.0
79.81578272635531,13.25100855415864,86.0
79.81572525569733,13.251026375711604,86.0
79.91793665373646,13.251160688337,45.0
80.16164037587836,13.251293524340111,19.0
79.87880398585166,13.251295269784128,47.0
79.92293723520652,13.251570768258285,41.0
80.17091334055246,13.251738369752116,17.0
79.99018066851116,13.251848705459096,37.0
80.29421508023567,13.251935561978424,3.0
80.25870820544533,13.252079899385873,8.0
80.32490205544512,13.252427731232396,5.0
80.0219898430042,13.252548998553948,28.0
80.24751351016796,13.25269088371462,4.0
79.98592398590532,13.252791366753575,37.0
80.28037273658296,13.25284098518588,7.0
80.24504042334995,13.253136277748531,7.0
80.19832503433497,13.253376307486212,21.0
80.21353305092525,13.25338685481716,11.0
80.10849395021076,13.25370547540701,20.0
79.96972564595232,13.253755026765852,54.0
80.24940524947962,13.25437755455605,6.0
80.2592607166806,13.254551630788654,9.0
80.20805091151173,13.25494897493096,12.0
79.75,13.255000000000079,129.4
79.755,13.255000000000079,128.3
79.75999999999999,13.255000000000079,139.0
79.76499999999999,13.255000000000079,133.3
79.76999999999998,13.255000000000079,129.8
79.77499999999998,13.255000000000079,126.5
79.77999999999997,13.255000000000079,135.0
79.78499999999997,13.255000000000079,126.1
79.78999999999996,13.255000000000079,132.9
79.79499999999996,13.255000000000079,126.7
79.79999999999995,13.255000000000079,120.5
79.8649999999999,13.255000000000079,111.9
79.93999999999983,13.255000000000079,92.8
79.9749999999998,13.255000000000079,84.0
80.00499999999977,13.255000000000079,80.9
80.0849999999997,13.255000000000079,66.4
80.09499999999969,13.255000000000079,67.3
80.09999999999968,13.255000000000079,62.7
80.12999999999965,13.255000000000079,45.1
80.1949999999996,13.255000000000079,26.4
80.23999999999955,13.255000000000079,19.4
80.24999999999955,13.255000000000079,21.4
80.33499999999947,13.255000000000079,-2.0
80.33999999999946,13.255000000000079,7.7
80.34499999999946,13.255000000000079,3.5
80.34999999999945,13.255000000000079,2.5
80.35499999999945,13.255000000000079,3.6
80.35999999999945,13.255000000000079,-2.0
80.36499999999944,13.255000000000079,5.7
80.36999999999944,13.255000000000079,9.5
80.37499999999943,13.255000000000079,12.1
80.37999999999943,13.255000000000079,-2.0
80.38499999999942,13.255000000000079,7.1
80.38999999999942,13.255000000000079,9.1
80.39499999999941,13.255000000000079,2.2
80.39999999999941,13.255000000000079,0.9
80.4049999999994,13.255000000000079,1.7
80.4099999999994,13.255000000000079,4.1
80.4149999999994,13.255000000000079,2.8
80.41999999999939,13.255000000000079,-1.1
80.42499999999939,13.255000000000079,10.7
80.42999999999938,13.255000000000079,8.4
80.43499999999938,13.255000000000079,9.3
80.43999999999937,13.255000000000079,5.0
80.44499999999937,13.255000000000079,4.4
80.44999999999936,13.255000000000079,10.5
79.8430882917942,13.255020165496394,63.0
80.31551303632591,13.255221816127223,3.0
80.08421844399355,13.255407919316012,21.0
80.23223108301633,13.255571797124736,6.0
79.84810711185618,13.255680751103244,59.0
80.11638530857148,13.255687840144006,19.0
79.84921940961392,13.25573832180967,59.0
80.2155340460349,13.255884135016872,11.0
80.17235168362649,13.256306809186668,18.0
79.923132809479,13.25632829805396,42.0
79.89157607038935,13.256546709175892,55.0
79.9286312147986,13.256716752936152,43.0
79.89455505558837,13.256719970202752,55.0
79.94882289321393,13.256858229590662,55.0
80.20421057738447,13.256994634005196,15.0
79.99052758065429,13.257001820535706,52.0
80.04635427198471,13.257031266998576,27.0
80.04102212740698,13.25717331274146,25.0
79.89464488328197,13.25719487422042,55.0
80.06659917108371,13.257686263771475,23.0
80.05386964668955,13.257689781650846,25.0
79.91438635093778,13.257800440170328,58.0
80.20934082845389,13.258144423451222,12.0
80.08070235691562,13.25817785811351,24.0
80.00503051164301,13.258293463005666,36.0
80.14373849242048,13.258375974412422,15.0
80.26234707386124,13.258385146042643,8.0
80.17859279351761,13.258502508375518,15.0
80.26090283909136,13.258590383447542,10.0
80.02473521790571,13.258603622057825,26.0
79.82853863823617,13.258623889840152,72.0
80.08307552191506,13.258713493986464,22.0
80.31002150415857,13.258766289801205,-1.0
80.01374669776858,13.25900186209664,31.0
79.87244917949819,13.259748462586977,50.0
80.18680423728627,13.259754684335952,20.0
79.75,13.26000000000008,131.2
79.755,13.26000000000008,135.7
79.75999999999999,13.26000000000008,124.7
79.76499999999999,13.26000000000008,136.6
79.76999999999998,13.26000000000008,132.3
79.77499999999998,13.26000000000008,136.0
79.77999999999997,13.26000000000008,126.3
79.78499999999997,13.26000000000008,133.5
79.78999999999996,13.26000000000008,116.2
79.79499999999996,13.26000000000008,123.5
79.79999999999995,13.26000000000008,122.2
79.83499999999992,13.26000000000008,119.8
79.8649999999999,13.26000000000008,106.3
79.90499999999986,13.26000000000008,97.6
80.00499999999977,13.26000000000008,74.7
80.01499999999976,13.26000000000008,77.4
80.01999999999975,13.26000000000008,77.7
80.06999999999971,13.26000000000008,65.2
80.10999999999967,13.26000000000008,57.9
80.11499999999967,13.26000000000008,60.7
80.17499999999961,13.26000000000008,26.6
80.24499999999955,13.26000000000008,6.2
80.33999999999946,13.26000000000008,-0.9
80.34499999999946,13.26000000000008,-0.8
80.34999999999945,13.26000000000008,2.7
80.35499999999945,13.26000000000008,3.5
80.35999999999945,13.26000000000008,2.9
80.36499999999944,13.26000000000008,0.1
80.36999999999944,13.26000000000008,4.4
80.37499999999943,13.26000000000008,1.2
80.37999999999943,13.26000000000008,4.2
80.38499999999942,13.26000000000008,-1.7
80.38999999999942,13.26000000000008,8.3
80.39499999999941,13.26000000000008,3.9
80.39999999999941,13.26000000000008,-2.0
80.4049999999994,13.26000000000008,-2.0
80.4099999999994,13.26000000000008,7.7
80.4149999999994,13.26000000000008,-1.4
80.41999999999939,13.26000000000008,0.3
80.42499999999939,13.26000000000008,9.6
80.42999999999938,13.26000000000008,-1.3
80.43499999999938,13.26000000000008,2.1
80.43999999999937,13.26000000000008,8.5
80.44499999999937,13.26000000000008,0.1
80.44999999999936,13.26000000000008,-0.4
80.14418772768056,13.26016130961828,14.0
79.812778708079,13.260256853511844,88.0
80.04511543744934,13.260267240286328,24.0
79.98274456216994,13.260584523696489,57.0
80.20196088371372,13.260931384249456,13.0
80.1893901485155,13.26103834917154,12.0
80.17965892728613,13.261120534165242,14.0
80.31056389170273,13.261353001285428,2.0
80.20047723443584,13.261742616651484,15.0
79.88532134561417,13.262343891410843,69.0
80.05615337656745,13.262353121833591,21.0
80.09510781953999,13.262860198300263,19.0
79.95084845908083,13.262862255785771,53.0
80.11579718395791,13.263159393727989,24.0
80.21954155485724,13.26320030228986,15.0
79.85441853108418,13.26354688030372,55.0
80.05415572261673,13.263615728553455,24.0
80.26860695775117,13.263717647188676,9.0
80.12808968785616,13.263724801556554,19.0
80.01074673093673,13.263893347145482,35.0
80.23397809296982,13.263968742164243,10.0
80.22093219381793,13.264112274300924,9.0
80.2081739447638,13.26423022425656,11.0
80.09674112466877,13.26435366297064,18.0
80.02929872925331,13.264416742942869,30.0
79.94725543956713,13.264562627347487,52.0
79.92597201535773,13.264587697370962,49.0
79.91158383186496,13.264637978614434,57.0
79.85507328160266,13.264807977833389,55.0
79.80331965191498,13.264998372212313,118.0
79.75,13.26500000000008,136.0
79.755,13.26500000000008,124.2
79.75999999999999,13.26500000000008,123.9
79.76499999999999,13.26500000000008,137.1
79.76999999999998,13.26500000000008,144.5
79.77499999999998,13.26500000000008,134.2
79.77999999999997,13.26500000000008,137.7
79.78499999999997,13.26500000000008,122.2
79.78999999999996,13.26500000000008,125.1
79.79499999999996,13.26500000000008,120.2
79.79999999999995,13.26500000000008,119.1
79.93499999999983,13.26500000000008,98.1
80.05499999999972,13.26500000000008,71.3
80.20999999999958,13.26500000000008,15.3
80.21999999999957,13.26500000000008,15.8
80.24999999999955,13.26500000000008,10.9
80.25499999999954,13.26500000000008,-0.3
80.33999999999946,13.26500000000008,4.6
80.34499999999946,13.26500000000008,7.5
80.34999999999945,13.26500000000008,-2.0
80.35499999999945,13.26500000000008,11.8
80.35999999999945,13.26500000000008,3.4
80.36499999999944,13.26500000000008,-1.2
80.36999999999944,13.26500000000008,-2.0
80.37499999999943,13.26500000000008,8.7
80.37999999999943,13.26500000000008,1.2
80.38499999999942,13.26500000000008,6.3
80.38999999999942,13.26500000000008,4.9
80.39499999999941,13.26500000000008,6.8
80.39999999999941,13.26500000000008,-1.5
80.4049999999994,13.26500000000008,1.7
80.4099999999994,13.26500000000008,7.6
80.4149999999994,13.26500000000008,1.5
80.41999999999939,13.26500000000008,-2.0
80.42499999999939,13.26500000000008,4.3
80.42999999999938,13.26500000000008,4.7
80.43499999999938,13.26500000000008,4.6
80.43999999999937,13.26500000000008,2.2
80.44499999999937,13.26500000000008,2.8
80.44999999999936,13.26500000000008,-2.0
80.13672737672267,13.26506115260872,20.0
80.25572705741867,13.265167356917674,8.0
80.15964061758167,13.265169018129772,13.0
80.20909405432087,13.265209709195052,10.0
79.84927444378992,13.265277445610868,60.0
80.11624826568266,13.265397516875744,21.0
79.97600340408464,13.265401010421296,51.0
80.20341922720822,13.265430537546726,12.0
79.9928920254025,13.265450365402696,43.0
80.24788290413356,13.265532458327288,13.0
79.83684466200391,13.26582485991552,70.0
80.25139883738815,13.265835058327392,7.0
79.83416014464929,13.26586091414792,77.0
79.9052639258046,13.265865929517304,63.0
80.0721339013838,13.266146198241266,21.0
79.91212197624084,13.266160952886702,61.0
80.17323060498266,13.266204847652364,11.0
80.09409937896113,13.266206810993095,17.0
79.9974800580666,13.266729894783287,39.0
80.27881286905667,13.266766217533512,7.0
80.31715860597367,13.26677322007941,3.0
80.24679822583936,13.267072308239335,4.0
80.23974685730485,13.26707979952165,7.0
80.33208014461368,13.267551798362986,7.0
79.95549868637089,13.26764475881789,47.0
80.01837040312022,13.26773766199723,36.0
79.93975729857684,13.267831593146251,53.0
80.15104270578752,13.26790901218214,17.0
80.10849974969881,13.267916170007831,18.0
79.85107172434908,13.267946032272407,55.0
79.80523162913381,13.2679577192751,130.0
79.89370510761022,13.268172953620384,63.0
80.02748461450547,13.268746581986107,32.0
80.17257101709012,13.2687849508341,16.0
80.22941614222974,13.268913051393143,10.0
79.80561490866657,13.268945076080524,115.0
79.85127345548865,13.26897529243089,56.0
80.18341579157874,13.268975918467008,14.0
80.2079146711335,13.26909982939464,12.0
79.89994931592155,13.269201705248175,63.0
80.08324425018245,13.269224778541634,19.0
80.00749233543372,13.26923391375674,34.0
80.11496790992581,13.26928087216625,28.0
79.92950934748704,13.269394539645344,47.0
80.32664336754897,13.26959760474513,1.0
80.1690329849201,13.26993989523272,17.0
79.75,13.270000000000081,134.3
79.755,13.270000000000081,129.1
79.75999999999999,13.270000000000081,143.0
79.76499999999999,13.270000000000081,138.9
79.76999999999998,13.270000000000081,130.7
79.77499999999998,13.270000000000081,139.9
79.77999999999997,13.270000000000081,115.6
79.78499999999997,13.270000000000081,124.9
79.78999999999996,13.270000000000081,120.2
79.79499999999996,13.270000000000081,132.1
79.79999999999995,13.270000000000081,121.2
79.81499999999994,13.270000000000081,124.5
79.92999999999984,13.270000000000081,89.9
79.95999999999981,13.270000000000081,81.9
79.99999999999977,13.270000000000081,81.4
80.00999999999976,13.270000000000081,72.2
80.13499999999965,13.270000000000081,54.1
80.22499999999957,13.270000000000081,19.2
80.28999999999951,13.270000000000081,10.7
80.32999999999947,13.270000000000081,4.1
80.33999999999946,13.270000000000081,-0.6
80.34499999999946,13.270000000000081,-2.0
80.34999999999945,13.270000000000081,5.8
80.35499999999945,13.270000000000081,8.5
80.35999999999945,13.270000000000081,11.8
80.36499999999944,13.270000000000081,8.0
80.36999999999944,13.270000000000081,-2.0
80.37499999999943,13.270000000000081,6.8
80.37999999999943,13.270000000000081,-1.0
80.38499999999942,13.270000000000081,9.4
80.38999999999942,13.270000000000081,4.0
80.39499999999941,13.270000000000081,5.4
80.39999999999941,13.270000000000081,11.3
80.4049999999994,13.270000000000081,-2.0
80.4099999999994,13.270000000000081,-0.9
80.4149999999994,13.270000000000081,1.9
80.41999999999939,13.270000000000081,1.3
80.42499999999939,13.270000000000081,10.6
80.42999999999938,13.270000000000081,2.5
80.43499999999938,13.270000000000081,4.4
80.43999999999937,13.270000000000081,6.2
80.44499999999937,13.270000000000081,-2.0
80.44999999999936,13.270000000000081,2.0
79.80141453606633,13.270042557398286,150.0
80.24417933965135,13.270337859198222,8.0
79.8921846538839,13.270844111592604,54.0
79.93053239409862,13.27097200385716,50.0
80.2027295841875,13.271027396275798,13.0
80.02349897317396,13.27108428796295,31.0
80.10926973366077,13.27114413462821,16.0
79.8884565215415,13.271155269201516,59.0
79.95024474697055,13.271202043291929,48.0
80.06573676163103,13.271207303011956,27.0
80.02612827668327,13.27149814269369,32.0
80.31572944960644,13.271705559731984,-1.0
80.11338096450845,13.27172827856686,18.0
80.32475454053724,13.271817114234995,2.0
80.06224620377903,13.272140650055256,23.0
80.07376253410045,13.27223155636881,20.0
79.97744639650598,13.272627853229167,43.0
79.97268009478168,13.272817671779151,38.0
80.08057449027856,13.272949818684852,19.0
80.22010292713469,13.273020064396157,9.0
79.80871850258657,13.273042353749988,123.0
79.96189882011632,13.2730626910019,44.0
79.95225336507505,13.273111098093231,44.0
80.2105325085055,13.273165571199566,10.0
80.32818826658274,13.273177695545616,5.0
80.18577344713526,13.273349888755076,6.0
79.87880219146163,13.273389760670703,65.0
79.96000671989799,13.2735474621053,44.0
80.32545407841425,13.27358627780818,1.0
80.24268351847003,13.273775790531076,10.0
80.26978683282532,13.27391601052447,6.0
80.27173136547943,13.274068161494624,7.0
79.94903050327808,13.274477600038606,48.0
79.93363166904201,13.274784836155614,48.0
79.93701061756083,13.27480552781224,42.0
79.85679872159511,13.274999895306234,60.0
79.75,13.275000000000082,135.5
79.755,13.275000000000082,127.3
79.75999999999999,13.275000000000082,134.3
79.76499999999999,13.275000000000082,126.6
79.76999999999998,13.275000000000082,133.5
79.77499999999998,13.275000000000082,130.4
79.77999999999997,13.275000000000082,128.0
79.78499999999997,13.275000000000082,124.1
79.78999999999996,13.275000000000082,122.3
79.79499999999996,13.275000000000082,138.3
79.79999999999995,13.275000000000082,123.1
79.84499999999991,13.275000000000082,106.0
79.87999999999988,13.275000000000082,93.2
79.94999999999982,13.275000000000082,93.8
79.95999999999981,13.275000000000082,94.6
80.04499999999973,13.275000000000082,71.6
80.10499999999968,13.275000000000082,56.7
80.14999999999964,13.275000000000082,46.5
80.17999999999961,13.275000000000082,18.2
80.1949999999996,13.275000000000082,14.0
80.22499999999957,13.275000000000082,17.9
80.23499999999956,13.275000000000082,21.6
80.25999999999954,13.275000000000082,-2.0
80.28999999999951,13.275000000000082,1.0
80.31999999999948,13.275000000000082,5.3
80.33999999999946,13.275000000000082,-2.0
80.34499999999946,13.275000000000082,-2.0
80.34999999999945,13.275000000000082,4.6
80.35499999999945,13.275000000000082,3.7
80.35999999999945,13.275000000000082,-2.0
80.36499999999944,13.275000000000082,3.3
80.36999999999944,13.275000000000082,-1.3
80.37499999999943,13.275000000000082,-2.0
80.37999999999943,13.275000000000082,-2.0
80.38499999999942,13.275000000000082,4.4
80.38999999999942,13.275000000000082,8.5
80.39499999999941,13.275000000000082,-0.6
80.39999999999941,13.275000000000082,3.7
80.4049999999994,13.275000000000082,-0.4
80.4099999999994,13.275000000000082,7.2
80.4149999999994,13.275000000000082,9.0
80.41999999999939,13.275000000000082,-2.0
80.42499999999939,13.275000000000082,-2.0
80.42999999999938,13.275000000000082,-2.0
80.43499999999938,13.275000000000082,-0.9
80.43999999999937,13.275000000000082,-2.0
80.44499999999937,13.275000000000082,-1.5
80.44999999999936,13.275000000000082,2.7
79.81393668926324,13.275015130456897,117.0
79.95379926345014,13.275107194986616,43.0
79.84633476267747,13.275337200810403,62.0
80.07954237911333,13.275604268497124,21.0
79.90311097011768,13.276015849530587,61.0
79.83378362650407,13.276301445076646,90.0
80.27552636746675,13.27635439053492,7.0
80.09773383917211,13.276389264117308,18.0
80.33729216743404,13.276916059570436,4.0
79.8676620307829,13.276941573557568,59.0
79.92460943124017,13.277038463821944,54.0
79.9154548801346,13.27704239739626,53.0
80.25892661937849,13.27740909498748,8.0
80.14489340594773,13.277530149191126,17.0
80.06264781818226,13.278097612646087,22.0
80.11671675261034,13.278117815711507,17.0
79.95500311978758,13.278253027958078,38.0
80.2682027579259,13.278434988781024,8.0
80.16529967748143,13.278464774476005,19.0
80.0277608889825,13.278523531451308,27.0
80.2368988792534,13.278570032972183,6.0
80.21218343952651,13.278653590221106,3.0
80.09312910716932,13.278731646958915,20.0
80.21661485502104,13.278804055566727,9.0
80.22174053231548,13.278831171823422,10.0
80.02605060097066,13.278983580375607,25.0
80.00042714136175,13.27918214815884,32.0
80.26895953171662,13.279313713278963,7.0
80.16523886573205,13.279393204659304,18.0
80.32448950600069,13.27952054287779,0.0
79.83595372913157,13.279743326645212,91.0
79.92751811441943,13.279962533319631,52.0
79.75,13.280000000000083,139.5
79.755,13.280000000000083,129.6
79.75999999999999,13.280000000000083,139.1
79.76499999999999,13.280000000000083,132.0
79.76999999999998,13.280000000000083,121.4
79.77499999999998,13.280000000000083,123.4
79.77999999999997,13.280000000000083,129.1
79.78499999999997,13.280000000000083,134.3
79.78999999999996,13.280000000000083,132.5
79.79499999999996,13.280000000000083,130.6
79.79999999999995,13.280000000000083,121.7
79.88499999999988,13.280000000000083,109.0
79.94999999999982,13.280000000000083,101.5
79.95999999999981,13.280000000000083,84.3
79.99999999999977,13.280000000000083,74.5
80.01999999999975,13.280000000000083,76.8
80.10499999999968,13.280000000000083,65.0
80.12999999999965,13.280000000000083,53.9
80.13499999999965,13.280000000000083,42.4
80.1899999999996,13.280000000000083,24.2
80.23999999999955,13.280000000000083,8.4
80.24499999999955,13.280000000000083,6.6
80.27999999999952,13.280000000000083,1.2
80.28499999999951,13.280000000000083,5.1
80.2999999999995,13.280000000000083,7.5
80.3049999999995,13.280000000000083,1.7
80.34499999999946,13.280000000000083,3.5
80.34999999999945,13.280000000000083,-1.5
80.35499999999945,13.280000000000083,6.8
80.35999999999945,13.280000000000083,5.3
80.36499999999944,13.280000000000083,3.2
80.36999999999944,13.280000000000083,5.4
80.37499999999943,13.280000000000083,-2.0
80.37999999999943,13.280000000000083,-2.0
80.38499999999942,13.280000000000083,10.3
80.38999999999942,13.280000000000083,5.0
80.39499999999941,13.280000000000083,1.4
80.39999999999941,13.280000000000083,-2.0
80.4049999999994,13.280000000000083,-0.3
80.4099999999994,13.280000000000083,-2.0
80.4149999999994,13.280000000000083,4.2
80.41999999999939,13.280000000000083,5.4
80.42499999999939,13.280000000000083,-2.0
80.42999999999938,13.280000000000083,0.3
80.43499999999938,13.280000000000083,-1.5
80.43999999999937,13.280000000000083,7.6
80.44499999999937,13.280000000000083,11.9
80.44999999999936,13.280000000000083,1.8
79.92792885718535,13.280152981462216,50.0
80.33979413365621,13.280480161222496,5.0
80.12400910434881,13.280803026774684,16.0
80.06891938453167,13.280810211869564,21.0
80.24775214210567,13.280832539094265,7.0
80.00281354804784,13.281170764707392,32.0
80.16217525129092,13.281231418330693,15.0
80.12169347024664,13.281245569247972,20.0
79.90632820499413,13.281610879331671,50.0
80.05722626933174,13.281688497477193,26.0
80.18961684756727,13.281823621186843,12.0
80.0236499639927,13.282028694098848,23.0
80.17463501942981,13.28212181437105,14.0
79.85321006719273,13.282290699670629,68.0
79.94698888080718,13.282433191043138,37.0
80.05792235239775,13.282439809271414,23.0
79.8318940675217,13.28246111790622,104.0
80.26296338200324,13.282598369687532,7.0
80.136442730414,13.28262124529462,15.0
80.32553315787395,13.282820722569788,2.0
80.21132115061452,13.283264512878793,12.0
79.87622417727479,13.283305009919838,57.0
80.23126932565646,13.283484473100872,10.0
79.86329920080026,13.283706435670291,69.0
80.27350981053337,13.283743073270864,6.0
80.30407526353025,13.283773151904786,3.0
79.87090688197497,13.28380326931302,57.0
80.11838348144629,13.283871827399778,16.0
79.98708623315676,13.28400090161154,35.0
80.1139921862176,13.284007880152451,16.0
80.32974885189805,13.28406831258717,4.0
80.27530644167337,13.284205892069869,4.0
80.18444742169198,13.284221088236915,12.0
80.02352205905477,13.28437768015555,30.0
80.24009494740339,13.284393132339597,12.0
79.92148409903459,13.28439474827604,48.0
80.03500717218294,13.284697466806689,26.0
80.23492753896339,13.28489067129412,6.0
79.75,13.285000000000084,137.6
79.755,13.285000000000084,135.5
79.75999999999999,13.285000000000084,132.6
79.76499999999999,13.285000000000084,133.7
79.76999999999998,13.285000000000084,128.9
79.77499999999998,13.285000000000084,129.4
79.77999999999997,13.285000000000084,132.7
79.78499999999997,13.285000000000084,129.0
79.78999999999996,13.285000000000084,129.7
79.79499999999996,13.285000000000084,120.9
79.79999999999995,13.285000000000084,123.9
79.80999999999995,13.285000000000084,124.0
79.84999999999991,13.285000000000084,112.3
79.91499999999985,13.285000000000084,107.4
79.95999999999981,13.285000000000084,91.5
80.01499999999976,13.285000000000084,70.8
80.14999999999964,13.285000000000084,43.4
80.17499999999961,13.285000000000084,29.8
80.17999999999961,13.285000000000084,23.5
80.20999999999958,13.285000000000084,20.4
80.33499999999947,13.285000000000084,3.9
80.33999999999946,13.285000000000084,7.6
80.34499999999946,13.285000000000084,-0.4
80.34999999999945,13.285000000000084,-2.0
80.35499999999945,13.285000000000084,5.1
80.35999999999945,13.285000000000084,3.7
80.36499999999944,13.285000000000084,3.9
80.36999999999944,13.285000000000084,11.0
80.37499999999943,13.285000000000084,-2.0
80.37999999999943,13.285000000000084,-1.4
80.38499999999942,13.285000000000084,-0.1
80.38999999999942,13.285000000000084,0.1
80.39499999999941,13.285000000000084,-2.0
80.39999999999941,13.285000000000084,1.4
80.4049999999994,13.285000000000084,7.2
80.4099999999994,13.285000000000084,-2.0
80.4149999999994,13.285000000000084,1.4
80.41999999999939,13.285000000000084,9.8
80.42499999999939,13.285000000000084,-2.0
80.42999999999938,13.285000000000084,1.2
80.43499999999938,13.285000000000084,3.4
80.43999999999937,13.285000000000084,-2.0
80.44499999999937,13.285000000000084,-2.0
80.44999999999936,13.285000000000084,3.4
79.90269404387848,13.285081034331272,49.0
80.10446881625107,13.285428844031038,17.0
80.06089930648555,13.2854826555952,22.0
80.2144378691517,13.2854919334115,10.0
80.20854735439471,13.285591922381178,14.0
79.8710139052198,13.285974513536267,60.0
80.18535073302411,13.285979687221786,16.0
80.10368786691913,13.285990057388148,16.0
80.01602932337379,13.2861124171272,37.0
79.82265641428445,13.28624760520296,170.0
79.85741717840726,13.286443985551182,65.0
79.81018940073838,13.286542746347932,212.0
79.93033186658086,13.28656739495848,40.0
80.2354626303114,13.286619156902976,7.0
79.92041149339934,13.2866791876545,44.0
80.07904353675569,13.286717499061696,20.0
80.21410400931484,13.286761598924434,12.0
80.26615216967245,13.286870202478658,6.0
79.94533711083857,13.287419932371275,38.0
80.02230749005882,13.287636371990455,34.0
80.18826910442121,13.287673979747018,16.0
80.22079728568788,13.287684651217903,16.0
80.13717151024956,13.287920112806562,17.0
79.92820633068581,13.287982270669774,40.0
79.9513793612927,13.288066518287184,39.0
80.24667313289248,13.288080660815195,8.0
80.06489635287502,13.28813865693354,23.0
79.86299637947442,13.288241888234062,65.0
80.22102807878957,13.288374471560024,8.0
80.20818240349628,13.28838411763283,12.0
79.91914644458429,13.288689904332776,43.0
79.94483297116427,13.288707057729216,37.0
80.21069816984796,13.288895766908295,12.0
80.14430973865716,13.289255243045892,14.0
80.04918779883279,13.289316788867769,24.0
79.97437815337597,13.289365254612344,36.0
79.96258141227663,13.289585104471817,38.0
79.9390428410084,13.289733742470062,40.0
80.0514770218414,13.289810107246874,23.0
79.75,13.290000000000084,130.1
79.755,13.290000000000084,124.8
79.75999999999999,13.290000000000084,131.8
79.76499999999999,13.290000000000084,132.9
79.76999999999998,13.290000000000084,130.2
79.77499999999998,13.290000000000084,125.1
79.77999999999997,13.290000000000084,133.0
79.78499999999997,13.290000000000084,126.4
79.78999999999996,13.290000000000084,127.8
79.79499999999996,13.290000000000084,133.1
79.79999999999995,13.290000000000084,124.9
79.8599999999999,13.290000000000084,120.9
79.94999999999982,13.290000000000084,89.0
79.9749999999998,13.290000000000084,78.3
80.04499999999973,13.290000000000084,72.0
80.10999999999967,13.290000000000084,44.9
80.1949999999996,13.290000000000084,24.9
80.32999999999947,13.290000000000084,-0.6
80.33999999999946,13.290000000000084,-2.0
80.34499999999946,13.290000000000084,1.4
80.34999999999945,13.290000000000084,3.1
80.35499999999945,13.290000000000084,-2.0
80.35999999999945,13.290000000000084,7.5
80.36499999999944,13.290000000000084,6.7
80.36999999999944,13.290000000000084,-0.6
80.37499999999943,13.290000000000084,4.0
80.37999999999943,13.290000000000084,5.3
80.38499999999942,13.290000000000084,-0.1
80.38999999999942,13.290000000000084,1.0
80.39499999999941,13.290000000000084,-2.0
80.39999999999941,13.290000000000084,5.4
80.4049999999994,13.290000000000084,-1.6
80.4099999999994,13.290000000000084,1.2
80.4149999999994,13.290000000000084,-0.2
80.41999999999939,13.290000000000084,-2.0
80.42499999999939,13.290000000000084,9.0
80.42999999999938,13.290000000000084,8.3
80.43499999999938,13.290000000000084,2.6
80.43999999999937,13.290000000000084,4.1
80.44499999999937,13.290000000000084,7.6
80.44999999999936,13.290000000000084,3.9
80.00175209605132,13.290071512607392,32.0
80.23392969395462,13.29020935226871,7.0
79.89991670948632,13.29025649552666,44.0
80.29696421741052,13.290543299335106,2.0
80.09989797045317,13.290705673029418,19.0
80.03360526800853,13.290923232741424,28.0
79.82781207231346,13.291041970834735,117.0
79.85834468764563,13.291180654227526,63.0
79.87418826730311,13.291238215589129,59.0
80.01414555332929,13.29142586132312,38.0
80.0046426187293,13.291447931703797,33.0
80.1863822439777,13.291469486454837,15.0
79.93633007198683,13.291485315711569,41.0
80.1879608296203,13.29154629142054,12.0
80.21155584181385,13.291639026670223,11.0
80.2417629853259,13.29173254669346,8.0
80.3053591071084,13.2917862812091,6.0
79.94006126192578,13.29187343238342,39.0
80.23332997073102,13.291957645068656,8.0
80.23431408242912,13.292360976389013,9.0
79.96041994018742,13.2924505464963,39.0
80.18716385768622,13.29263348768118,13.0
79.89542245218601,13.292635632711132,49.0
79.94030798414332,13.29268971487599,39.0
80.14716523952677,13.292930366757808,14.0
80.08409621166973,13.29303503792232,21.0
79.82754959119889,13.293064873181905,113.0
79.80842515685862,13.293183865606888,214.0
80.25116824838331,13.29328314776547,5.0
80.06855959624525,13.29335980478861,21.0
80.12568583638937,13.293667329003927,17.0
80.24694013495515,13.293817045461015,6.0
80.28549417385739,13.293826118555517,2.0
80.13403891240232,13.294049141666402,14.0
79.95554846482852,13.294785997191422,36.0
79.75,13.295000000000085,135.5
79.755,13.295000000000085,132.1
79.75999999999999,13.295000000000085,135.5
79.76499999999999,13.295000000000085,132.8
79.76999999999998,13.295000000000085,129.4
79.77499999999998,13.295000000000085,131.2
79.77999999999997,13.295000000000085,130.4
79.78499999999997,13.295000000000085,128.4
79.78999999999996,13.295000000000085,134.3
79.79499999999996,13.295000000000085,123.7
79.79999999999995,13.295000000000085,125.2
79.82499999999993,13.295000000000085,115.5
79.8549999999999,13.295000000000085,114.3
79.8599999999999,13.295000000000085,110.0
80.04999999999973,13.295000000000085,71.8
80.05999999999972,13.295000000000085,74.9
80.0849999999997,13.295000000000085,66.2
80.12999999999965,13.295000000000085,54.4
80.13999999999965,13.295000000000085,51.5
80.15999999999963,13.295000000000085,37.7
80.17499999999961,13.295000000000085,25.9
80.1849999999996,13.295000000000085,23.9
80.23499999999956,13.295000000000085,13.7
80.24499999999955,13.295000000000085,20.8
80.26999999999953,13.295000000000085,4.1
80.28499999999951,13.295000000000085,-1.1
80.2999999999995,13.295000000000085,2.2
80.32499999999948,13.295000000000085,5.7
80.33499999999947,13.295000000000085,-0.9
80.33999999999946,13.295000000000085,6.9
80.34499999999946,13.295000000000085,-0.4
80.34999999999945,13.295000000000085,3.7
80.35499999999945,13.295000000000085,7.4
80.35999999999945,13.295000000000085,15.1
80.36499999999944,13.295000000000085,8.3
80.36999999999944,13.295000000000085,0.0
80.37499999999943,13.295000000000085,-1.6
80.37999999999943,13.295000000000085,0.1
80.38499999999942,13.295000000000085,4.4
80.38999999999942,13.295000000000085,1.9
80.39499999999941,13.295000000000085,-1.5
80.39999999999941,13.295000000000085,10.4
80.4049999999994,13.295000000000085,15.9
80.4099999999994,13.295000000000085,8.1
80.4149999999994,13.295000000000085,9.9
80.41999999999939,13.295000000000085,-0.6
80.42499999999939,13.295000000000085,0.2
80.42999999999938,13.295000000000085,8.0
80.43499999999938,13.295000000000085,6.0
80.43999999999937,13.295000000000085,-0.7
80.44499999999937,13.295000000000085,0.4
80.44999999999936,13.295000000000085,10.4
80.06250595379429,13.295014004910758,24.0
80.3027483739434,13.295579143459769,4.0
80.07639812421905,13.295621684473138,23.0
80.00934721579743,13.295743703327991,30.0
80.31303663922965,13.295807923995762,4.0
79.96404747839469,13.29581752058477,36.0
80.03318093214763,13.295823221389606,32.0
80.23736707836738,13.29624425453267,9.0
79.99164514748121,13.296286197769415,35.0
80.0503450656426,13.296648457108647,28.0
80.22362666784258,13.29669814166895,10.0
80.27829450934915,13.297298710529663,3.0
80.09230976492287,13.297402880175374,18.0
79.92606407191278,13.297520296624729,39.0
80.25238535119293,13.29799423242101,8.0
80.22092365727276,13.298005991594929,12.0
80.0998849380571,13.298157483397818,16.0
80.02370325068689,13.298323148444082,30.0
80.28464553416508,13.298341568091471,3.0
79.89446739363089,13.298426780069455,45.0
79.81993230701853,13.298496786288258,189.0
80.0634198966093,13.298575185195626,22.0
80.16862457519744,13.298801633723654,13.0
80.14537035909481,13.29881664768216,13.0
79.96086262979165,13.298957314144074,37.0
80.03692351634682,13.2989853928632,29.0
79.9029647752348,13.299069129706313,45.0
80.21737171636649,13.299359613845205,15.0
80.06013489729249,13.299478910725703,23.0
80.10985726630419,13.299840590726426,18.0
80.18054913577214,13.299875015450665,14.0
80.07322607377648,13.299963908378636,24.0
79.75,13.300000000000086,135.0
79.755,13.300000000000086,135.6
79.75999999999999,13.300000000000086,133.8
79.76499999999999,13.300000000000086,120.4
79.76999999999998,13.300000000000086,131.7
79.77499999999998,13.300000000000086,125.4
79.77999999999997,13.300000000000086,122.3
79.78499999999997,13.300000000000086,130.0
79.78999999999996,13.300000000000086,120.2
79.79499999999996,13.300000000000086,116.3
79.79999999999995,13.300000000000086,125.4
79.80499999999995,13.300000000000086,123.0
79.80999999999995,13.300000000000086,114.6
79.81499999999994,13.300000000000086,112.2
79.81999999999994,13.300000000000086,105.7
79.82499999999993,13.300000000000086,112.1
79.82999999999993,13.300000000000086,113.8
79.83499999999992,13.300000000000086,116.1
79.83999999999992,13.300000000000086,116.0
79.84499999999991,13.300000000000086,109.4
79.84999999999991,13.300000000000086,106.8
79.8549999999999,13.300000000000086,110.8
79.8599999999999,13.300000000000086,113.2
79.8649999999999,13.300000000000086,108.0
79.86999999999989,13.300000000000086,101.1
79.87499999999989,13.300000000000086,109.7
79.87999999999988,13.300000000000086,110.7
79.88499999999988,13.300000000000086,107.5
79.88999999999987,13.300000000000086,102.2
79.89499999999987,13.300000000000086,108.6
79.89999999999986,13.300000000000086,100.8
79.90499999999986,13.300000000000086,91.1
79.90999999999985,13.300000000000086,101.8
79.91499999999985,13.300000000000086,94.6
79.91999999999985,13.300000000000086,97.5
79.92499999999984,13.300000000000086,98.8
79.92999999999984,13.300000000000086,85.8
79.93499999999983,13.300000000000086,94.1
79.93999999999983,13.300000000000086,97.4
79.94499999999982,13.300000000000086,86.1
79.94999999999982,13.300000000000086,91.0
79.95499999999981,13.300000000000086,97.8
79.95999999999981,13.300000000000086,83.6
79.9649999999998,13.300000000000086,89.3
79.9699999999998,13.300000000000086,92.1
79.9749999999998,13.300000000000086,92.1
79.97999999999979,13.300000000000086,82.0
79.98499999999979,13.300000000000086,84.2
79.98999999999978,13.300000000000086,87.6
79.99499999999978,13.300000000000086,76.3
79.99999999999977,13.300000000000086,88.4
80.00499999999977,13.300000000000086,70.4
80.00999999999976,13.300000000000086,80.9
80.01499999999976,13.300000000000086,82.4
80.01999999999975,13.300000000000086,67.5
80.02499999999975,13.300000000000086,77.1
80.02999999999975,13.300000000000086,74.2
80.03499999999974,13.300000000000086,70.4
80.03999999999974,13.300000000000086,69.8
80.04499999999973,13.300000000000086,71.7
80.04999999999973,13.300000000000086,70.7
80.05499999999972,13.300000000000086,64.1
80.05999999999972,13.300000000000086,65.9
80.06499999999971,13.300000000000086,61.8
80.06999999999971,13.300000000000086,56.6
80.0749999999997,13.300000000000086,62.8
80.0799999999997,13.300000000000086,67.3
80.0849999999997,13.300000000000086,61.7
80.08999999999969,13.300000000000086,66.2
80.09499999999969,13.300000000000086,55.5
80.09999999999968,13.300000000000086,58.7
80.10499999999968,13.300000000000086,56.1
80.11499999999967,13.300000000000086,64.1
80.11999999999966,13.300000000000086,54.8
80.12499999999966,13.300000000000086,47.8
80.12999999999965,13.300000000000086,49.1
80.13499999999965,13.300000000000086,52.6
80.13999999999965,13.300000000000086,56.7
80.14499999999964,13.300000000000086,52.8
80.14999999999964,13.300000000000086,45.5
80.15499999999963,13.300000000000086,35.6
80.15999999999963,13.300000000000086,26.5
80.16499999999962,13.300000000000086,25.6
80.16999999999962,13.300000000000086,27.0
80.17499999999961,13.300000000000086,16.5
80.17999999999961,13.300000000000086,14.8
80.1849999999996,13.300000000000086,29.1
80.1899999999996,13.300000000000086,21.7
80.1949999999996,13.300000000000086,26.0
80.19999999999959,13.300000000000086,24.1
80.20499999999959,13.300000000000086,12.9
80.20999999999958,13.300000000000086,17.2
80.21499999999958,13.300000000000086,22.9
80.21999999999957,13.300000000000086,15.4
80.22499999999957,13.300000000000086,22.7
80.22999999999956,13.300000000000086,18.5
80.23499999999956,13.300000000000086,14.4
80.23999999999955,13.300000000000086,19.7
80.24499999999955,13.300000000000086,15.9
80.24999999999955,13.300000000000086,17.1
80.25499999999954,13.300000000000086,6.3
80.25999999999954,13.300000000000086,1.1
80.26499999999953,13.300000000000086,-2.0
80.26999999999953,13.300000000000086,6.3
80.27499999999952,13.300000000000086,5.4
80.27999999999952,13.300000000000086,1.1
80.28499999999951,13.300000000000086,0.9
80.28999999999951,13.300000000000086,-1.6
80.2949999999995,13.300000000000086,-0.5
80.2999999999995,13.300000000000086,10.1
80.3049999999995,13.300000000000086,4.6
80.30999999999949,13.300000000000086,3.7
80.31499999999949,13.300000000000086,2.9
80.31999999999948,13.300000000000086,-2.0
80.32499999999948,13.300000000000086,-1.3
80.32999999999947,13.300000000000086,-1.9
80.33499999999947,13.300000000000086,3.1
80.33999999999946,13.300000000000086,4.5
80.34499999999946,13.300000000000086,6.7
80.34999999999945,13.300000000000086,3.9
80.35499999999945,13.300000000000086,0.2
80.35999999999945,13.300000000000086,-2.0
80.36499999999944,13.300000000000086,0.2
80.36999999999944,13.300000000000086,-1.0
80.37499999999943,13.300000000000086,-0.8
80.37999999999943,13.300000000000086,1.9
80.38499999999942,13.300000000000086,-2.0
80.38999999999942,13.300000000000086,1.3
80.39499999999941,13.300000000000086,-1.8
80.39999999999941,13.300000000000086,4.8
80.4049999999994,13.300000000000086,-1.5
80.4099999999994,13.300000000000086,0.5
80.4149999999994,13.300000000000086,8.9
80.41999999999939,13.300000000000086,8.2
80.42499999999939,13.300000000000086,3.5
80.42999999999938,13.300000000000086,-1.7
80.43499999999938,13.300000000000086,-1.8
80.43999999999937,13.300000000000086,3.2
80.44499999999937,13.300000000000086,0.0
80.44999999999936,13.300000000000086,-1.1
79.75,13.305000000000087,130.7
79.755,13.305000000000087,129.7
79.75999999999999,13.305000000000087,122.6
79.76499999999999,13.305000000000087,129.6
79.76999999999998,13.305000000000087,125.4
79.77499999999998,13.305000000000087,127.0
79.77999999999997,13.305000000000087,131.1
79.78499999999997,13.305000000000087,122.6
79.78999999999996,13.305000000000087,130.5
79.79499999999996,13.305000000000087,120.9
79.79999999999995,13.305000000000087,119.9
79.80499999999995,13.305000000000087,120.0
79.80999999999995,13.305000000000087,116.9
79.81499999999994,13.305000000000087,118.9
79.81999999999994,13.305000000000087,125.2
79.82499999999993,13.305000000000087,110.2
79.82999999999993,13.305000000000087,110.8
79.83499999999992,13.305000000000087,109.2
79.83999999999992,13.305000000000087,116.9
79.84499999999991,13.305000000000087,121.1
79.84999999999991,13.305000000000087,106.0
79.8549999999999,13.305000000000087,118.2
79.8599999999999,13.305000000000087,99.6
79.8649999999999,13.305000000000087,96.3
79.86999999999989,13.305000000000087,108.0
79.87499999999989,13.305000000000087,98.7
79.87999999999988,13.305000000000087,106.8
79.88499999999988,13.305000000000087,108.6
79.88999999999987,13.305000000000087,98.6
79.89499999999987,13.305000000000087,103.0
79.89999999999986,13.305000000000087,96.7
79.90499999999986,13.305000000000087,104.1
79.90999999999985,13.305000000000087,92.3
79.91499999999985,13.305000000000087,92.6
79.91999999999985,13.305000000000087,98.6
79.92499999999984,13.305000000000087,98.6
79.92999999999984,13.305000000000087,106.4
79.93499999999983,13.305000000000087,87.9
79.93999999999983,13.305000000000087,100.0
79.94499999999982,13.305000000000087,93.9
79.94999999999982,13.305000000000087,94.3
79.95499999999981,13.305000000000087,82.7
79.95999999999981,13.305000000000087,90.5
79.9649999999998,13.305000000000087,86.7
79.9699999999998,13.305000000000087,88.0
79.9749999999998,13.305000000000087,83.2
79.97999999999979,13.305000000000087,82.1
79.98499999999979,13.305000000000087,83.4
79.98999999999978,13.305000000000087,85.4
79.99499999999978,13.305000000000087,76.6
79.99999999999977,13.305000000000087,86.8
80.00499999999977,13.305000000000087,84.0
80.00999999999976,13.305000000000087,84.5
80.01499999999976,13.305000000000087,79.5
80.01999999999975,13.305000000000087,79.4
80.02499999999975,13.305000000000087,77.4
80.02999999999975,13.305000000000087,71.0
80.03499999999974,13.305000000000087,74.0
80.03999999999974,13.305000000000087,74.4
80.04499999999973,13.305000000000087,63.5
80.04999999999973,13.305000000000087,80.0
80.05499999999972,13.305000000000087,63.7
80.05999999999972,13.305000000000087,68.4
80.06499999999971,13.305000000000087,70.3
80.06999999999971,13.305000000000087,62.8
80.0749999999997,13.305000000000087,57.3
80.0799999999997,13.305000000000087,61.5
80.0849999999997,13.305000000000087,69.9
80.08999999999969,13.305000000000087,58.5
80.09499999999969,13.305000000000087,55.3
80.09999999999968,13.305000000000087,61.8
80.10499999999968,13.305000000000087,46.2
80.10999999999967,13.305000000000087,57.4
80.11499999999967,13.305000000000087,55.1
80.11999999999966,13.305000000000087,53.8
80.12499999999966,13.305000000000087,54.9
80.12999999999965,13.305000000000087,56.2
80.13499999999965,13.305000000000087,50.4
80.13999999999965,13.305000000000087,48.0
80.14499999999964,13.305000000000087,55.2
80.14999999999964,13.305000000000087,45.5
80.15499999999963,13.305000000000087,40.4
80.15999999999963,13.305000000000087,32.5
80.16499999999962,13.305000000000087,28.7
80.16999999999962,13.305000000000087,27.5
80.17499999999961,13.305000000000087,21.7
80.17999999999961,13.305000000000087,24.5
80.1849999999996,13.305000000000087,21.3
80.1899999999996,13.305000000000087,27.5
80.1949999999996,13.305000000000087,22.7
80.19999999999959,13.305000000000087,24.6
80.20499999999959,13.305000000000087,22.7
80.20999999999958,13.305000000000087,16.7
80.21499999999958,13.305000000000087,27.7
80.21999999999957,13.305000000000087,21.4
80.22499999999957,13.305000000000087,17.2
80.22999999999956,13.305000000000087,19.4
80.23499999999956,13.305000000000087,17.9
80.23999999999955,13.305000000000087,18.4
80.24499999999955,13.305000000000087,11.3
80.24999999999955,13.305000000000087,12.0
80.25499999999954,13.305000000000087,5.7
80.25999999999954,13.305000000000087,1.7
80.26499999999953,13.305000000000087,-2.0
80.26999999999953,13.305000000000087,6.6
80.27499999999952,13.305000000000087,3.3
80.27999999999952,13.305000000000087,-0.2
80.28499999999951,13.305000000000087,2.8
80.28999999999951,13.305000000000087,-2.0
80.2949999999995,13.305000000000087,-1.7
80.2999999999995,13.305000000000087,1.8
80.3049999999995,13.305000000000087,5.4
80.30999999999949,13.305000000000087,-1.5
80.31499999999949,13.305000000000087,13.8
80.31999999999948,13.305000000000087,-2.0
80.32499999999948,13.305000000000087,3.9
80.32999999999947,13.305000000000087,-0.5
80.33499999999947,13.305000000000087,-2.0
80.33999999999946,13.305000000000087,3.2
80.34499999999946,13.305000000000087,-2.0
80.34999999999945,13.305000000000087,4.2
80.35499999999945,13.305000000000087,3.3
80.35999999999945,13.305000000000087,-1.6
80.36499999999944,13.305000000000087,-2.0
80.36999999999944,13.305000000000087,-0.6
80.37499999999943,13.305000000000087,2.3
80.37999999999943,13.305000000000087,-1.4
80.38499999999942,13.305000000000087,5.5
80.38999999999942,13.305000000000087,6.3
80.39499999999941,13.305000000000087,9.0
80.39999999999941,13.305000000000087,10.9
80.4049999999994,13.305000000000087,-1.7
80.4099999999994,13.305000000000087,1.8
80.4149999999994,13.305000000000087,2.8
80.41999999999939,13.305000000000087,3.2
80.42499999999939,13.305000000000087,-2.0
80.42999999999938,13.305000000000087,-2.0
80.43499999999938,13.305000000000087,4.3
80.43999999999937,13.305000000000087,8.2
80.44499999999937,13.305000000000087,-1.8
80.44999999999936,13.305000000000087,-2.0
79.75,13.310000000000088,132.2
79.755,13.310000000000088,135.8
79.75999999999999,13.310000000000088,129.8
79.76499999999999,13.310000000000088,125.9
79.76999999999998,13.310000000000088,118.1
79.77499999999998,13.310000000000088,130.8
79.77999999999997,13.310000000000088,125.9
79.78499999999997,13.310000000000088,124.5
79.78999999999996,13.310000000000088,124.5
79.79499999999996,13.310000000000088,121.1
79.79999999999995,13.310000000000088,125.0
79.80499999999995,13.310000000000088,117.0
79.80999999999995,13.310000000000088,127.3
79.81499999999994,13.310000000000088,123.5
79.81999999999994,13.310000000000088,114.5
79.82499999999993,13.310000000000088,121.2
79.82999999999993,13.310000000000088,114.5
79.83499999999992,13.310000000000088,104.3
79.83999999999992,13.310000000000088,114.2
79.84499999999991,13.310000000000088,109.3
79.84999999999991,13.310000000000088,109.7
79.8549999999999,13.310000000000088,109.7
79.8599999999999,13.310000000000088,110.7
79.8649999999999,13.310000000000088,106.4
79.86999999999989,13.310000000000088,114.6
79.87499999999989,13.310000000000088,103.4
79.87999999999988,13.310000000000088,110.0
79.88499999999988,13.310000000000088,114.1
79.88999999999987,13.310000000000088,100.7
79.89499999999987,13.310000000000088,105.9
79.89999999999986,13.310000000000088,100.6
79.90499999999986,13.310000000000088,103.0
79.90999999999985,13.310000000000088,97.8
79.91499999999985,13.310000000000088,93.4
79.91999999999985,13.310000000000088,103.9
79.92499999999984,13.310000000000088,100.2
79.92999999999984,13.310000000000088,95.8
79.93499999999983,13.310000000000088,94.0
79.93999999999983,13.310000000000088,92.7
79.94499999999982,13.310000000000088,83.8
79.94999999999982,13.310000000000088,85.4
79.95499999999981,13.310000000000088,97.1
79.95999999999981,13.310000000000088,89.1
79.9649999999998,13.310000000000088,91.3
79.9699999999998,13.310000000000088,81.8
79.9749999999998,13.310000000000088,82.3
79.97999999999979,13.310000000000088,76.3
79.98499999999979,13.310000000000088,88.1
79.98999999999978,13.310000000000088,83.2
79.99499999999978,13.310000000000088,93.1
79.99999999999977,13.310000000000088,77.2
80.00499999999977,13.310000000000088,79.9
80.00999999999976,13.310000000000088,68.1
80.01499999999976,13.310000000000088,75.8
80.01999999999975,13.310000000000088,74.2
80.02499999999975,13.310000000000088,80.0
80.02999999999975,13.310000000000088,81.5
80.03499999999974,13.310000000000088,70.8
80.03999999999974,13.310000000000088,61.8
80.04499999999973,13.310000000000088,74.2
80.04999999999973,13.310000000000088,65.4
80.05499999999972,13.310000000000088,65.6
80.05999999999972,13.310000000000088,73.6
80.06499999999971,13.310000000000088,59.9
80.06999999999971,13.310000000000088,70.7
80.0749999999997,13.310000000000088,67.8
80.0799999999997,13.310000000000088,59.2
80.0849999999997,13.310000000000088,65.5
80.08999999999969,13.310000000000088,49.6
80.09499999999969,13.310000000000088,67.0
80.09999999999968,13.310000000000088,66.7
80.10499999999968,13.310000000000088,64.8
80.10999999999967,13.310000000000088,52.8
80.11499999999967,13.310000000000088,54.5
80.11999999999966,13.310000000000088,57.1
80.12499999999966,13.310000000000088,59.1
80.12999999999965,13.310000000000088,51.5
80.13499999999965,13.310000000000088,54.7
80.13999999999965,13.310000000000088,50.6
80.14499999999964,13.310000000000088,53.5
80.14999999999964,13.310000000000088,53.6
80.15499999999963,13.310000000000088,26.8
80.15999999999963,13.310000000000088,24.8
80.16499999999962,13.310000000000088,31.2
80.16999999999962,13.310000000000088,29.2
80.17499999999961,13.310000000000088,23.1
80.17999999999961,13.310000000000088,24.0
80.1849999999996,13.310000000000088,17.1
80.1899999999996,13.310000000000088,37.5
80.1949999999996,13.310000000000088,22.5
80.19999999999959,13.310000000000088,30.0
80.20499999999959,13.310000000000088,17.4
80.20999999999958,13.310000000000088,26.9
80.21499999999958,13.310000000000088,21.6
80.21999999999957,13.310000000000088,16.3
80.22499999999957,13.310000000000088,15.4
80.22999999999956,13.310000000000088,20.7
80.23499999999956,13.310000000000088,3.5
80.23999999999955,13.310000000000088,15.3
80.24499999999955,13.310000000000088,18.9
80.24999999999955,13.310000000000088,8.5
80.25499999999954,13.310000000000088,2.5
80.25999999999954,13.310000000000088,-2.0
80.26499999999953,13.310000000000088,-2.0
80.26999999999953,13.310000000000088,-0.8
80.27499999999952,13.310000000000088,7.5
80.27999999999952,13.310000000000088,2.5
80.28499999999951,13.310000000000088,-2.0
80.28999999999951,13.310000000000088,2.3
80.2949999999995,13.310000000000088,0.1
80.2999999999995,13.310000000000088,-2.0
80.3049999999995,13.310000000000088,1.5
80.30999999999949,13.310000000000088,3.6
80.31499999999949,13.310000000000088,-2.0
80.31999999999948,13.310000000000088,-0.3
80.32499999999948,13.310000000000088,2.1
80.32999999999947,13.310000000000088,0.9
80.33499999999947,13.310000000000088,-2.0
80.33999999999946,13.310000000000088,-0.4
80.34499999999946,13.310000000000088,2.6
80.34999999999945,13.310000000000088,4.0
80.35499999999945,13.310000000000088,-1.1
80.35999999999945,13.310000000000088,-2.0
80.36499999999944,13.310000000000088,8.4
80.36999999999944,13.310000000000088,3.3
80.37499999999943,13.310000000000088,4.0
80.37999999999943,13.310000000000088,4.7
80.38499999999942,13.310000000000088,-2.0
80.38999999999942,13.310000000000088,1.1
80.39499999999941,13.310000000000088,-2.0
80.39999999999941,13.310000000000088,-1.2
80.4049999999994,13.310000000000088,6.4
80.4099999999994,13.310000000000088,4.0
80.4149999999994,13.310000000000088,10.8
80.41999999999939,13.310000000000088,0.7
80.42499999999939,13.310000000000088,2.7
80.42999999999938,13.310000000000088,5.2
80.43499999999938,13.310000000000088,-1.6
80.43999999999937,13.310000000000088,-2.0
80.44499999999937,13.310000000000088,-2.0
80.44999999999936,13.310000000000088,2.0
79.75,13.315000000000088,133.4
79.755,13.315000000000088,131.1
79.75999999999999,13.315000000000088,138.5
79.76499999999999,13.315000000000088,132.2
79.76999999999998,13.315000000000088,128.6
79.77499999999998,13.315000000000088,119.0
79.77999999999997,13.315000000000088,137.1
79.78499999999997,13.315000000000088,132.9
79.78999999999996,13.315000000000088,120.3
79.79499999999996,13.315000000000088,132.8
79.79999999999995,13.315000000000088,122.7
79.80499999999995,13.315000000000088,119.7
79.80999999999995,13.315000000000088,115.9
79.81499999999994,13.315000000000088,116.4
79.81999999999994,13.315000000000088,120.7
79.82499999999993,13.315000000000088,116.3
79.82999999999993,13.315000000000088,119.4
79.83499999999992,13.315000000000088,112.1
79.83999999999992,13.315000000000088,119.4
79.84499999999991,13.315000000000088,109.1
79.84999999999991,13.315000000000088,113.1
79.8549999999999,13.315000000000088,113.4
79.8599999999999,13.315000000000088,101.6
79.8649999999999,13.315000000000088,103.6
79.86999999999989,13.315000000000088,114.1
79.87499999999989,13.315000000000088,99.3
79.87999999999988,13.315000000000088,100.6
79.88499999999988,13.315000000000088,107.6
79.88999999999987,13.315000000000088,105.3
79.89499999999987,13.315000000000088,105.7
79.89999999999986,13.315000000000088,101.3
79.90499999999986,13.315000000000088,97.2
79.90999999999985,13.315000000000088,102.4
79.91499999999985,13.315000000000088,100.1
79.91999999999985,13.315000000000088,93.3
79.92499999999984,13.315000000000088,105.4
79.92999999999984,13.315000000000088,88.3
79.93499999999983,13.315000000000088,98.7
79.93999999999983,13.315000000000088,87.3
79.94499999999982,13.315000000000088,97.8
79.94999999999982,13.315000000000088,93.7
79.95499999999981,13.315000000000088,98.4
79.95999999999981,13.315000000000088,87.4
79.9649999999998,13.315000000000088,95.8
79.9699999999998,13.315000000000088,90.7
79.9749999999998,13.315000000000088,88.3
79.97999999999979,13.315000000000088,83.8
79.98499999999979,13.315000000000088,85.1
79.98999999999978,13.315000000000088,83.0
79.99499999999978,13.315000000000088,85.6
79.99999999999977,13.315000000000088,88.7
80.00499999999977,13.315000000000088,74.3
80.00999999999976,13.315000000000088,84.8
80.01499999999976,13.315000000000088,80.4
80.01999999999975,13.315000000000088,69.5
80.02499999999975,13.315000000000088,77.4
80.02999999999975,13.315000000000088,74.8
80.03499999999974,13.315000000000088,73.0
80.03999999999974,13.315000000000088,73.7
80.04499999999973,13.315000000000088,70.0
80.04999999999973,13.315000000000088,79.0
80.05499999999972,13.315000000000088,70.5
80.05999999999972,13.315000000000088,66.8
80.06499999999971,13.315000000000088,52.5
80.06999999999971,13.315000000000088,68.9
80.0749999999997,13.315000000000088,68.2
80.0799999999997,13.315000000000088,61.5
80.0849999999997,13.315000000000088,61.9
80.08999999999969,13.315000000000088,65.9
80.09499999999969,13.315000000000088,58.9
80.09999999999968,13.315000000000088,59.2
80.10499999999968,13.315000000000088,53.5
80.10999999999967,13.315000000000088,57.7
80.11499999999967,13.315000000000088,55.6
80.11999999999966,13.315000000000088,52.0
80.12499999999966,13.315000000000088,48.0
80.12999999999965,13.315000000000088,45.2
80.13499999999965,13.315000000000088,54.3
80.13999999999965,13.315000000000088,51.5
80.14499999999964,13.315000000000088,49.0
80.14999999999964,13.315000000000088,49.6
80.15499999999963,13.315000000000088,26.9
80.15999999999963,13.315000000000088,31.6
80.16499999999962,13.315000000000088,37.9
80.16999999999962,13.315000000000088,24.6
80.17499999999961,13.315000000000088,26.6
80.17999999999961,13.315000000000088,23.3
80.1849999999996,13.315000000000088,23.8
80.1899999999996,13.315000000000088,18.7
80.1949999999996,13.315000000000088,21.2
80.19999999999959,13.315000000000088,23.8
80.20499999999959,13.315000000000088,22.7
80.20999999999958,13.315000000000088,24.1
80.21499999999958,13.315000000000088,23.1
80.21999999999957,13.315000000000088,26.8
80.22499999999957,13.315000000000088,10.1
80.22999999999956,13.315000000000088,17.1
80.23499999999956,13.315000000000088,8.6
80.23999999999955,13.315000000000088,12.8
80.24499999999955,13.315000000000088,19.1
80.24999999999955,13.315000000000088,12.2
80.25499999999954,13.315000000000088,4.3
80.25999999999954,13.315000000000088,7.8
80.26499999999953,13.315000000000088,1.8
80.26999999999953,13.315000000000088,4.0
80.27499999999952,13.315000000000088,-2.0
80.27999999999952,13.315000000000088,6.7
80.28499999999951,13.315000000000088,-2.0
80.28999999999951,13.315000000000088,-0.4
80.2949999999995,13.315000000000088,2.6
80.2999999999995,13.315000000000088,0.8
80.3049999999995,13.315000000000088,-2.0
80.30999999999949,13.315000000000088,-2.0
80.31499999999949,13.315000000000088,5.0
80.31999999999948,13.315000000000088,-0.7
80.32499999999948,13.315000000000088,8.7
80.32999999999947,13.315000000000088,4.4
80.33499999999947,13.315000000000088,-2.0
80.33999999999946,13.315000000000088,1.1
80.34499999999946,13.315000000000088,-0.6
80.34999999999945,13.315000000000088,-2.0
80.35499999999945,13.315000000000088,-2.0
80.35999999999945,13.315000000000088,-1.8
80.36499999999944,13.315000000000088,1.6
80.36999999999944,13.315000000000088,2.0
80.37499999999943,13.315000000000088,1.6
80.37999999999943,13.315000000000088,0.1
80.38499999999942,13.315000000000088,2.4
80.38999999999942,13.315000000000088,7.1
80.39499999999941,13.315000000000088,5.0
80.39999999999941,13.315000000000088,8.3
80.4049999999994,13.315000000000088,5.5
80.4099999999994,13.315000000000088,-2.0
80.4149999999994,13.315000000000088,0.4
80.41999999999939,13.315000000000088,1.8
80.42499999999939,13.315000000000088,-2.0
80.42999999999938,13.315000000000088,4.5
80.43499999999938,13.315000000000088,8.8
80.43999999999937,13.315000000000088,6.3
80.44499999999937,13.315000000000088,2.9
80.44999999999936,13.315000000000088,-2.0
79.75,13.320000000000089,131.8
79.755,13.320000000000089,138.3
79.75999999999999,13.320000000000089,132.6
79.76499999999999,13.320000000000089,137.6
79.76999999999998,13.320000000000089,130.4
79.77499999999998,13.320000000000089,131.0
79.77999999999997,13.320000000000089,127.9
79.78499999999997,13.320000000000089,124.1
79.78999999999996,13.320000000000089,116.8
79.79499999999996,13.320000000000089,128.5
79.79999999999995,13.320000000000089,123.3
79.80499999999995,13.320000000000089,128.7
79.80999999999995,13.320000000000089,122.2
79.81499999999994,13.320000000000089,125.3
79.81999999999994,13.320000000000089,124.3
79.82499999999993,13.320000000000089,122.9
79.82999999999993,13.320000000000089,106.3
79.83499999999992,13.320000000000089,121.8
79.83999999999992,13.320000000000089,116.1
79.84499999999991,13.320000000000089,116.0
79.84999999999991,13.320000000000089,100.0
79.8549999999999,13.320000000000089,106.6
79.8599999999999,13.320000000000089,112.0
79.8649999999999,13.320000000000089,110.9
79.86999999999989,13.320000000000089,111.7
79.87499999999989,13.320000000000089,107.6
79.87999999999988,13.320000000000089,107.5
79.88499999999988,13.320000000000089,100.5
79.88999999999987,13.320000000000089,92.0
79.89499999999987,13.320000000000089,101.5
79.89999999999986,13.320000000000089,104.6
79.90499999999986,13.320000000000089,94.9
79.90999999999985,13.320000000000089,97.1
79.91499999999985,13.320000000000089,96.4
79.91999999999985,13.320000000000089,92.2
79.92499999999984,13.320000000000089,97.4
79.92999999999984,13.320000000000089,104.3
79.93499999999983,13.320000000000089,95.6
79.93999999999983,13.320000000000089,97.8
79.94499999999982,13.320000000000089,88.4
79.94999999999982,13.320000000000089,87.0
79.95499999999981,13.320000000000089,88.5
79.95999999999981,13.320000000000089,88.7
79.9649999999998,13.320000000000089,82.6
79.9699999999998,13.320000000000089,87.0
79.9749999999998,13.320000000000089,75.9
79.97999999999979,13.320000000000089,76.5
79.98499999999979,13.320000000000089,77.3
79.98999999999978,13.320000000000089,76.6
79.99499999999978,13.320000000000089,86.4
79.99999999999977,13.320000000000089,84.9
80.00499999999977,13.320000000000089,73.1
80.00999999999976,13.320000000000089,81.6
80.01499999999976,13.320000000000089,77.9
80.01999999999975,13.320000000000089,79.4
80.02499999999975,13.320000000000089,67.4
80.02999999999975,13.320000000000089,72.6
80.03499999999974,13.320000000000089,76.0
80.03999999999974,13.320000000000089,69.8
80.04499999999973,13.320000000000089,71.1
80.04999999999973,13.320000000000089,59.1
80.05499999999972,13.320000000000089,68.9
80.05999999999972,13.320000000000089,69.0
80.06499999999971,13.320000000000089,67.0
80.06999999999971,13.320000000000089,69.6
80.0749999999997,13.320000000000089,64.8
80.0799999999997,13.320000000000089,59.2
80.0849999999997,13.320000000000089,59.1
80.08999999999969,13.320000000000089,61.8
80.09499999999969,13.320000000000089,59.4
80.09999999999968,13.320000000000089,62.0
80.10499999999968,13.320000000000089,53.3
80.10999999999967,13.320000000000089,56.4
80.11499999999967,13.320000000000089,57.8
80.11999999999966,13.320000000000089,48.1
80.12499999999966,13.320000000000089,51.7
80.12999999999965,13.320000000000089,46.9
80.13499999999965,13.320000000000089,45.0
80.13999999999965,13.320000000000089,49.0
80.14499999999964,13.320000000000089,57.7
80.14999999999964,13.320000000000089,42.2
80.15499999999963,13.320000000000089,35.1
80.15999999999963,13.320000000000089,42.9
80.16499999999962,13.320000000000089,25.9
80.16999999999962,13.320000000000089,23.6
80.17499999999961,13.320000000000089,29.8
80.17999999999961,13.320000000000089,30.5
80.1849999999996,13.320000000000089,33.4
80.1899999999996,13.320000000000089,31.0
80.1949999999996,13.320000000000089,31.8
80.19999999999959,13.320000000000089,15.7
80.20499999999959,13.320000000000089,13.4
80.20999999999958,13.320000000000089,16.3
80.21499999999958,13.320000000000089,16.2
80.21999999999957,13.320000000000089,13.0
80.22499999999957,13.320000000000089,18.8
80.22999999999956,13.320000000000089,4.6
80.23499999999956,13.320000000000089,17.8
80.23999999999955,13.320000000000089,19.0
80.24499999999955,13.320000000000089,5.5
80.24999999999955,13.320000000000089,10.9
80.25499999999954,13.320000000000089,1.2
80.25999999999954,13.320000000000089,10.4
80.26499999999953,13.320000000000089,7.0
80.26999999999953,13.320000000000089,5.1
80.27499999999952,13.320000000000089,1.3
80.27999999999952,13.320000000000089,-2.0
80.28499999999951,13.320000000000089,8.7
80.28999999999951,13.320000000000089,7.0
80.2949999999995,13.320000000000089,-2.0
80.2999999999995,13.320000000000089,6.1
80.3049999999995,13.320000000000089,-2.0
80.30999999999949,13.320000000000089,-1.3
80.31499999999949,13.320000000000089,10.8
80.31999999999948,13.320000000000089,10.7
80.32499999999948,13.320000000000089,3.3
80.32999999999947,13.320000000000089,-2.0
80.33499999999947,13.320000000000089,5.9
80.33999999999946,13.320000000000089,5.8
80.34499999999946,13.320000000000089,-2.0
80.34999999999945,13.320000000000089,0.3
80.35499999999945,13.320000000000089,-0.3
80.35999999999945,13.320000000000089,7.7
80.36499999999944,13.320000000000089,3.6
80.36999999999944,13.320000000000089,4.7
80.37499999999943,13.320000000000089,6.2
80.37999999999943,13.320000000000089,0.3
80.38499999999942,13.320000000000089,-0.3
80.38999999999942,13.320000000000089,2.4
80.39499999999941,13.320000000000089,5.9
80.39999999999941,13.320000000000089,1.2
80.4049999999994,13.320000000000089,3.7
80.4099999999994,13.320000000000089,-1.5
80.4149999999994,13.320000000000089,3.5
80.41999999999939,13.320000000000089,4.1
80.42499999999939,13.320000000000089,-1.5
80.42999999999938,13.320000000000089,3.3
80.43499999999938,13.320000000000089,11.1
80.43999999999937,13.320000000000089,2.3
80.44499999999937,13.320000000000089,7.4
80.44999999999936,13.320000000000089,1.9
79.75,13.32500000000009,140.4
79.755,13.32500000000009,130.5
79.75999999999999,13.32500000000009,138.1
79.76499999999999,13.32500000000009,124.6
79.76999999999998,13.32500000000009,129.3
79.77499999999998,13.32500000000009,128.4
79.77999999999997,13.32500000000009,118.3
79.78499999999997,13.32500000000009,127.3
79.78999999999996,13.32500000000009,115.1
79.79499999999996,13.32500000000009,141.0
79.79999999999995,13.32500000000009,129.3
79.80499999999995,13.32500000000009,123.0
79.80999999999995,13.32500000000009,115.6
79.81499999999994,13.32500000000009,129.6
79.81999999999994,13.32500000000009,113.0
79.82499999999993,13.32500000000009,121.1
79.82999999999993,13.32500000000009,97.4
79.83499999999992,13.32500000000009,121.0
79.83999999999992,13.32500000000009,109.2
79.84499999999991,13.32500000000009,113.6
79.84999999999991,13.32500000000009,106.2
79.8549999999999,13.32500000000009,112.3
79.8599999999999,13.32500000000009,101.5
79.8649999999999,13.32500000000009,103.9
79.86999999999989,13.32500000000009,112.4
79.87499999999989,13.32500000000009,110.7
79.87999999999988,13.32500000000009,102.8
79.88499999999988,13.32500000000009,111.4
79.88999999999987,13.32500000000009,106.2
79.89499999999987,13.32500000000009,96.2
79.89999999999986,13.32500000000009,103.2
79.90499999999986,13.32500000000009,106.2
79.90999999999985,13.32500000000009,104.6
79.91499999999985,13.32500000000009,98.0
79.91999999999985,13.32500000000009,98.1
79.92499999999984,13.32500000000009,96.3
79.92999999999984,13.32500000000009,96.9
79.93499999999983,13.32500000000009,104.8
79.93999999999983,13.32500000000009,94.5
79.94499999999982,13.32500000000009,88.1
79.94999999999982,13.32500000000009,92.7
79.95499999999981,13.32500000000009,96.8
79.95999999999981,13.32500000000009,90.1
79.9649999999998,13.32500000000009,85.9
79.9699999999998,13.32500000000009,86.6
79.9749999999998,13.32500000000009,85.1
79.97999999999979,13.32500000000009,75.1
79.98499999999979,13.32500000000009,77.0
79.98999999999978,13.32500000000009,82.4
79.99499999999978,13.32500000000009,83.7
79.99999999999977,13.32500000000009,81.1
80.00499999999977,13.32500000000009,76.1
80.00999999999976,13.32500000000009,75.0
80.01499999999976,13.32500000000009,74.9
80.01999999999975,13.32500000000009,78.4
80.02499999999975,13.32500000000009,75.3
80.02999999999975,13.32500000000009,74.0
80.03499999999974,13.32500000000009,74.4
80.03999999999974,13.32500000000009,68.7
80.04499999999973,13.32500000000009,68.8
80.04999999999973,13.32500000000009,69.5
80.05499999999972,13.32500000000009,62.1
80.05999999999972,13.32500000000009,65.1
80.06499999999971,13.32500000000009,65.0
80.06999999999971,13.32500000000009,59.1
80.0749999999997,13.32500000000009,60.5
80.0799999999997,13.32500000000009,53.0
80.0849999999997,13.32500000000009,64.4
80.08999999999969,13.32500000000009,62.7
80.09499999999969,13.32500000000009,62.7
80.09999999999968,13.32500000000009,58.8
80.10499999999968,13.32500000000009,63.1
80.10999999999967,13.32500000000009,62.3
80.11499999999967,13.32500000000009,58.9
80.11999999999966,13.32500000000009,56.5
80.12499999999966,13.32500000000009,52.3
80.12999999999965,13.32500000000009,48.0
80.13499999999965,13.32500000000009,53.0
80.13999999999965,13.32500000000009,51.4
80.14499999999964,13.32500000000009,42.8
80.14999999999964,13.32500000000009,49.7
80.15499999999963,13.32500000000009,27.9
80.15999999999963,13.32500000000009,31.1
80.16499999999962,13.32500000000009,31.6
80.16999999999962,13.32500000000009,29.4
80.17499999999961,13.32500000000009,38.3
80.17999999999961,13.32500000000009,26.4
80.1849999999996,13.32500000000009,26.2
80.1899999999996,13.32500000000009,19.7
80.1949999999996,13.32500000000009,21.2
80.19999999999959,13.32500000000009,26.1
80.20499999999959,13.32500000000009,15.7
80.20999999999958,13.32500000000009,21.5
80.21499999999958,13.32500000000009,15.0
80.21999999999957,13.32500000000009,25.7
80.22499999999957,13.32500000000009,17.6
80.22999999999956,13.32500000000009,10.5
80.23499999999956,13.32500000000009,12.9
80.23999999999955,13.32500000000009,14.5
80.24499999999955,13.32500000000009,22.2
80.24999999999955,13.32500000000009,13.5
80.25499999999954,13.32500000000009,5.3
80.25999999999954,13.32500000000009,-0.4
80.26499999999953,13.32500000000009,3.5
80.26999999999953,13.32500000000009,1.9
80.27499999999952,13.32500000000009,6.0
80.27999999999952,13.32500000000009,5.5
80.28499999999951,13.32500000000009,0.5
80.28999999999951,13.32500000000009,2.6
80.2949999999995,13.32500000000009,6.5
80.2999999999995,13.32500000000009,-1.2
80.3049999999995,13.32500000000009,7.7
80.30999999999949,13.32500000000009,2.7
80.31499999999949,13.32500000000009,1.5
80.31999999999948,13.32500000000009,-2.0
80.32499999999948,13.32500000000009,2.0
80.32999999999947,13.32500000000009,7.4
80.33499999999947,13.32500000000009,1.6
80.33999999999946,13.32500000000009,6.1
80.34499999999946,13.32500000000009,4.0
80.34999999999945,13.32500000000009,2.2
80.35499999999945,13.32500000000009,-2.0
80.35999999999945,13.32500000000009,-0.6
80.36499999999944,13.32500000000009,2.6
80.36999999999944,13.32500000000009,1.9
80.37499999999943,13.32500000000009,11.6
80.37999999999943,13.32500000000009,-0.8
80.38499999999942,13.32500000000009,8.3
80.38999999999942,13.32500000000009,-2.0
80.39499999999941,13.32500000000009,7.5
80.39999999999941,13.32500000000009,-2.0
80.4049999999994,13.32500000000009,3.7
80.4099999999994,13.32500000000009,-2.0
80.4149999999994,13.32500000000009,4.6
80.41999999999939,13.32500000000009,1.4
80.42499999999939,13.32500000000009,-1.3
80.42999999999938,13.32500000000009,4.8
80.43499999999938,13.32500000000009,9.0
80.43999999999937,13.32500000000009,-2.0
80.44499999999937,13.32500000000009,-2.0
80.44999999999936,13.32500000000009,-0.3
79.75,13.33000000000009,127.6
79.755,13.33000000000009,130.5
79.75999999999999,13.33000000000009,133.7
79.76499999999999,13.33000000000009,129.1
79.76999999999998,13.33000000000009,133.5
79.77499999999998,13.33000000000009,131.0
79.77999999999997,13.33000000000009,125.2
79.78499999999997,13.33000000000009,132.1
79.78999999999996,13.33000000000009,117.6
79.79499999999996,13.33000000000009,130.2
79.79999999999995,13.33000000000009,119.7
79.80499999999995,13.33000000000009,123.0
79.80999999999995,13.33000000000009,116.7
79.81499999999994,13.33000000000009,119.3
79.81999999999994,13.33000000000009,123.4
79.82499999999993,13.33000000000009,121.3
79.82999999999993,13.33000000000009,119.2
79.83499999999992,13.33000000000009,112.2
79.83999999999992,13.33000000000009,115.5
79.84499999999991,13.33000000000009,117.6
79.84999999999991,13.33000000000009,112.0
79.8549999999999,13.33000000000009,117.1
79.8599999999999,13.33000000000009,113.2
79.8649999999999,13.33000000000009,100.7
79.86999999999989,13.33000000000009,107.9
79.87499999999989,13.33000000000009,107.1
79.87999999999988,13.33000000000009,112.8
79.88499999999988,13.33000000000009,108.2
79.88999999999987,13.33000000000009,110.9
79.89499999999987,13.33000000000009,118.4
79.89999999999986,13.33000000000009,111.5
79.90499999999986,13.33000000000009,106.0
79.90999999999985,13.33000000000009,102.3
79.91499999999985,13.33000000000009,103.1
79.91999999999985,13.33000000000009,98.9
79.92499999999984,13.33000000000009,98.1
79.92999999999984,13.33000000000009,92.0
79.93499999999983,13.33000000000009,88.1
79.93999999999983,13.33000000000009,98.9
79.94499999999982,13.33000000000009,91.3
79.94999999999982,13.33000000000009,101.7
79.95499999999981,13.33000000000009,94.2
79.95999999999981,13.33000000000009,92.5
79.9649999999998,13.33000000000009,91.8
79.9699999999998,13.33000000000009,87.9
79.9749999999998,13.33000000000009,90.8
79.97999999999979,13.33000000000009,81.5
79.98499999999979,13.33000000000009,85.7
79.98999999999978,13.33000000000009,89.9
79.99499999999978,13.33000000000009,78.4
79.99999999999977,13.33000000000009,86.5
80.00499999999977,13.33000000000009,74.3
80.00999999999976,13.33000000000009,81.2
80.01499999999976,13.33000000000009,72.0
80.01999999999975,13.33000000000009,78.1
80.02499999999975,13.33000000000009,74.6
80.02999999999975,13.33000000000009,69.1
80.03499999999974,13.33000000000009,80.7
80.03999999999974,13.33000000000009,78.0
80.04499999999973,13.33000000000009,69.8
80.04999999999973,13.33000000000009,74.3
80.05499999999972,13.33000000000009,60.5
80.05999999999972,13.33000000000009,71.0
80.06499999999971,13.33000000000009,67.2
80.06999999999971,13.33000000000009,57.4
80.0749999999997,13.33000000000009,57.1
80.0799999999997,13.33000000000009,52.3
80.0849999999997,13.33000000000009,66.2
80.08999999999969,13.33000000000009,61.6
80.09499999999969,13.33000000000009,53.9
80.09999999999968,13.33000000000009,64.0
80.10499999999968,13.33000000000009,59.7
80.10999999999967,13.33000000000009,52.2
80.11499999999967,13.33000000000009,54.9
80.11999999999966,13.33000000000009,51.9
80.12499999999966,13.33000000000009,42.8
80.12999999999965,13.33000000000009,58.3
80.13499999999965,13.33000000000009,53.1
80.13999999999965,13.33000000000009,52.0
80.14499999999964,13.33000000000009,55.6
80.14999999999964,13.33000000000009,47.7
80.15499999999963,13.33000000000009,35.8
80.15999999999963,13.33000000000009,28.8
80.16499999999962,13.33000000000009,36.3
80.16999999999962,13.33000000000009,27.5
80.17499999999961,13.33000000000009,31.2
80.17999999999961,13.33000000000009,35.7
80.1849999999996,13.33000000000009,33.9
80.1899999999996,13.33000000000009,22.4
80.1949999999996,13.33000000000009,22.9
80.19999999999959,13.33000000000009,21.9
80.20499999999959,13.33000000000009,25.7
80.20999999999958,13.33000000000009,30.6
80.21499999999958,13.33000000000009,26.4
80.21999999999957,13.33000000000009,9.0
80.22499999999957,13.33000000000009,14.0
80.22999999999956,13.33000000000009,11.1
80.23499999999956,13.33000000000009,19.0
80.23999999999955,13.33000000000009,13.7
80.24499999999955,13.33000000000009,12.5
80.24999999999955,13.33000000000009,9.1
80.25499999999954,13.33000000000009,-2.0
80.25999999999954,13.33000000000009,7.8
80.26499999999953,13.33000000000009,-0.2
80.26999999999953,13.33000000000009,5.1
80.27499999999952,13.33000000000009,-2.0
80.27999999999952,13.33000000000009,6.0
80.28499999999951,13.33000000000009,5.1
80.28999999999951,13.33000000000009,4.0
80.2949999999995,13.33000000000009,-2.0
80.2999999999995,13.33000000000009,-2.0
80.3049999999995,13.33000000000009,10.2
80.30999999999949,13.33000000000009,-2.0
80.31499999999949,13.33000000000009,-2.0
80.31999999999948,13.33000000000009,9.5
80.32499999999948,13.33000000000009,11.8
80.32999999999947,13.33000000000009,-2.0
80.33499999999947,13.33000000000009,6.3
80.33999999999946,13.33000000000009,-1.3
80.34499999999946,13.33000000000009,4.6
80.34999999999945,13.33000000000009,3.5
80.35499999999945,13.33000000000009,-1.3
80.35999999999945,13.33000000000009,-2.0
80.36499999999944,13.33000000000009,-2.0
80.36999999999944,13.33000000000009,4.2
80.37499999999943,13.33000000000009,1.4
80.37999999999943,13.33000000000009,0.6
80.38499999999942,13.33000000000009,-2.0
80.38999999999942,13.33000000000009,3.9
80.39499999999941,13.33000000000009,7.3
80.39999999999941,13.33000000000009,-2.0
80.4049999999994,13.33000000000009,-1.7
80.4099999999994,13.33000000000009,6.0
80.4149999999994,13.33000000000009,3.3
80.41999999999939,13.33000000000009,1.1
80.42499999999939,13.33000000000009,-2.0
80.42999999999938,13.33000000000009,-2.0
80.43499999999938,13.33000000000009,-2.0
80.43999999999937,13.33000000000009,8.8
80.44499999999937,13.33000000000009,-2.0
80.44999999999936,13.33000000000009,-2.0
79.75,13.335000000000091,129.3
79.755,13.335000000000091,139.4
79.75999999999999,13.335000000000091,132.2
79.76499999999999,13.335000000000091,133.0
79.76999999999998,13.335000000000091,121.3
79.77499999999998,13.335000000000091,123.2
79.77999999999997,13.335000000000091,139.2
79.78499999999997,13.335000000000091,128.5
79.78999999999996,13.335000000000091,118.4
79.79499999999996,13.335000000000091,128.1
79.79999999999995,13.335000000000091,119.9
79.80499999999995,13.335000000000091,125.9
79.80999999999995,13.335000000000091,120.4
79.81499999999994,13.335000000000091,126.2
79.81999999999994,13.335000000000091,113.2
79.82499999999993,13.335000000000091,117.4
79.82999999999993,13.335000000000091,110.5
79.83499999999992,13.335000000000091,116.8
79.83999999999992,13.335000000000091,107.2
79.84499999999991,13.335000000000091,112.9
79.84999999999991,13.335000000000091,109.7
79.8549999999999,13.335000000000091,112.0
79.8599999999999,13.335000000000091,116.0
79.8649999999999,13.335000000000091,110.1
79.86999999999989,13.335000000000091,117.2
79.87499999999989,13.335000000000091,97.1
79.87999999999988,13.335000000000091,98.6
79.88499999999988,13.335000000000091,103.8
79.88999999999987,13.335000000000091,104.8
79.89499999999987,13.335000000000091,99.8
79.89999999999986,13.335000000000091,100.9
79.90499999999986,13.335000000000091,103.1
79.90999999999985,13.335000000000091,96.1
79.91499999999985,13.335000000000091,95.6
79.91999999999985,13.335000000000091,94.6
79.92499999999984,13.335000000000091,97.1
79.92999999999984,13.335000000000091,99.4
79.93499999999983,13.335000000000091,89.9
79.93999999999983,13.335000000000091,92.4
79.94499999999982,13.335000000000091,90.4
79.94999999999982,13.335000000000091,90.4
79.95499999999981,13.335000000000091,96.0
79.95999999999981,13.335000000000091,84.9
79.9649999999998,13.335000000000091,84.1
79.9699999999998,13.335000000000091,89.8
79.9749999999998,13.335000000000091,91.2
79.97999999999979,13.335000000000091,77.3
79.98499999999979,13.335000000000091,95.4
79.98999999999978,13.335000000000091,83.9
79.99499999999978,13.335000000000091,81.3
79.99999999999977,13.335000000000091,83.7
80.00499999999977,13.335000000000091,73.1
80.00999999999976,13.335000000000091,89.0
80.01499999999976,13.335000000000091,74.5
80.01999999999975,13.335000000000091,80.3
80.02499999999975,13.335000000000091,74.7
80.02999999999975,13.335000000000091,75.9
80.03499999999974,13.335000000000091,67.1
80.03999999999974,13.335000000000091,67.5
80.04499999999973,13.335000000000091,74.8
80.04999999999973,13.335000000000091,65.4
80.05499999999972,13.335000000000091,61.3
80.05999999999972,13.335000000000091,58.2
80.06499999999971,13.335000000000091,64.7
80.06999999999971,13.335000000000091,74.2
80.0749999999997,13.335000000000091,70.4
80.0799999999997,13.335000000000091,57.8
80.0849999999997,13.335000000000091,68.2
80.08999999999969,13.335000000000091,54.5
80.09499999999969,13.335000000000091,56.5
80.09999999999968,13.335000000000091,61.7
80.10499999999968,13.335000000000091,55.4
80.10999999999967,13.335000000000091,63.5
80.11499999999967,13.335000000000091,57.2
80.11999999999966,13.335000000000091,49.7
80.12499999999966,13.335000000000091,54.0
80.12999999999965,13.335000000000091,49.4
80.13499999999965,13.335000000000091,54.5
80.13999999999965,13.335000000000091,47.4
80.14499999999964,13.335000000000091,48.7
80.14999999999964,13.335000000000091,48.3
80.15499999999963,13.335000000000091,28.9
80.15999999999963,13.335000000000091,28.9
80.16499999999962,13.335000000000091,24.1
80.16999999999962,13.335000000000091,25.8
80.17499999999961,13.335000000000091,27.8
80.17999999999961,13.335000000000091,26.3
80.1849999999996,13.335000000000091,18.7
80.1899999999996,13.335000000000091,26.3
80.1949999999996,13.335000000000091,28.1
80.19999999999959,13.335000000000091,21.3
80.20499999999959,13.335000000000091,17.1
80.20999999999958,13.335000000000091,22.0
80.21499999999958,13.335000000000091,21.0
80.21999999999957,13.335000000000091,13.1
80.22499999999957,13.335000000000091,18.9
80.22999999999956,13.335000000000091,22.1
80.23499999999956,13.335000000000091,16.9
80.23999999999955,13.335000000000091,12.4
80.24499999999955,13.335000000000091,22.1
80.24999999999955,13.335000000000091,4.2
80.25499999999954,13.335000000000091,3.6
80.25999999999954,13.335000000000091,4.2
80.26499999999953,13.335000000000091,-0.4
80.26999999999953,13.335000000000091,-2.0
80.27499999999952,13.335000000000091,2.2
80.27999999999952,13.335000000000091,-2.0
80.28499999999951,13.335000000000091,2.8
80.28999999999951,13.335000000000091,0.7
80.2949999999995,13.335000000000091,2.9
80.2999999999995,13.335000000000091,4.2
80.3049999999995,13.335000000000091,-1.6
80.30999999999949,13.335000000000091,-1.9
80.31499999999949,13.335000000000091,0.8
80.31999999999948,13.335000000000091,3.7
80.32499999999948,13.335000000000091,-2.0
80.32999999999947,13.335000000000091,4.0
80.33499999999947,13.335000000000091,1.8
80.33999999999946,13.335000000000091,1.2
80.34499999999946,13.335000000000091,1.6
80.34999999999945,13.335000000000091,0.6
80.35499999999945,13.335000000000091,2.7
80.35999999999945,13.335000000000091,4.1
80.36499999999944,13.335000000000091,-1.0
80.36999999999944,13.335000000000091,-0.7
80.37499999999943,13.335000000000091,1.8
80.37999999999943,13.335000000000091,5.1
80.38499999999942,13.335000000000091,2.6
80.38999999999942,13.335000000000091,5.1
80.39499999999941,13.335000000000091,3.9
80.39999999999941,13.335000000000091,5.9
80.4049999999994,13.335000000000091,0.3
80.4099999999994,13.335000000000091,5.6
80.4149999999994,13.335000000000091,-2.0
80.41999999999939,13.335000000000091,0.7
80.42499999999939,13.335000000000091,-0.4
80.42999999999938,13.335000000000091,4.3
80.43499999999938,13.335000000000091,-0.9
80.43999999999937,13.335000000000091,-2.0
80.44499999999937,13.335000000000091,0.5
80.44999999999936,13.335000000000091,5.0
79.75,13.340000000000092,133.3
79.755,13.340000000000092,134.1
79.75999999999999,13.340000000000092,129.0
79.76499999999999,13.340000000000092,134.1
79.76999999999998,13.340000000000092,126.2
79.77499999999998,13.340000000000092,136.6
79.77999999999997,13.340000000000092,125.2
79.78499999999997,13.340000000000092,127.8
79.78999999999996,13.340000000000092,133.3
79.79499999999996,13.340000000000092,121.0
79.79999999999995,13.340000000000092,119.2
79.80499999999995,13.340000000000092,116.8
79.80999999999995,13.340000000000092,120.6
79.81499999999994,13.340000000000092,114.1
79.81999999999994,13.340000000000092,128.0
79.82499999999993,13.340000000000092,113.1
79.82999999999993,13.340000000000092,126.2
79.83499999999992,13.340000000000092,120.2
79.83999999999992,13.340000000000092,110.1
79.84499999999991,13.340000000000092,110.6
79.84999999999991,13.340000000000092,124.6
79.8549999999999,13.340000000000092,122.2
79.8599999999999,13.340000000000092,119.3
79.8649999999999,13.340000000000092,109.5
79.86999999999989,13.340000000000092,106.2
79.87499999999989,13.340000000000092,108.6
79.87999999999988,13.340000000000092,107.6
79.88499999999988,13.340000000000092,97.2
79.88999999999987,13.340000000000092,108.6
79.89499999999987,13.340000000000092,98.4
79.89999999999986,13.340000000000092,98.0
79.90499999999986,13.340000000000092,105.0
79.90999999999985,13.340000000000092,98.6
79.91499999999985,13.340000000000092,104.0
79.91999999999985,13.340000000000092,96.6
79.92499999999984,13.340000000000092,97.6
79.92999999999984,13.340000000000092,89.5
79.93499999999983,13.340000000000092,90.9
79.93999999999983,13.340000000000092,88.6
79.94499999999982,13.340000000000092,87.9
79.94999999999982,13.340000000000092,91.7
79.95499999999981,13.340000000000092,88.0
79.95999999999981,13.340000000000092,85.5
79.9649999999998,13.340000000000092,96.0
79.9699999999998,13.340000000000092,88.3
79.9749999999998,13.340000000000092,90.3
79.97999999999979,13.340000000000092,84.1
79.98499999999979,13.340000000000092,80.1
79.98999999999978,13.340000000000092,74.8
79.99499999999978,13.340000000000092,73.9
79.99999999999977,13.340000000000092,86.5
80.00499999999977,13.340000000000092,84.2
80.00999999999976,13.340000000000092,80.6
80.01499999999976,13.340000000000092,70.0
80.01999999999975,13.340000000000092,69.1
80.02499999999975,13.340000000000092,73.3
80.02999999999975,13.340000000000092,76.1
80.03499999999974,13.340000000000092,73.4
80.03999999999974,13.340000000000092,79.3
80.04499999999973,13.340000000000092,69.3
80.04999999999973,13.340000000000092,73.1
80.05499999999972,13.340000000000092,67.1
80.05999999999972,13.340000000000092,75.2
80.06499999999971,13.340000000000092,72.2
80.06999999999971,13.340000000000092,64.2
80.0749999999997,13.340000000000092,63.9
80.0799999999997,13.340000000000092,69.2
80.0849999999997,13.340000000000092,63.4
80.08999999999969,13.340000000000092,54.0
80.09499999999969,13.340000000000092,52.0
80.09999999999968,13.340000000000092,55.4
80.10499999999968,13.340000000000092,57.6
80.10999999999967,13.340000000000092,50.4
80.11499999999967,13.340000000000092,54.1
80.11999999999966,13.340000000000092,50.5
80.12499999999966,13.340000000000092,52.4
80.12999999999965,13.340000000000092,61.1
80.13499999999965,13.340000000000092,45.3
80.13999999999965,13.340000000000092,44.7
80.14499999999964,13.340000000000092,48.7
80.14999999999964,13.340000000000092,36.1
80.15499999999963,13.340000000000092,40.0
80.15999999999963,13.340000000000092,28.7
80.16499999999962,13.340000000000092,29.4
80.16999999999962,13.340000000000092,28.1
80.17499999999961,13.340000000000092,32.3
80.17999999999961,13.340000000000092,17.2
80.1849999999996,13.340000000000092,22.3
80.1899999999996,13.340000000000092,22.3
80.1949999999996,13.340000000000092,18.1
80.19999999999959,13.340000000000092,17.5
80.20499999999959,13.340000000000092,12.1
80.20999999999958,13.340000000000092,21.1
80.21499999999958,13.340000000000092,15.8
80.21999999999957,13.340000000000092,20.4
80.22499999999957,13.340000000000092,9.5
80.22999999999956,13.340000000000092,21.8
80.23499999999956,13.340000000000092,9.5
80.23999999999955,13.340000000000092,22.1
80.24499999999955,13.340000000000092,6.7
80.24999999999955,13.340000000000092,6.1
80.25499999999954,13.340000000000092,-0.5
80.25999999999954,13.340000000000092,3.1
80.26499999999953,13.340000000000092,-2.0
80.26999999999953,13.340000000000092,-2.0
80.27499999999952,13.340000000000092,0.1
80.27999999999952,13.340000000000092,13.2
80.28499999999951,13.340000000000092,-1.3
80.28999999999951,13.340000000000092,-2.0
80.2949999999995,13.340000000000092,14.2
80.2999999999995,13.340000000000092,-1.9
80.3049999999995,13.340000000000092,0.8
80.30999999999949,13.340000000000092,3.0
80.31499999999949,13.340000000000092,6.3
80.31999999999948,13.340000000000092,4.8
80.32499999999948,13.340000000000092,-0.7
80.32999999999947,13.340000000000092,1.1
80.33499999999947,13.340000000000092,11.0
80.33999999999946,13.340000000000092,0.1
80.34499999999946,13.340000000000092,-2.0
80.34999999999945,13.340000000000092,8.5
80.35499999999945,13.340000000000092,13.4
80.35999999999945,13.340000000000092,6.0
80.36499999999944,13.340000000000092,11.5
80.36999999999944,13.340000000000092,-0.0
80.37499999999943,13.340000000000092,-0.5
80.37999999999943,13.340000000000092,1.4
80.38499999999942,13.340000000000092,0.7
80.38999999999942,13.340000000000092,5.0
80.39499999999941,13.340000000000092,4.7
80.39999999999941,13.340000000000092,4.6
80.4049999999994,13.340000000000092,2.9
80.4099999999994,13.340000000000092,-2.0
80.4149999999994,13.340000000000092,6.8
80.41999999999939,13.340000000000092,6.1
80.42499999999939,13.340000000000092,2.4
80.42999999999938,13.340000000000092,-2.0
80.43499999999938,13.340000000000092,-2.0
80.43999999999937,13.340000000000092,6.3
80.44499999999937,13.340000000000092,3.3
80.44999999999936,13.340000000000092,4.4
79.75,13.345000000000093,137.0
79.755,13.345000000000093,128.3
79.75999999999999,13.345000000000093,127.5
79.76499999999999,13.345000000000093,126.5
79.76999999999998,13.345000000000093,123.6
79.77499999999998,13.345000000000093,131.1
79.77999999999997,13.345000000000093,127.1
79.78499999999997,13.345000000000093,132.2
79.78999999999996,13.345000000000093,131.0
79.79499999999996,13.345000000000093,129.4
79.79999999999995,13.345000000000093,124.8
79.80499999999995,13.345000000000093,113.7
79.80999999999995,13.345000000000093,128.5
79.81499999999994,13.345000000000093,116.4
79.81999999999994,13.345000000000093,129.8
79.82499999999993,13.345000000000093,120.3
79.82999999999993,13.345000000000093,119.4
79.83499999999992,13.345000000000093,109.6
79.83999999999992,13.345000000000093,111.8
79.84499999999991,13.345000000000093,120.5
79.84999999999991,13.345000000000093,111.5
79.8549999999999,13.345000000000093,110.7
79.8599999999999,13.345000000000093,109.8
79.8649999999999,13.345000000000093,108.2
79.86999999999989,13.345000000000093,112.2
79.87499999999989,13.345000000000093,104.1
79.87999999999988,13.345000000000093,113.3
79.88499999999988,13.345000000000093,103.7
79.88999999999987,13.345000000000093,103.6
79.89499999999987,13.345000000000093,110.1
79.89999999999986,13.345000000000093,100.6
79.90499999999986,13.345000000000093,102.9
79.90999999999985,13.345000000000093,96.8
79.91499999999985,13.345000000000093,105.6
79.91999999999985,13.345000000000093,86.0
79.92499999999984,13.345000000000093,107.0
79.92999999999984,13.345000000000093,95.6
79.93499999999983,13.345000000000093,84.6
79.93999999999983,13.345000000000093,100.5
79.94499999999982,13.345000000000093,82.8
79.94999999999982,13.345000000000093,96.8
79.95499999999981,13.345000000000093,97.0
79.95999999999981,13.345000000000093,91.0
79.9649999999998,13.345000000000093,91.0
79.9699999999998,13.345000000000093,88.2
79.9749999999998,13.345000000000093,87.2
79.97999999999979,13.345000000000093,78.3
79.98499999999979,13.345000000000093,90.0
79.98999999999978,13.345000000000093,80.1
79.99499999999978,13.345000000000093,76.7
79.99999999999977,13.345000000000093,77.8
80.00499999999977,13.345000000000093,82.2
80.00999999999976,13.345000000000093,76.2
80.01499999999976,13.345000000000093,75.5
80.01999999999975,13.345000000000093,80.3
80.02499999999975,13.345000000000093,78.0
80.02999999999975,13.345000000000093,70.6
80.03499999999974,13.345000000000093,71.0
80.03999999999974,13.345000000000093,70.0
80.04499999999973,13.345000000000093,73.4
80.04999999999973,13.345000000000093,68.9
80.05499999999972,13.345000000000093,62.9
80.05999999999972,13.345000000000093,68.8
80.06499999999971,13.345000000000093,74.6
80.06999999999971,13.345000000000093,63.5
80.0749999999997,13.345000000000093,67.4
80.0799999999997,13.345000000000093,68.1
80.0849999999997,13.345000000000093,59.3
80.08999999999969,13.345000000000093,66.9
80.09499999999969,13.345000000000093,58.4
80.09999999999968,13.345000000000093,51.2
80.10499999999968,13.345000000000093,63.1
80.10999999999967,13.345000000000093,61.0
80.11499999999967,13.345000000000093,57.2
80.11999999999966,13.345000000000093,55.8
80.12499999999966,13.345000000000093,61.6
80.12999999999965,13.345000000000093,54.5
80.13499999999965,13.345000000000093,59.1
80.13999999999965,13.345000000000093,44.0
80.14499999999964,13.345000000000093,51.5
80.14999999999964,13.345000000000093,54.4
80.15499999999963,13.345000000000093,28.9
80.15999999999963,13.345000000000093,27.1
80.16499999999962,13.345000000000093,24.3
80.16999999999962,13.345000000000093,28.1
80.17499999999961,13.345000000000093,29.0
80.17999999999961,13.345000000000093,24.5
80.1849999999996,13.345000000000093,24.3
80.1899999999996,13.345000000000093,21.1
80.1949999999996,13.345000000000093,23.4
80.19999999999959,13.345000000000093,15.5
80.20499999999959,13.345000000000093,22.2
80.20999999999958,13.345000000000093,27.6
80.21499999999958,13.345000000000093,25.5
80.21999999999957,13.345000000000093,15.6
80.22499999999957,13.345000000000093,15.1
80.22999999999956,13.345000000000093,9.5
80.23499999999956,13.345000000000093,17.9
80.23999999999955,13.345000000000093,9.8
80.24499999999955,13.345000000000093,14.3
80.24999999999955,13.345000000000093,9.4
80.25499999999954,13.345000000000093,-1.4
80.25999999999954,13.345000000000093,0.7
80.26499999999953,13.345000000000093,0.8
80.26999999999953,13.345000000000093,1.4
80.27499999999952,13.345000000000093,3.2
80.27999999999952,13.345000000000093,0.8
80.28499999999951,13.345000000000093,-1.7
80.28999999999951,13.345000000000093,3.6
80.2949999999995,13.345000000000093,2.6
80.2999999999995,13.345000000000093,-2.0
80.3049999999995,13.345000000000093,-2.0
80.30999999999949,13.345000000000093,2.5
80.31499999999949,13.345000000000093,-2.0
80.31999999999948,13.345000000000093,1.1
80.32499999999948,13.345000000000093,1.9
80.32999999999947,13.345000000000093,1.2
80.33499999999947,13.345000000000093,0.0
80.33999999999946,13.345000000000093,2.3
80.34499999999946,13.345000000000093,5.7
80.34999999999945,13.345000000000093,7.8
80.35499999999945,13.345000000000093,8.5
80.35999999999945,13.345000000000093,8.6
80.36499999999944,13.345000000000093,6.6
80.36999999999944,13.345000000000093,2.6
80.37499999999943,13.345000000000093,-2.0
80.37999999999943,13.345000000000093,2.1
80.38499999999942,13.345000000000093,-2.0
80.38999999999942,13.345000000000093,2.0
80.39499999999941,13.345000000000093,-2.0
80.39999999999941,13.345000000000093,6.9
80.4049999999994,13.345000000000093,-1.2
80.4099999999994,13.345000000000093,-2.0
80.4149999999994,13.345000000000093,-0.9
80.41999999999939,13.345000000000093,5.0
80.42499999999939,13.345000000000093,2.3
80.42999999999938,13.345000000000093,7.4
80.43499999999938,13.345000000000093,0.4
80.43999999999937,13.345000000000093,15.4
80.44499999999937,13.345000000000093,6.7
80.44999999999936,13.345000000000093,-1.2
