longitude,latitude,elevation
80.16637890795369,13.222963475925457,10
79.85003898729806,13.033275331528413,60
79.80482763451015,13.216025943888146,51
79.99631744065691,13.029954093532902,30
79.867555799598,12.859726555610484,52
79.94571829438469,12.856830909290258,58
80.01839496014703,13.006491269597348,32
80.15753575506334,13.211675569590003,27
79.97992524206177,13.140031814304042,33
80.0998849380571,13.298157483397818,16
79.84598820947961,12.90875271901375,69
80.31977053469035,13.238098566972141,5
79.88517012048315,13.078094855060296,59
79.80314668289391,12.850440241926329,68
79.95549868637089,13.26764475881789,47
79.91481107810287,12.905570195791768,58
80.01206065810575,13.156074386920773,30
79.9518235660907,13.145688423141314,41
79.82086969788259,12.854002086152581,70
80.1483506580285,13.189812986727368,24
80.17712448059639,12.822804412773728,17
79.91684672773333,13.127563472903507,44
79.94551370871876,13.09721918053205,45
80.22010292713469,13.273020064396157,9
79.97101475176521,13.07941308466264,41
80.2571681830102,13.19179995633687,3
80.07165314350812,12.90321587757448,23
80.1532002937877,13.197481502006033,29
80.20342016499947,13.082081278863456,17
79.98657275743268,12.817174950118789,54
80.26542885990978,13.08859072175265,11
80.14708751878466,12.992251298589554,16
80.2122418379731,13.165574501535186,7
79.82810080064765,13.057201645276978,57
80.24436589262633,12.864679657353074,9
79.83743646359495,13.164510270194919,39
79.95087505444042,12.920692877507602,44
79.91732132618152,13.158295226172903,41
79.92460943124017,13.277038463821945,54
80.09092940692278,12.873629802644304,40
80.01759880184986,12.91140485568837,35
79.95838001281577,13.093631885555624,36
80.1967741472608,13.07312832735472,14
79.94189904861982,12.885488128135739,43
79.80937434302545,13.020893575001349,62
80.13319896502125,13.088159254214524,15
79.97816506461155,13.146536511049643,36
80.04735681217946,13.182400917098466,27
79.80908103941502,12.820262660789322,59
79.91252492623117,12.93167887416438,56
80.17113625289925,13.24760542472487,15
79.85166217171815,12.926304370384008,71
80.09435062600575,12.811214598976688,45
79.85184425402885,13.15549705051611,41
79.85924165613632,13.095597198972243,55
79.80991421908224,13.0549788904411,58
80.29486248299756,13.084767607482888,5
80.25804448093545,13.094904577791073,6
80.22972068129988,12.842575469496778,8
79.86329920080026,13.283706435670293,69
80.12079496557408,13.114175560028647,19
80.15385842227897,13.039731055595114,20
79.93560483586798,13.06975283176004,48
79.93805344524098,12.840586715740573,62
80.13915025869161,12.949910638712772,27
79.9356137457693,12.847319747180883,68
79.98363904458974,12.832078922358784,50
79.86262610069971,12.844666346136302,54
79.88622231375471,12.99780778142986,83
80.06430924130494,13.029186957227171,22
79.82754959119889,13.293064873181903,113
80.14254865669136,13.048670991444586,15
80.16768156299476,12.940510089116092,10
79.88416116626773,12.99074669724186,77
80.18439127789595,12.82241226200964,17
80.22399277822441,13.204043550169725,8
80.19532051256988,12.891493114063891,8
79.9428333860208,13.105906728282491,40
79.80586199850663,13.086458341971843,56
79.84371526288778,12.901258260367426,71
79.81293856368328,13.161556014934318,41
80.08582163278135,12.908967260209007,20
80.16410253993122,12.8014400573037,13
79.85127345548865,13.26897529243089,56
80.13284829152269,12.881187188794138,18
80.14318063221185,13.105592086035452,13
80.2144378691517,13.285491933411501,10
80.11542790495565,13.224886574981413,18
79.99551121964431,13.016926058451677,35
79.81084987504855,13.029180838703825,64
80.08227429057966,13.100740861000883,25
80.07981831155249,12.84373796931795,29
79.95289419546843,13.117468205076156,39
79.92751811441943,13.279962533319631,52
80.25467295435153,13.154559346668503,14
80.03731405009262,13.162659140350002,28
79.9223024238327,13.188677135479864,35
79.93662237446544,12.84873914480848,66
80.1712986862429,12.869900639072313,7
80.05073213726796,13.226737501050255,22
80.2769434879505,13.058060520269903,8
79.93177747897872,12.959767162245885,46
80.06855959624525,13.29335980478861,21
79.84849543310881,12.866197966558433,56
80.06221392935387,13.062572291703116,25
80.19593155076831,12.992521168168176,13
80.03073873232651,12.985238986942573,27
79.89542245218601,13.292635632711132,49
80.03359693589753,13.173342193367004,27
79.87977960685477,13.217430377694832,36
80.05630948679894,12.967000271620547,22
80.2962102118881,13.175045656578131,4
80.16528880188923,12.918677197024884,16
79.81696499781974,13.02841164416227,60
80.09830741642713,13.053908152345803,23
80.02642120117059,13.18085553018982,30
80.05003559151798,12.806234450900044,49
80.14818523613442,12.88580331648036,20
79.93412280763528,13.249817020574536,35
80.29416483355361,13.09139150095983,3
80.1670559353574,13.006461866365763,4
80.00941651706016,13.179113776968261,32
80.22553522488732,12.996177510444593,17
79.80661805799015,12.887619630648675,65
79.92995773826817,13.247191479100392,33
79.9450478609789,12.94071883782727,42
80.1690329849201,13.269939895232719,17
80.14489340594773,13.277530149191126,17
79.91959107638924,13.05500410555534,53
79.81427822613473,12.884486479398285,67
80.17364261057871,12.830748229044746,13
79.86204146211551,12.82633346364659,52
80.24912916457099,12.954480321366898,2
80.04549467814893,12.894264681410029,23
80.26234707386124,13.258385146042643,8
80.16137984196601,13.061303446347576,16
79.90492012872244,13.126301081921557,43
79.85132236774812,13.045106052972397,56
79.94030798414332,13.29268971487599,39
80.10738687052383,12.842769874918327,33
80.24461961572102,12.978237033252704,2
80.00923220091731,13.231723402338803,26
80.11291545325955,13.135354963481557,28
80.24422644436078,12.949741798562895,-2
80.10849974969881,13.267916170007831,18
80.10128134158138,13.22094836209665,22
80.03364167175643,12.832118426065806,45
79.81867817216136,12.954416848516297,71
80.18766481767784,12.991825016295762,13
79.81766643401694,12.937376073548787,65
80.07724884702368,13.19253778911992,24
80.09169336205004,12.832933905139337,36
79.82968733941365,12.930762226658867,69
79.93330937027066,12.869696243123379,55
79.82908238116593,13.075834060695593,52
80.08060187375065,13.104958989877053,25
79.93672456187552,13.07658343465554,40
79.83690115331503,12.89606263401208,57
80.22268912227311,12.910502524554076,-1
80.163456422069,13.03068628020459,17
79.99871992990968,13.07960275500391,32
79.8906149592408,13.193808529850292,35
79.90870467659008,13.18010996646324,38
79.85790331435709,13.242791370365323,53
79.92504518055182,12.899984159976487,48
80.15688005062864,13.022749941058894,15
80.15172593918525,13.118883872885645,31
80.14162803050817,12.871713096786888,14
79.86084059359445,13.003094782206535,68
80.26180130450082,12.98651605238555,7
80.23376632120981,12.876977221380454,1
80.03624725049558,13.076148807374917,31
79.98025242505689,12.9661392739978,29
80.07820881292137,12.913185836826083,16
79.99244639971259,13.011141364562555,38
80.08624632148751,13.214901647142392,20
80.20716540380818,13.115684547137683,15
80.02394240644749,12.958507119281204,23
80.23836699088811,12.96896132900841,5
79.95927866132025,13.24585204669494,48
80.21630394698299,12.813129891826824,3
79.84476630388704,12.97661107626391,75
80.1487777835905,12.88285177969447,14
80.21127300251436,13.144006391992693,8
80.05457887999688,13.077641868682239,26
80.23555133068963,12.932437380398381,5
80.16704146593239,12.823493309950676,19
79.99484561180566,12.96867924054449,27
80.06376772343405,12.880441993047425,27
79.98592398590532,13.252791366753575,37
79.88592967806902,12.964664327824023,63
80.09597592955855,13.172011284800472,25
80.03376789105677,13.082195350010357,29
80.32553315787395,13.282820722569788,2
79.80141453606633,13.270042557398286,150
79.80842515685862,13.293183865606888,214
80.02352205905477,13.28437768015555,30
79.90999182507392,12.9855651472777,53
80.24172162784811,13.227350662296855,8
80.17110587648489,12.99962907935779,11
80.25420584673972,12.962689617142948,6
80.21192526079507,13.214232895103338,10
80.17925385918122,12.83665139786555,13
79.9805159031293,13.09818091785447,37
79.82558085924697,12.966206684639987,73
80.25794805406338,13.244981444861045,7
80.14853815898104,13.181715386029188,21
79.95575417288572,13.035257797983332,47
79.89035464930531,13.208362741984041,40
80.00042714136175,13.279182148158839,32
80.17471956347829,13.007587035508,15
79.84949056220404,13.098390823251178,46
79.96725896209237,13.017628207436124,45
80.02829362567284,12.879772939708689,24
80.17499811583215,13.238450433494531,13
79.80561490866657,13.268945076080524,115
79.95435214158353,12.850133884824798,54
80.11052777730896,13.18437055348548,46
80.21819107809473,12.814154409710554,2
79.89330694606996,13.001492430787929,72
80.03427386261839,12.959902583747052,34
79.91438635093778,13.257800440170328,58
80.06746482899274,12.876351090115255,25
79.99033831097935,13.184407223285541,30
80.18790868677628,13.210211565888962,10
79.92283045596386,12.996989620338562,54
79.86771791348455,13.06289610826189,57
80.28383207926558,13.111398975678183,11
80.32619795640255,13.248143513794393,8
79.91713065720046,12.833896045990219,47
80.28464553416508,13.298341568091473,3
79.9586709814586,12.858389565159854,59
79.9438468860922,13.169044413815813,34
79.91634193125053,13.1351418352968,43
80.18135375792943,12.812216221942593,22
79.8848102596536,13.115751760627543,46
80.051478018444,13.065194569773963,28
80.2670645137716,12.983877449471011,6
80.19288569384562,13.198581706299521,12
79.97744639650598,13.272627853229167,43
80.20261601849977,13.161649977624764,15
80.0480627854748,13.212542627876077,25
80.15428990162883,12.811766170185827,16
80.08401022439597,12.98660710916133,21
80.0681126304374,12.872145122878528,23
80.00796068499787,12.899660051984007,31
79.94239621805649,13.115855156934382,42
79.94234140070117,12.832733174138987,52
80.15104270578752,13.26790901218214,17
79.89279483742706,12.867249942459278,54
80.10599735289243,12.951543456512558,13
80.26111545873508,13.052103855938654,10
80.24038496765803,12.917085399445119,-1
80.11079190269878,12.942006835052997,22
79.86112345218626,13.222621714360418,49
79.87924556149363,13.159261556096073,41
80.28544996438067,13.205266934039217,3
80.13052067594775,13.137231734520803,31
80.03249525558968,12.94695185243455,17
80.19978731501119,13.100016351041404,13
79.94406312334792,13.104340239677528,39
80.0428361340421,13.048569796760402,25
79.9922279814781,12.904664949976453,35
80.16826598779318,13.183973047111575,9
79.94511140773761,13.050150497269328,43
80.2481532998354,12.856628716821215,7
80.22338748312798,12.954639791129763,3
80.05792235239775,13.282439809271414,23
80.17121705665832,12.93166733610239,38
79.86823288362655,13.238143533244836,48
80.10108106969123,13.105330234169731,33
80.16260047805775,12.841760590675188,17
80.23623912213611,12.980641579935815,1
80.09865177352938,12.814079983146124,45
80.23031554573261,12.944499514798194,1
80.30719958688813,13.234806601390051,2
80.23579316482581,13.168741331360948,7
79.80824400242611,12.8853693011773,68
80.03194961250699,13.126426311532065,40
80.24679822583936,13.267072308239335,4
80.32592876936273,13.225693169015067,6
80.0466503360343,12.96984520775266,30
80.1270637060268,13.149578989786287,19
80.06381885433956,13.031777968385205,19
79.85808917340762,12.915979538088662,79
79.80889269222028,13.23626047758219,80
80.0190075261294,13.059502539153927,28
79.97907652235104,13.134946397645727,35
79.99368574345777,12.9329724944402,26
80.13672737672267,13.265061152608721,20
79.82647149451667,12.880402964529829,68
79.82313975644114,12.93750567876698,65
80.06012110039006,12.897228210166432,25
80.22470457430514,13.197947518650581,7
79.82786676006097,13.178185332119003,39
80.24485313248162,13.075729978937968,11
80.21574655063564,13.097929006112727,10
79.87037966676215,13.035030031604519,55
80.06240620169258,12.949467280189817,27
80.05849850315981,13.200658392548183,25
80.00817212312738,12.89976875659974,31
80.0876761563491,13.083582461438802,22
80.20818240349628,13.28838411763283,12
80.05134027194737,12.857442685967513,28
79.8491636863897,12.817278524938313,64
80.03561600179563,13.081313211327814,29
80.04292133017476,13.138671102200474,27
80.13717151024956,13.287920112806562,17
80.08679549752904,13.165265755511243,34
80.21155584181385,13.291639026670225,11
79.80658444291079,13.243880735426428,105
80.14479090184103,13.217086393270252,24
80.24595033846497,12.813712441054113,-1
79.93756578019563,13.065096303641408,47
80.23709141156067,13.194687879326379,6
80.0171372906631,13.007643805080049,29
79.97432776133154,13.09411509566832,36
80.03645986787423,12.847559215304107,35
80.1956436884882,12.87178582771702,4
79.80899448829588,13.084727954905917,56
79.96789801364908,13.080538233326127,35
79.98897950723695,12.8836909592902,41
80.26895953171662,13.279313713278965,7
80.31010973245385,13.232777382603079,2
79.94844638228321,13.188282312628342,33
80.14434450526608,12.852906186340434,29
79.90122889903759,13.153262074531876,40
80.10845152051145,13.008198134254007,15
80.1296357208616,13.172890105396391,25
80.08471483787123,12.916506882390228,23
80.18817449633885,12.81515357180782,15
80.19280366870153,12.850991883564333,7
80.03417295604068,12.984092890418786,28
80.08466434070498,12.948008973519082,14
80.21954155485724,13.26320030228986,15
80.06002854056358,13.03149496164067,31
79.83316730549619,13.234526975053702,84
80.16523886573205,13.279393204659304,18
79.84633476267747,13.275337200810405,62
80.06090161510431,12.85745830829187,26
80.1685293109888,12.807793778674784,14
79.87622417727479,13.283305009919838,57
80.01629752629624,13.136751285285806,33
80.00865992910144,12.907227508695115,34
79.84001728508275,12.87170383248793,56
79.96972089222855,12.869690754519663,53
80.22231647663844,12.8106118581855,3
80.19905150974132,13.029160314097172,8
79.91358353838945,13.20847306619538,33
79.9172938755196,12.946145066793433,51
80.01044432766253,12.911205182661172,38
79.81993230701853,13.298496786288258,189
79.82576017687305,13.222073038813397,61
79.9069193104788,12.847676123549808,58
79.9146681895878,13.024481708030583,71
79.81603133819611,13.013615544994353,60
80.20934082845389,13.258144423451222,12
80.18319773186802,12.831806610363307,16
80.19832503433497,13.253376307486212,21
79.83557312445642,12.990997014394335,68
79.80238755258497,13.004680147791495,79
79.92276375557854,13.148911082645133,38
80.27001119818621,13.063631320457223,10
80.27247878126568,13.011642215022254,6
79.9543939233633,13.176178669648653,33
79.96869341716447,12.86444806212392,54
79.96189882011632,13.2730626910019,44
80.10051121611612,13.178737443313853,28
79.87936613822895,12.924791036058165,78
79.82805605571534,12.939950900370283,67
79.81145691933526,13.00804956791258,63
80.21570882859339,13.005459935533482,13
79.84733769802523,13.194648850097822,39
79.82124492433574,13.12222714511387,49
79.83249452704408,13.083910444555196,52
80.07291727230596,13.039494560653118,27
80.12674554562244,13.121211444215053,19
80.01254731717873,13.129201995110309,31
80.26978683282532,13.27391601052447,6
80.22751705723489,13.076977486982818,13
80.15346080418173,13.202330235567869,23
80.04941740562128,12.89334572141315,21
79.86915039760103,12.925010840266628,75
80.14416982964904,12.978157674528848,17
80.18165712633463,13.165981820469577,9
79.88800418548824,13.034897269759984,67
79.88925616054782,13.007941255399732,80
79.83024412221339,12.899085602561593,59
79.97778819755403,12.816021508869127,52
80.24131950913839,13.234458442586872,8
79.90292372926015,13.164441830500142,40
80.13393727236728,12.812896549412551,34
80.07448028960694,13.115895728274367,24
80.10156249174915,13.176813005629432,30
80.2417629853259,13.29173254669346,8
80.20597715625647,13.195833611712656,9
79.88034219501596,13.031361775099583,63
80.15147853661509,12.887829936230421,15
80.11998608035563,12.85025978654985,33
80.09409937896113,13.266206810993097,17
80.01118910222867,12.811279449260942,48
79.83866623580565,12.93233187344175,74
80.33729216743404,13.276916059570436,4
80.11075018172812,12.95214600763809,26
80.07055093577974,12.993300527801852,21
79.86728627512008,13.109843158961688,49
79.9484304837562,13.036930167806078,47
79.93911387176972,12.906861908914522,42
79.9751269357274,13.245883564181607,50
79.96944944546226,12.920017314149428,40
80.206970044166,12.953750640365469,-1
79.87451529550204,13.002665633864503,74
80.10828776105443,12.99791893111993,20
79.8252475784877,12.985711356998046,62
79.80174988486814,13.128706421304928,46
80.28898996794425,13.177215079708073,2
79.88785369609816,12.864428180075121,55
80.07376253410045,13.27223155636881,20
80.00740239812703,12.995860221372205,43
80.26193096929651,13.233860960512166,5
80.11942529762996,12.865624596658296,20
80.24164596191848,13.131027662597955,8
80.32475454053724,13.271817114234997,2
80.13670615489865,12.9951438455133,8
79.83796937303924,12.80209387953714,53
80.12367421124735,12.868164438652949,21
80.17523741560215,12.990618500601792,12
79.84011891835253,12.960912796626717,81
80.07789691939875,12.98872419243213,20
80.05415572261673,13.263615728553455,24
80.02748461450547,13.268746581986107,32
80.30490479422029,13.162633258146693,8
79.97703494747823,13.104386849718562,37
80.0173821591805,12.931836085639173,20
80.10409946318313,13.039649191224937,22
80.0577693155923,13.073279614308795,24
79.88459504463016,13.051942891440408,49
79.98548493964145,13.245514086002151,33
79.85862298132048,13.094742746561971,54
79.8341408976379,13.168396952537368,41
79.96790770435781,13.24978650882189,46
79.89519117923885,13.142221609762364,42
80.12209913100958,12.903788998523352,27
80.14806669684536,12.958798674677725,23
80.11418173235533,13.104985765143052,16
79.98279226052617,13.244391592433518,38
80.24827329567337,13.095515622431881,7
79.98086837671639,12.859495032974928,41
79.95528940402627,12.980756417197085,39
80.27429506508008,13.054335056939864,11
80.05494136514734,13.121234938809472,28
80.22824453358096,13.209847647353723,8
79.95484526003769,12.980684236278117,41
80.16065569649503,13.14764901376069,9
79.81778410355314,13.181917577238785,44
79.96289356886649,12.956521774178661,35
79.81279152594036,13.22838384056784,59
79.95648338640295,12.933233377517064,37
79.95169009545766,12.809321680331552,44
80.23110646591292,13.139369200334055,8
79.83458036872416,12.831387393333559,61
79.89446739363089,13.298426780069457,45
80.18194358877922,13.19567551511806,20
80.23970525584832,13.098437841975496,11
79.86637252663937,13.018604049665516,59
79.89131831090498,13.01848838366096,78
79.9154548801346,13.27704239739626,53
79.91329223969663,12.879254096902557,64
80.0295054961431,12.982302832104656,32
80.04162152800238,13.150143123151919,28
79.95272704235612,12.997460159765279,51
79.82781207231346,13.291041970834735,117
80.0654331760113,13.125218890052599,39
80.05677626608687,13.04911931221908,25
79.89415607985399,13.039716161336026,61
79.88582189380077,12.859685738831377,51
79.92121307992774,12.99829153034725,56
80.1769930877128,13.026547722305384,13
80.14695213507399,13.175759133894859,27
80.0974235797894,13.243049048018284,21
80.20421057738447,13.256994634005196,15
80.08451803491616,12.97640097736108,18
79.88033536611377,12.810185739314878,50
79.96029176219098,12.969511341333762,35
79.96269283860032,13.160395161515881,35
79.99157510856463,13.036338577680775,37
80.18045903280898,12.994838947414644,13
80.13599376677357,13.246850875497083,28
79.91520688936161,12.819646306664877,50
80.14045721276649,13.165131691747751,24
80.21077822735128,13.187154980719606,7
80.05474918196722,13.216277440944562,20
79.97211437021221,12.808044086278178,44
80.14811406863521,12.961203947429555,22
80.1176695061905,13.190341103749088,44
79.96744634742888,12.964977530081716,32
80.07056651833776,12.811520318143526,39
79.97050228835617,13.162625881426626,38
79.96044086267109,13.091883999647385,36
80.08842919169426,13.175552095958592,27
80.1063673650809,13.177523639164832,31
80.06424605314936,12.820026182386654,44
79.97787102039409,12.85982854320871,42
80.13423804667444,13.191166149597544,37
80.18554911734952,13.250562147791642,17
79.99121207891213,12.814336836261285,60
80.21511300099044,12.90922464171454,1
79.88380141206308,12.823501011862092,51
79.91152248294398,12.849526222614479,64
80.11307029727956,12.939763015875759,24
79.98441638952966,13.06023333662476,30
80.15341007353794,13.109741014359846,20
80.25769570579484,13.109078647628195,4
80.1443593573998,13.187223081727403,22
79.806188608827,13.21592767125615,47
79.95793872520964,13.189694117746427,32
80.00210293419643,12.903976857285846,36
79.89368101514273,13.130513310795829,44
80.11128590236908,13.138811132320516,29
79.93256818530374,13.0743673109193,44
80.14458681909154,13.113102178725997,17
79.90373636923898,12.847187766036633,56
80.05850161319371,12.883789285418219,24
80.02393686165374,12.922386567883827,25
80.07027597754907,13.056815646269639,25
80.2028052743469,12.92827314590342,13
79.81680059823482,13.000240251721564,64
79.88155745067841,12.887272901710956,64
79.97678502824795,12.91472607441466,30
80.02151598777797,13.050372144876697,30
79.9369376635151,13.13123171837296,42
80.02017647621149,12.909903685974466,32
80.04370221493387,13.12335426908464,33
80.09191389409008,12.861963452050391,39
79.84677473841333,13.073724672002296,54
80.1282959728853,13.081641908939313,19
80.21061313145042,13.210181705576312,9
80.09436407539994,12.897794002740776,114
79.95796307025196,12.9670990908974,36
80.144595903524,12.986397241806134,17
80.23827081515834,13.152567069491162,12
79.9286312147986,13.256716752936152,43
79.85107172434908,13.267946032272409,55
80.22121793863667,13.183765565333678,5
80.25420140190373,13.03562042228129,12
79.81858665317124,13.250130764209192,82
80.2030730630595,13.189437806873642,9
79.84856894504216,13.074373723988687,57
79.9934238172765,12.942836116262514,26
80.04099781443644,12.822409026609416,42
80.21997103032291,12.988585111880054,8
80.19723256432046,12.887704779428791,12
79.89457666053387,13.033879322467179,73
79.83624113824331,13.103884858710371,51
80.21221704539693,13.00133136955592,13
80.03892880936775,12.993996540523996,28
80.19159067509204,13.032137358359336,11
80.20275804879107,12.81715544514734,3
80.24834266241108,13.014690950482203,10
80.22446064865613,13.016360324959738,12
80.18598796798157,12.84796810348208,7
80.17346471978438,12.973485420746332,25
79.80795720695868,13.19989636211076,44
80.14264094033187,13.10964776500512,15
79.89634390320747,12.896799878627844,63
80.07904353675569,13.286717499061695,20
80.24833006904359,13.15293829279979,10
79.90297022015154,12.828057034071131,46
79.85001318877906,13.098432533136616,49
80.13646106827537,12.867451430270954,18
79.97124601657342,13.148384121657559,37
80.2746938525045,13.092366945523446,3
80.13002668525534,12.898482663010332,25
80.23564013128868,12.824836026746924,0
80.32974885189805,13.28406831258717,4
80.04201978896327,13.097494292316778,31
79.92114117784375,13.064775770824061,48
79.85588791277216,13.099662108551527,49
80.12155853143686,12.824260093103154,38
79.9597318592028,13.23445638761529,32
79.83051879842472,12.84853056055277,62
80.18182364604759,13.228622701027875,15
80.13083217837728,13.121615035440787,26
80.10926973366077,13.27114413462821,16
79.95084845908083,13.262862255785773,53
80.17235168362649,13.256306809186668,18
80.16048184228995,13.052857402775853,12
79.90282185935168,12.806317105783926,43
80.17069577314761,13.048615964958971,13
79.97268009478168,13.272817671779153,38
79.90955815446509,13.186175889725511,36
79.91893062203258,12.913854754416224,57
80.20616814933261,13.213607953252689,10
79.84501424299327,12.901882522775571,73
80.10565112991279,13.080802413979631,20
80.21591033938337,12.963853881235256,3
80.2390893939122,13.246053869461317,11
80.14036376817906,13.175871251245013,31
79.95724327935397,12.837342889861171,52
79.85152068396808,12.858223769038814,56
80.09265247292232,12.885251885666305,43
80.0610178967295,12.835089277285633,50
80.10849395021076,13.25370547540701,20
80.02936646961162,13.008770622991914,24
80.21961309399795,13.168394992874427,6
80.25509515438758,13.131865486850728,7
80.0941639375173,12.917465325061727,18
80.24200396589887,12.940345873456026,1
80.26894058085031,13.180613637908001,1
80.17428065531072,12.815655218911457,18
80.08985511804147,12.86261386307749,35
80.08862884369019,12.858115438218443,34
79.9821932883211,12.834623166547814,48
79.8007193562802,12.962744029276067,74
80.00988888508337,13.060026817523514,26
80.00268771389666,13.104608902622852,33
79.88879770088666,13.176908244480252,42
79.99164514748121,13.296286197769415,35
79.82490953992371,12.818277858066212,61
80.22646004749105,13.215594342136013,7
79.84436958307484,13.21034487161764,72
79.80331965191498,13.264998372212313,118
80.05930559786101,12.823289731817914,45
80.26860695775117,13.263717647188676,9
79.85593644087547,13.189658451472466,37
79.93927441838521,13.214554440179473,35
79.80941758799979,13.126031600452237,47
79.91665577670602,13.157939014531832,40
80.25059356226478,12.883668972834993,3
80.05529332768212,13.125688265425403,34
80.11397602532301,12.855125079527397,29
80.20284522910953,12.892607114755569,1
79.94651560857253,12.982521626706536,43
79.93871354541861,12.922369006587804,48
80.22399583828019,13.139882526555622,4
80.03661425568376,13.088885054330513,24
79.9574634009818,13.250826788686835,56
80.20323226628716,13.144230540632543,7
79.9134542919503,12.871297266518804,67
80.22019431140481,13.186636059642069,7
80.0793355804681,13.058733772549383,23
79.82397348503162,13.089281478235428,51
80.22400656613272,13.242802682139756,7
80.24508433319276,12.933566533058064,-2
80.0152742304226,13.16225383053459,30
80.07439307138414,12.940430282795566,20
79.86855462115997,12.891039343030368,66
80.19386858385825,13.228944080289319,13
79.90213822441676,13.234941177530292,42
79.96798824985844,12.977380001425416,36
80.0932951139872,13.124141926206812,35
80.02116314637618,12.922977720653732,26
80.14807075956092,13.101410341440873,14
80.2155340460349,13.255884135016872,11
79.96053357626236,13.028039690683235,47
80.29947335438914,13.200707660367627,5
79.84099237092853,13.115305228451922,48
79.88389646791708,13.136133878117686,44
80.17704049951126,12.889085098955725,10
79.92320121744511,12.823419709179783,47
79.81677414133014,13.12149306729055,50
80.14104680803118,13.173082411861463,28
80.2087495042928,13.199926664243202,7
80.14418772768056,13.26016130961828,14
80.31572944960644,13.271705559731984,-1
79.97977458645045,13.22507146862253,28
79.80063298849285,13.153075799984006,51
80.26339309584927,13.13250389096482,3
79.82196764289095,13.053190973755576,58
79.80123535467281,13.155985396439718,56
80.14031510147768,12.828833170913759,28
80.1635685762543,13.136281516244892,20
80.2079146711335,13.26909982939464,12
80.09442517258786,13.067532058455733,23
80.25934766476756,12.976794318338717,10
79.98274456216994,13.260584523696487,57
80.15372842906403,13.003910307004261,12
79.85750180545786,12.943357347613286,85
80.05776279495409,13.079843012577793,27
79.87463407601332,13.031587082090807,56
79.82292190532495,12.934689505935992,62
79.89076886135832,12.965873702432766,69
79.9120788428024,13.020013922186948,63
79.93298438616631,12.970136856633546,46
80.06655207581703,12.950550429284947,32
79.84097091478947,13.035492812666055,56
80.13958442231262,13.047496716186798,18
80.12684381209453,13.228242198578098,32
80.09312910716932,13.278731646958915,20
80.24723139851018,12.882917503809315,4
79.84365713588025,12.986371030671005,75
79.91251393680528,13.0879695981172,52
80.15720416022798,12.959650148889688,16
80.05510850689973,12.875425357293242,23
80.0873213146355,13.055323263076044,22
80.22137222640903,12.892216648707878,1
80.13436387769386,13.22005484436948,18
79.82278256817838,13.00484635859864,63
79.89994931592155,13.269201705248175,63
80.16209632017305,13.183334416893933,12
80.00383475477202,12.840717025985251,38
80.25589407120852,13.06804128134128,12
79.9457875172682,13.219106484381273,32
80.2138194953072,13.013451547568858,10
79.90311097011768,13.276015849530589,61
80.07919570407671,13.169632338941444,28
80.19185757874837,12.950643132757342,3
79.90892857426076,13.113105531640079,42
79.97600340408464,13.265401010421296,51
80.20854735439471,13.285591922381178,14
80.15369647974882,13.247759697845497,17
80.25796057811021,13.15507744910597,8
80.0942921992207,13.044967123239797,23
80.19663040680996,12.923198567297325,13
80.26779514281407,13.15740069575701,5
79.97961414820492,13.111566672353783,34
80.19205902934,13.154095058405115,14
80.06858680157617,12.8161837413391,38
80.2846259279774,13.154835299180755,4
80.21471554576695,12.904583739758383,0
80.08316155585078,13.062311103010634,21
79.90638016960196,12.81167915235011,44
79.94163647770924,12.946469507374633,50
80.03318093214763,13.295823221389606,32
80.2027295841875,13.271027396275798,13
80.24153336238494,13.011041852531132,13
79.95970069915546,13.078289888854417,37
79.82034818735352,13.141956225121431,46
80.09510781953999,13.262860198300265,19
80.01779508536919,12.997095842425873,39
79.8710139052198,13.285974513536267,60
79.95114137507329,12.84493376780252,51
80.00945809628539,12.854499305345712,28
80.19746747012962,13.184447413127941,11
79.84807731186102,12.80137126966473,54
79.98391602356018,13.045628608627334,41
80.1661573983291,13.24369422859667,12
80.30502184777673,13.106559635288155,0
79.94849279449538,12.995636293763216,48
79.94030028774277,12.92296262848555,43
80.32545407841425,13.27358627780818,1
79.82705612006002,13.206554922975194,44
80.19051969659121,12.856865201746539,15
79.9029647752348,13.299069129706313,45
80.13070093770101,13.002161308288372,13
80.19092983379244,13.100273841901,15
79.87486694803171,12.833043472238623,53
79.90581650216893,12.820157305216213,46
80.2458188136386,13.201475232258034,6
80.26933474246066,13.000240251509176,9
79.8322079941282,12.845526240353601,64
79.87950742127394,13.127437700870338,43
80.16115104520074,13.031158225773062,17
79.95786075366442,13.173404562963698,33
79.93440566684966,13.121160019874768,42
79.94492827464914,13.168346678007055,36
79.97162959413112,12.838773859720936,48
79.98225447574602,13.222703696631287,31
80.04338260998891,12.995296592314823,19
80.10288554651292,13.244208063499354,17
80.00621762575452,12.853347797200488,30
79.86112908767365,12.96641810092126,79
80.23792395708135,12.927780640287494,3
80.07153984647644,13.233463520998395,16
80.24181239310424,12.905597360842949,-1
80.11579718395791,13.263159393727989,24
80.04246268216495,12.889367925276801,28
80.06912285501937,13.029849149326967,22
79.98451659046287,13.216981404770777,31
79.81770687099723,13.13976679919472,44
80.21483449523335,13.07024970212927,11
79.9086748731134,12.806231472225427,40
79.87244917949819,13.259748462586977,50
80.23926387658743,12.947692117789321,5
80.14194844397103,12.815468108492647,24
79.85733544280066,12.82885041260478,55
80.26215668141576,13.15810466498649,6
79.96372065650799,13.169062075048105,36
79.8442077540874,13.22721166624401,59
80.1685025758321,13.240708305896826,15
80.03649776492465,12.88684897243213,33
79.80448125193789,12.865358583672412,64
80.02491586450186,12.960000633516811,24
80.18032503068156,12.994634232163389,13
80.07979114172622,13.214904891027254,22
80.10200033240864,13.126542980188946,38
80.0598002414477,13.191503824766848,24
79.87003519814706,13.11565318746644,48
80.17142491487921,12.981102072513462,19
80.02420063558098,12.97782144789976,36
79.86529462810388,12.919196499924182,72
80.1889068883274,12.910215849782517,12
80.11638530857148,13.255687840144006,19
80.243493142464,12.931045124256547,0
79.9495158405241,13.033209985359246,50
79.9920628622324,12.85142441250027,35
79.88534633858391,13.025867806108632,72
80.08545951954747,12.818574306574709,36
79.84479228220721,12.848947676082627,57
80.16891893480637,12.927256116944646,21
80.26090283909136,13.258590383447542,10
79.8494135135225,13.227293896386005,50
79.98167199625128,12.840450092032778,40
80.15690452690163,13.152891573527132,9
80.11477520578966,12.831707583290314,59
79.82105669768838,12.812027096279596,56
80.1989248483754,13.137887778756804,10
80.16085573578636,13.031060487272931,15
80.03796004196583,12.974899390802072,28
80.21069816984796,13.288895766908295,12
79.93525405744859,13.104817048306137,41
80.24219833957497,13.14867714589271,7
80.14716523952677,13.292930366757808,14
80.03893475022082,13.001655434363721,27
80.0885564621651,13.146202144069674,27
80.1487847417991,13.236495148923492,17
80.17744866396417,12.95676286464284,13
80.1341345568272,12.901057919001953,21
79.81816159235368,13.101948466787272,53
79.80360423854252,13.119801119881997,51
79.84365131608546,12.868347475149884,56
80.11535627181136,13.003145791814635,15
79.8268333870447,12.802549345802646,56
79.97946930369977,13.225260739154969,27
79.98205640045269,13.191152620303411,28
80.08948621717298,12.917575843235955,17
80.28164925176478,13.242027934521436,2
79.98518371060585,13.1882104787293,29
79.80811467541243,13.245098394517983,95
80.24268351847003,13.273775790531076,10
80.06925260965158,12.899774483184935,27
79.90598811079867,13.218918161964936,35
80.07639812421905,13.295621684473138,23
80.06822492524572,12.867453706635624,25
80.04398550438943,13.125973278283427,35
80.01105022005964,12.973005459783275,28
80.23208849241915,13.050600348942334,12
79.8449708355902,13.090877594953524,51
79.92182927653049,12.956162540409952,51
80.1313005609909,12.95281480234672,36
80.11233062544122,12.967291242865073,13
79.85347346313995,13.001123875010473,73
80.06330053797248,13.10814860490872,26
79.91280894422974,13.191969850303428,35
80.24771128928549,12.86027711255137,5
80.08439156841175,13.09928947918295,20
79.97180288170084,12.820195317708057,44
79.96662007799786,12.874709840116225,51
80.17323060498266,13.266204847652364,11
80.15919572491697,13.001527919013824,15
79.85679872159511,13.274999895306234,60
80.08155362440351,12.884087999203784,34
80.07243769142431,12.950863161262083,32
79.9338725777634,12.939131642448285,42
80.18536125840468,12.975188067330336,15
80.11268012551916,13.111306661703832,26
79.9492383437237,12.801048443765234,42
80.04514643932656,12.934026328197357,20
79.81393668926324,13.275015130456895,117
79.9342719316336,12.956395711981799,53
80.01414555332929,13.29142586132312,38
80.07419631998987,12.937713396438772,16
79.82385139959565,13.12400034986614,52
80.23517217918332,12.957537781406181,3
79.90967213187947,13.036436737275178,67
80.1918403711787,12.957357482616098,8
80.03204363720708,13.098394599913739,32
80.0139357705497,13.082009334277075,30
80.02800482807329,13.084653818445926,27
80.25563801557566,13.175501044512108,3
80.13293293393272,13.098883803689883,19
80.04123072725007,12.942302784887,21
79.97903691076597,13.157233713186901,33
79.89023555580924,12.921050098264809,74
80.15616129791428,13.213071790466001,21
80.12176250950402,13.14143591989961,22
80.25612357546845,13.188328926321951,2
80.26735197003111,13.1939256432061,4
79.8005821774793,13.111968496855793,49
79.89157607038935,13.256546709175893,55
79.96655688713544,13.06930424738746,43
80.21627627589396,12.881605698070635,2
80.03904504288889,13.250849602647362,29
80.02444006503805,13.107909271017723,28
80.13309080957248,13.005089575341088,13
80.04062211474944,13.04621095635547,25
80.11611007879881,13.230386625946467,16
79.97891124411264,13.180680027064787,28
79.81071767259877,13.056694264164102,57
79.97971522894544,13.239788655803238,34
80.05955677396653,13.059063529631763,25
79.86133139406849,13.205559425621098,41
80.0597254982562,12.962009855688564,25
80.09841574624778,12.953195765965148,15
79.9598292384019,12.855620501202726,60
80.19568034283151,12.972406383628655,11
79.83608261907682,13.000456312596267,61
79.8001937108305,12.98695017970507,69
79.81273299381645,12.938295833094315,65
79.86573850363308,13.12569237655219,45
79.97714919558938,12.884710711294181,41
79.93097304123678,13.122191505907768,43
79.95109347875227,13.106626645268376,38
80.01350827857894,13.235749268971144,28
79.93486583498697,13.182112677624495,36
79.87880398585166,13.251295269784128,47
80.14695773824575,12.865692570500764,21
79.97356744276863,12.975340476592727,31
80.12319438083755,13.023513128559012,17
79.95089066865191,12.844850221829612,52
80.05386964668955,13.257689781650846,25
80.31551303632591,13.255221816127223,3
79.88342343870382,12.8669889222127,56
80.12626261778463,13.167514534445695,22
79.96155205704191,13.19440332567236,30
79.97324862998312,13.122040370928055,40
80.2081739447638,13.264230224256561,11
79.8561766077639,12.958026177091611,84
80.19464464913136,12.99164626773693,11
79.84821166581187,13.242728898733812,57
80.21876790491191,12.935686041777831,1
80.04512888512838,13.077797879362874,29
79.80523820760091,12.902804365768656,65
80.05410118270612,13.19441362737512,28
80.08650247109414,13.076806194565483,20
80.10091485970977,13.061763770978278,20
80.17255552344041,13.134762074247858,23
80.23945728392111,13.241710993056323,11
79.87127879889142,13.187527451180232,39
80.04581834496764,13.234890710656376,18
80.0839354511853,12.965748447415027,19
80.00266964142638,13.08868022860911,35
79.91278848523682,12.981839174012116,55
80.11801576239671,13.113545939463277,21
80.08421844399355,13.255407919316012,21
79.84590192265661,12.913620392058553,68
79.94404277934233,12.950191952626618,48
79.81133798196545,12.957467663588089,70
79.8462214159279,13.239639521116889,55
80.23107340364159,12.87109073277654,3
80.09832377781291,12.891204185703387,52
79.83924780190348,12.815748234626902,63
80.01073379178294,12.926505192580906,31
80.05386554536454,13.245533588103758,24
80.22362666784258,13.29669814166895,10
80.01837040312022,13.26773766199723,36
80.04973637947579,13.171378784870544,27
80.22371468674744,13.115063073946237,12
79.90800417456812,12.821453366373781,48
80.12615362820907,13.200890068294276,28
80.15437367566024,12.919446773798565,18
80.03643223865657,12.831335227750007,43
79.80284448077586,13.15785225174568,51
80.06103948785888,12.928101561090935,15
80.24602373320933,12.924630683252223,0
79.93073762396628,13.060586958517407,56
80.19759131476594,12.806447059587725,14
80.12242707311405,13.136146794572443,29
80.17859279351761,13.258502508375518,15
79.82606348581467,13.127205532946515,49
80.07772518718107,13.098072186749047,17
79.82647361166865,13.19260907440609,40
80.20078815798567,13.043657002127878,15
80.1367467486462,12.94229134754644,26
80.2492625895401,12.972151908671858,5
80.23098847403527,13.052204430751097,12
80.2661789873045,12.974767450292783,6
80.2544963694096,13.046073496193001,12
79.94969063312804,12.839102397805934,54
80.02349897317396,13.27108428796295,31
79.99298546445885,13.18421329474613,30
80.23397809296982,13.263968742164245,10
80.26403841623386,13.131623195896236,3
80.1466322368149,12.999629102322915,12
79.96258141227663,13.289585104471815,38
79.8133992386678,12.874310193534564,61
80.26927858121661,13.181410676996544,0
80.01955833945414,13.077647244290022,30
79.82340404904767,12.818074728168753,64
80.04938945399542,13.015261644833942,19
80.07655551881453,13.056211857597178,22
80.26110158991702,13.154363377636129,5
79.99276564620367,13.025036655663476,30
79.83378362650407,13.276301445076646,90
80.14283048408114,13.079135463469248,15
80.12568583638937,13.293667329003929,17
80.18773749165184,13.24352830182397,17
79.95327244537373,13.154472886129046,34
79.84902261924789,12.994600334010254,72
80.11676449212645,13.111339615105898,17
80.08551122061978,13.171779371097184,31
79.88532134561417,13.262343891410843,69
80.0997969725218,12.9761308564907,19
80.01798685109478,12.882201353979298,32
80.21459781224412,12.978705170332384,4
80.06072992142913,13.241822966095443,26
80.05199336770727,13.198354533741245,26
80.24203521930903,13.135341585240697,8
80.18818140083769,12.917001507940496,14
80.18668191195614,12.817034441606962,12
79.81486714067259,12.943102266833705,67
79.90206885792237,12.80568977578481,44
80.0126120216172,12.997884627550055,42
80.12073373913096,13.189308908532007,43
79.83528061799768,13.151768310519012,43
80.29807100014644,13.248767256171444,2
80.00665664020323,13.029095938117006,31
79.97573698274422,12.977231361118355,34
80.09454352505504,12.889674009152312,49
80.06703245765115,13.129630561135853,39
79.85878523084227,13.232903284914627,46
80.1369268446355,13.122345093348217,23
79.88441946266948,12.827689174241234,52
79.81529189993098,12.91954030300637,61
79.93485308544656,13.197444847283496,35
80.03547834279371,12.95499396251721,27
80.29419044227332,13.245514534820376,3
80.0009725871607,13.096702018628026,32
80.23431408242912,13.292360976389011,9
79.84025103702467,13.122438865196584,47
79.87949196350951,13.08541615342406,51
79.8143900186977,13.014583211173319,60
80.10818117155677,13.131641421773178,35
80.10361537674264,13.077604101991191,20
80.13348101688777,12.895394455203999,27
79.947374917187,12.854142042801332,56
80.05057186589761,13.12950363895741,34
80.11111918736114,12.965818855703375,12
79.99155143128766,13.175167378588016,29
79.90687886169357,12.822616734326624,45
80.02948768989818,13.057049295760121,30
80.07256579080804,12.858981982288439,29
80.2345231815612,13.160104690812663,17
79.99744880389191,13.100540051903014,37
80.16871689119338,12.826207457897096,18
79.82223102729395,13.082465699806908,54
80.21887765345232,13.098877110455742,12
79.84479147235912,13.119087582391694,49
80.09246566990934,13.247878007664223,21
79.89727866864368,13.060801489978294,49
80.23600970422085,12.861052282599289,2
80.12391229341935,12.931535733620182,29
80.05044676605182,13.167873461197662,29
80.27552636746675,13.276354390534921,7
80.09303764891442,13.003721196478248,18
79.89937485699933,12.893210686622972,62
80.05613613080392,13.002881316474316,19
79.93833786264038,12.913032454400872,49
79.94213599971687,12.989068130622654,47
80.0129743710215,12.828624387099074,37
79.84475763223796,12.931594873300579,67
79.94220936769304,12.908801341726981,45
79.83516242507885,13.075816991459927,53
79.83690651170187,12.853392083913905,64
79.8444200017224,12.864898450485239,56
80.2432640130901,12.85860501120463,5
80.09206395178651,12.873564079832347,40
80.30023580536391,13.169465104867196,7
79.87308416013732,13.250941097001897,42
79.82218043076033,12.837126113528962,66
80.32576344185321,13.216105075374962,5
80.06896192983098,13.226994570363182,25
80.2354626303114,13.286619156902976,7
80.27786777349651,13.2225728056395,4
79.92006446047819,13.133445691978144,45
79.86896749305892,13.104591895401594,48
80.25186140879906,13.181790360706607,3
80.32448950600069,13.27952054287779,0
80.01582220236422,12.879563078361564,30
80.15006979334207,13.028066954503885,14
79.93310827861175,12.807523580299518,51
80.25144122828854,13.188899916783448,6
79.94025812701744,12.878955051655955,44
80.02768180197589,12.95700096219556,22
80.11471221261596,13.22712739917307,21
80.0809947612195,12.978103645689115,21
80.09236946088159,12.980474944404952,17
79.83212638543348,13.084952460609587,52
79.92619247079632,13.233974071064322,34
80.2518549976271,13.055218902498948,13
80.18333235835868,13.214341622919067,10
80.20997678240244,13.020907704315372,8
79.90136710312595,13.185478781735366,40
79.81521839410276,13.01041850849792,63
79.89455505558837,13.256719970202752,55
80.22767504244666,13.222753819791404,8
80.27273402389417,13.062793162052348,11
79.95925687349582,12.84384544474755,58
79.9725549033538,13.117466493020041,38
80.27829450934915,13.297298710529663,3
79.9577810475094,13.051201875797846,53
80.24791851778248,13.062890407604815,13
80.15353889618282,12.85855585069893,11
79.877012298869,13.231419093295395,42
80.20757280142205,12.831908483336852,6
79.98516527083274,13.117553520721797,35
80.23549345995733,13.192073817837755,4
79.80289118378322,13.135271078901624,45
79.81221878627287,12.942945673918272,67
79.92224661989678,12.888596497282569,52
80.03546275995511,12.966261038563218,35
80.05756692378542,13.029171118495018,30
79.86071887849204,12.848827809144982,57
80.21667754430038,12.941971020893423,0
80.06765878537433,13.22918111141056,21
80.22146215097773,12.970792524367898,0
80.1651026772496,13.136591527655048,12
80.10997058728454,12.852116158870757,28
79.86299637947442,13.288241888234062,65
80.20283250940429,13.001895486984141,16
80.07095332078545,13.06818100767203,22
80.08515357815429,13.176226540638373,29
80.22815373113858,12.87792900973116,12
80.09444257440984,13.021841590366007,20
80.32818826658274,13.273177695545616,5
79.93894382625106,12.84112765592449,60
80.24061456271329,13.003690808188349,15
80.13073583869789,13.036069713089665,19
79.97963334375177,12.987155268482079,43
80.12589838290938,12.963415102716187,17
80.21580479707028,12.946632242685483,0
80.20909405432087,13.265209709195053,10
80.16149939789977,13.032137049624932,15
80.11788800407618,13.211440030917498,29
80.01901098364797,12.934736729363548,19
80.26198249367066,13.230932359722457,5
80.24443637828834,12.839253007796586,6
80.16474275961508,12.861086841513172,9
79.9216110932753,13.234791833972398,34
80.02905359956486,13.047494208824801,35
80.02473521790571,13.258603622057825,26
80.0514770218414,13.289810107246874,23
80.2919122849324,13.218588345135775,3
80.1515141692559,13.060589223681024,17
80.02230749005882,13.287636371990457,34
79.94873781668878,13.169175230674849,36
80.04665241885534,12.819384980298294,38
80.11682043968456,13.097302627234686,18
80.17701404288862,12.847483556919785,7
79.80919025739334,12.87233467509445,62
80.01896945013273,12.915827532990788,32
79.9870350110715,12.984032638012245,36
79.97328224185159,13.157425492491312,35
79.80612075554697,12.810225320478283,64
79.9390428410084,13.289733742470062,40
80.08036102811548,13.101200437477688,23
80.18173918989149,12.821401484075592,20
79.97177994493103,13.016830765246805,38
79.87572094014514,12.900318920208038,66
80.32762345961467,13.237570706083279,6
80.07323825531348,12.839811336425647,32
80.1088253531374,13.005092105002944,19
80.02099056945785,12.916056590717615,31
79.90334399763118,12.945928415155807,64
79.80322183354254,12.846937548967151,66
80.18826910442121,13.287673979747018,16
79.83986043069717,12.994113395975543,73
80.20805091151173,13.25494897493096,12
80.11255583283906,13.249204989237619,15
80.0489333741362,12.846202305847441,31
80.03998928306183,12.833970494389659,48
80.0582370996886,13.186872666788172,31
79.87880219146163,13.273389760670705,65
80.21594194949566,13.144065097342422,7
79.96220207153266,13.25062352751968,50
79.80728668239236,13.093155143247577,57
79.8376456171232,12.965904160491515,76
80.18281974464034,13.11518005422358,14
79.9236322333967,12.984101280583038,50
80.0224270449781,12.891712982679492,39
80.22777263378786,12.991478769147982,16
79.9378509660406,13.14772562135294,40
80.23959144172613,12.989554010327256,7
79.855365664583,12.951833194519685,89
79.9974800580666,13.266729894783289,39
79.9881871834571,13.07291023700546,34
80.1221892842119,13.180133939476988,30
79.88405073862401,13.073331089134554,54
79.96885595139766,12.927116443923087,37
79.98571763725587,13.005760898520439,44
79.88254764185874,13.079720412591412,60
79.92950934748704,13.269394539645345,47
80.28194953713974,13.203111035787423,4
80.26185597990363,13.189479179307712,3
79.90626612119051,12.906944682985916,62
80.05722626933174,13.281688497477193,26
79.87444045881509,13.221603687324777,34
80.11844801683361,13.179818448546042,34
80.16916474960892,13.14547185178585,9
79.80961132221935,12.810815784724458,62
80.05585229700986,13.055911858843693,29
79.83684466200391,13.26582485991552,70
80.23736707836738,13.29624425453267,9
79.80783761848434,13.109404859165126,51
80.1303314932668,13.066804744333844,11
79.83383081629104,12.8265542324952,64
79.8439301520969,13.121446028149974,48
80.24109060040236,13.212893420315648,6
80.19399667362356,12.939921277519744,7
79.80871850258657,13.273042353749988,123
80.12780458787006,12.951913912579416,18
80.23126932565646,13.283484473100872,10
80.09390255458494,13.026548318603469,19
79.97061729573373,12.93196257038017,34
80.02370325068689,13.298323148444082,30
79.80189541880537,12.889568569763078,67
79.90940578428453,13.184647218836316,36
80.27881286905667,13.266766217533513,7
80.01565951016681,13.090990798034854,24
79.91118972150117,12.944878156241376,54
80.25892661937849,13.27740909498748,8
80.28366673686436,13.139169002357084,4
80.22066042009047,12.91235651048485,0
80.0017270641407,12.964858879819925,25
80.15442656442822,12.839427167836684,19
80.22370795111429,12.95132262211316,1
79.88255401738114,13.08427446970221,58
79.87344111158288,12.926380410438686,71
80.29347209039857,13.163271273688634,6
79.94872998563312,12.888454072897115,45
79.84830418918472,13.000498663559348,71
79.83451881059366,13.189158055134584,41
80.22174053231548,13.278831171823422,10
80.26022490284555,13.041234784928182,14
79.9604913638422,12.959734439968788,35
80.09950429871925,13.105383348502263,34
79.93159805230157,12.864994568895737,63
80.16956828637808,12.891137749729053,9
80.21410400931484,13.286761598924434,12
79.88678347181626,12.949781124954317,65
80.25230724592409,13.154907778636693,14
80.06300930253505,13.009567287248462,19
80.09841033003624,12.825382697364608,43
79.85075174061734,12.981374533968854,83
80.30757347280363,13.243167592283937,3
79.87566652315952,12.983072480354977,75
80.24886388266708,12.991025149344994,10
80.17777285455578,13.189370804530288,9
80.19463981058959,13.169579085798654,13
80.05755247057604,13.189075381065082,27
79.85947890695323,13.14832346480923,44
80.16432071555477,13.148468422235743,9
80.07840543077778,12.890343262168619,25
79.92471948619593,12.82579576108167,51
79.8113998763815,12.88294073239026,67
80.11411060553843,13.19938753551111,30
80.17463501942981,13.28212181437105,14
79.95500311978758,13.278253027958078,38
79.95417698029517,12.945351683097277,43
79.98721847812169,12.817528973142963,54
80.16182303727093,13.0764245797373,15
80.03731834014631,13.072439197403128,29
79.95379926345014,13.275107194986617,43
79.97632981221498,12.907673797745106,32
80.2139321399001,12.96528841415345,2
80.17728808256392,13.229344872843976,13
80.08812799436318,12.827747578112517,36
79.99000951486467,12.956239568275462,34
80.04472081141752,13.148365894092969,27
79.81865809258402,13.003563244476782,63
79.93363166904201,13.274784836155614,48
79.9262816319917,12.806648842142762,43
80.20138862679364,13.000733876919663,15
80.03529943542658,12.824347574753064,46
80.07967481615671,13.084740828333354,26
80.00597633981279,12.854167040896137,29
80.12725808634339,13.205718562494564,24
79.82738023860027,12.95574260286785,70
79.96356858887322,12.946279603392666,38
80.14309395796913,13.148988311783581,13
80.11701883961905,13.071504554541956,22
80.08158987661982,13.008153502282045,19
79.89056583460574,13.19510712565587,36
79.87152790014547,12.988464657047965,85
80.10901971986884,12.928010862217798,34
80.28457697445161,13.161186303741905,8
79.83352681128663,12.849703117668856,65
80.28037273658296,13.252840985185879,7
79.86785718944067,12.90895823281528,62
79.8442519837791,13.011238742905903,65
80.08515651143138,13.021093786050827,21
80.20341922720822,13.265430537546726,12
80.22019342554704,12.808701020723722,4
80.14232742351702,12.877783149970933,13
79.85814836542363,13.201313075402343,39
80.10768630799966,13.076746698684715,19
80.18767954101577,13.000454904032175,22
79.93053239409862,13.27097200385716,50
80.14428149167605,12.90650839495511,26
79.85764205131473,12.992148901246242,72
80.12793359446289,13.134432013099886,33
79.96208901507565,12.865285162824147,62
79.9111470113417,13.158422927646411,39
79.80266967986178,12.875537886030733,63
80.10446881625107,13.285428844031038,17
79.99816101234131,12.904227030839522,35
80.22357125289929,12.877256275980836,2
80.1378320817914,12.953164261531116,28
80.23029494613127,12.910724733943248,6
79.80247087448222,12.901076695161285,66
80.16985807138369,12.964284339160631,22
80.21353305092525,13.25338685481716,11
80.22941614222974,13.268913051393145,10
80.23245479853664,12.96515321396964,3
80.136442730414,13.28262124529462,15
79.94035551106344,12.87105843144341,52
80.06573676163103,13.271207303011957,27
80.24667313289248,13.288080660815195,8
79.89311126260154,12.825014357891508,49
80.11065973105183,12.875764819197432,24
79.87317414839981,13.073816528255321,54
80.051377888993,12.83046115067068,35
80.22238013512704,13.178113684729839,7
79.99924260209535,13.168099589632126,36
80.10337628989535,13.046027035495353,21
80.23143561926359,13.059901705048917,12
79.93133380189245,13.076542726134319,44
80.09803414212817,13.182845619023137,35
79.80240745147887,13.057027366310484,59
79.9128403350785,12.98949955069721,57
79.80572818060922,12.916667358564927,63
80.2151281674332,12.951534015443443,0
79.98407545762699,13.241807653374842,33
79.9704362616445,13.090227127928806,34
79.9399908802848,12.954175032612778,53
79.91169381351345,12.884312521148741,65
80.09989797045317,13.290705673029418,19
79.95867403777217,13.17479837730776,34
79.9652841882446,12.803150591345798,43
80.05059334290156,13.132189364022798,33
79.93644280019053,13.074796913681643,40
80.20661374091024,12.859529328274778,6
80.00555725866134,12.811693690517556,47
80.20547394690574,13.135122540435324,14
80.20003089096626,13.008302530072598,20
79.99213785181857,12.974066459454916,28
79.83064097824462,12.842534674229539,59
80.17455279234284,12.825729297969678,16
79.99052758065429,13.257001820535706,52
80.09899652044065,13.05697951651353,22
80.04305252375272,12.886304876614282,25
79.8049750874508,12.887931966721045,67
80.09970403976389,13.079248138698912,19
80.22508595147865,12.82112187420114,2
79.87596318765294,12.840848211134562,51
79.89370510761022,13.268172953620383,63
80.13705332920581,13.093088194478442,22
80.06264781818226,13.278097612646087,22
80.2400111767303,12.94793515527902,6
80.22326238840688,12.865610568898045,3
80.24778770468853,12.915910904618778,1
80.12775699124052,13.006879416451769,15
80.01309677122454,13.114339203923162,30
80.11493758353598,13.062067659711865,19
80.22824030406073,12.916608682658332,-2
79.92142860644068,12.866250387442744,61
80.07827672343888,13.206954103058418,21
79.81142516779236,12.924517901867908,64
79.96248406815731,12.864518425682377,57
79.86813973972762,12.916914075355468,68
80.14179806418952,13.175611923646725,29
80.14272607846631,13.132184301030792,20
79.89357025755973,13.147112382930219,43
79.86485449936,12.868934198645077,53
80.08933287548606,12.994025340687905,22
79.91546999918197,13.09842703481704,47
79.87562809648789,12.968346848326087,65
79.83181727151751,12.829714804881656,63
79.91269738320358,12.886714745456592,64
79.97373212403113,13.04199553149679,42
80.25631844656904,13.15494945232013,14
79.8960699968457,12.948606765455454,62
79.81209424071395,13.101879359661966,53
80.1139921862176,13.284007880152453,16
79.97994669691975,13.017460151116202,40
79.8283697583679,13.213113935327511,58
80.23974685730485,13.26707979952165,7
80.03057625999243,13.232377985830446,22
79.83262647796269,13.241575226315687,72
80.29220819510942,13.14197098565409,13
80.07779239055209,13.185151050523924,24
79.95812570820968,13.225237283898638,32
80.19141392515934,12.9321420695038,7
79.94882289321393,13.256858229590662,55
79.87396733823756,13.187131587147904,35
80.21147268961332,12.963464924573154,0
80.2009134991374,12.904681733017522,7
80.11222145013127,13.150105555262128,18
80.2072169650104,13.06433399002657,9
79.8983489255145,13.127228816380578,43
79.83338820197338,12.931855866082314,69
80.11940024859474,12.999746028267795,18
79.82277280568245,12.913043688936568,61
80.17270468875593,13.222311785936453,13
80.08424471876005,12.999006313176595,24
80.09890627813952,13.006804497522335,19
80.07123618019311,12.862467146825331,32
80.12400910434881,13.280803026774684,16
79.8503213506359,12.899275221186059,67
79.8680920288761,12.84428126977362,52
80.21765569380727,13.227552366741698,13
80.2096920222199,13.06586422174504,13
79.94315763881026,13.068976562316804,46
79.93081912138486,12.940593015312903,44
80.09891686655695,12.81921272031412,44
79.92112434665543,12.969367048273039,53
79.90833775562831,13.235121439080915,41
80.18423326802393,13.191877470677749,19
79.84921940961392,13.25573832180967,59
79.85507328160266,13.264807977833387,55
80.17908151484397,13.087866716632478,17
79.85213636058403,13.219338342052765,62
79.81610615933754,13.172677820639302,41
79.85722932155709,13.22741454749932,44
79.9064921663345,13.039910088691013,63
80.20606619491208,12.861251488360262,3
80.21490928365178,13.120582989600079,10
79.84300568344774,13.155868813146045,42
80.22527665154277,13.174335978073286,6
80.26166128128928,12.96686591537702,8
80.09392825905006,13.040070641584775,25
79.96811051363902,12.874001290328492,52
80.23722532524438,12.962757879881092,6
79.88849591943537,13.120608952920389,47
80.11085222841696,13.00559618049191,19
80.14368303967161,12.816638979415435,25
79.81017371164224,13.194575730586289,44
79.87185366074398,13.044356270025833,54
79.94259016918114,13.143994477375731,40
80.22400309366958,12.97149922682651,0
80.16164037587836,13.251293524340111,19
80.06715421499439,13.234452382432146,17
79.84889915656893,12.920797036929901,71
80.2107517977781,12.997374099069201,11
80.17965892728613,13.261120534165242,14
80.21743404662782,12.87948968065361,1
80.31071024347102,13.184281105427804,10
80.30407526353025,13.283773151904786,3
80.14960098272611,12.840803459824043,22
80.27281794881972,13.09325425835906,7
79.81572525569733,13.251026375711604,86
80.192752229035,12.834435487349223,11
80.23078915036353,12.916791891687538,5
80.20098117891209,13.17908668725973,8
80.25739944824589,12.946612354017256,7
79.81168711925709,13.228796678609784,56
79.91950161131093,12.931507448429537,54
80.22501769050216,12.950205368661104,2
80.22681423110704,13.071043742062633,13
80.04337675543893,13.116187533160604,27
80.12119007008573,12.944696465135456,24
79.84286591660909,13.106235503070652,51
80.10300528501702,13.029548590746938,21
80.08020644185883,12.801099367765442,43
80.00036337589398,13.049291510209594,37
80.2231259598204,13.220401433354029,7
79.93526982576869,13.02445940635153,57
79.82490748906733,12.94052860190338,65
79.81920389234853,13.035544148115479,59
79.9513793612927,13.288066518287183,39
80.05685101897446,12.886334605007086,21
80.26022605077644,12.99562495279002,12
80.19964470193685,12.995613954109194,12
79.96885561694017,13.13492537675723,39
79.9700745809272,12.823890182231878,46
79.92030152122466,13.092969403887029,52
80.2682027579259,13.278434988781024,8
80.18054913577214,13.299875015450663,14
79.89833816121383,13.105802301788932,48
80.10222165480569,12.956651989445117,16
79.86198465660519,13.228132548239765,43
80.05364380436212,12.963236776214798,29
79.86041298532848,13.249156593397585,49
80.25743422095044,13.020178210653011,11
80.12739942846149,13.232025588192313,30
80.08140196748396,13.121049121679844,30
80.14430973865716,13.289255243045893,14
80.10175666512656,13.084186391447776,23
79.83044242596792,13.038011931815515,57
80.28046225788502,13.238246808848713,3
79.90846733738715,13.06874823098476,51
80.195818280511,12.821845936784307,10
79.85933988315034,13.036924319096514,59
79.92606407191278,13.297520296624727,39
79.95711136562605,12.876797964379437,45
80.01067038791196,13.112957706917907,31
79.90256252193265,13.119548092142146,49
80.08055414435735,12.889420284608905,33
80.24432736510451,13.062631048548432,11
80.20561609184364,13.210468894426803,8
79.91399805100791,13.2122064600622,34
80.2144181849588,12.992559684405576,6
80.19973101083221,12.904200234990645,3
80.24229777273914,12.91343217323142,-2
79.84619467198813,12.89586942498638,61
80.25116824838331,13.29328314776547,5
79.89824868104381,13.135806950478843,42
80.0837527021852,12.864605931722561,34
79.8844421462133,13.114420902256725,46
80.02623360299944,12.925976199108707,27
80.1608377127106,12.883890300641681,12
80.11490605449633,13.20217710613176,25
80.22492075552381,13.201940060507447,12
79.92148409903459,13.28439474827604,48
80.0914524571094,12.986249896269095,22
80.22949123792102,13.188343274342175,5
79.87408631074037,12.896135310303073,64
80.10889441465173,12.86604800869637,27
79.91798852875627,12.891467012130784,61
80.02913061800386,12.88517264096437,31
79.93414552368425,13.076640569423855,42
79.94009158972808,13.042638499153632,54
80.13349219359142,13.057099279387376,19
80.1872020976302,13.12133713934043,14
79.80149009396803,13.019943141430893,63
79.80319975669893,12.982491835163605,64
80.1494373175495,13.249800277823939,20
80.23924351818327,12.92476708389445,1
79.85741717840726,13.286443985551182,65
79.90831702757028,13.20788154979222,35
80.11337154264731,13.186695589470919,42
79.84930535450472,12.985084823323103,79
80.12013754607634,13.036891081482883,15
80.31002150415857,13.258766289801205,-1
79.90646189309152,12.84603719435894,57
79.81668394565922,13.239220607626713,71
79.96086262979165,13.298957314144074,37
80.20840885265531,12.996440989147835,13
80.29767292235282,13.20570181772328,1
80.0433687124986,12.896530028910949,28
79.99171164749707,13.073515027289934,33
79.85231063469163,12.986846794662801,77
80.02633421149463,12.998215280641627,35
79.9430620885537,13.095956985730274,42
80.22179811352387,13.02125536623596,14
80.05865820180644,12.924840543224379,15
80.14089282369737,13.15330981423144,15
80.17548317554083,12.898445945276924,14
80.11093273329594,12.886199337887051,25
79.8884066041488,12.945637582140956,65
79.80724887792431,12.88821776301816,64
80.15687495237083,13.010910653533875,12
79.85114965636429,13.023071798901857,72
79.97014665330222,13.172055019330315,32
80.06013489729249,13.299478910725705,23
80.09550479260243,12.826483680042497,41
79.81578272635531,13.25100855415864,86
80.0979724618892,12.87068471653595,54
80.08064459493112,13.02871823132771,23
79.9580757528916,13.125120639805855,41
80.05912508272901,12.964727384048057,22
80.027901990993,13.236079573370684,24
79.99798273214064,13.136605369656634,34
80.16351075097563,13.045479635278715,15
80.03678673256135,13.047899649634948,25
80.2394332258091,13.18197565872787,4
79.8483467560599,12.821244606422583,63
80.24893054711143,13.019320097712,7
79.93524160624955,13.184438179665422,35
79.93617057398028,12.893309979345654,46
79.8644519283462,13.172292379577433,40
80.2931283735693,13.189895421730258,2
80.2368988792534,13.278570032972185,6
79.94716538665415,13.06598034198974,39
79.99848176021251,13.035615820917508,34
79.89413011523602,13.06196109527846,50
79.93081299241823,13.197295957922647,37
80.25572705741867,13.265167356917674,8
80.14373849242048,13.258375974412422,15
79.89600449946701,12.878408292702483,57
79.88479256355804,12.925214099994148,68
80.15667461457001,12.924264715430107,21
79.81629082847272,12.873544693969954,60
80.07954237911333,13.275604268497123,21
80.27550580381045,13.23101730835873,7
80.01645513185497,13.245022818715285,30
79.83416014464929,13.26586091414792,77
80.1377288537989,13.228155713088228,22
80.12471059652555,13.194918837987899,33
79.9567091389216,12.850212000576633,57
80.06496782897362,12.905934815955725,17
80.09220927600929,13.149565840358925,22
80.02934473418426,12.841105481472585,31
80.03682593621974,12.985368352457913,24
80.24694013495515,13.293817045461015,6
80.0218136037935,12.901355780801865,29
79.9433789565728,12.815090053232883,46
79.80029152791116,12.917073038553694,65
80.0730504555499,13.125053706640129,39
80.24206452321536,13.250370831562442,5
79.86667492553072,12.885085508314056,65
79.92647578457915,13.206874290302325,36
79.83865035838052,12.915838977344174,77
80.21724661972804,12.932975160492834,0
80.02653298394519,13.222974436444943,25
80.2498344147067,12.874678723664871,7
80.24568489548759,13.190689787146429,3
79.95664987873865,12.839445292174375,51
79.97470592792007,12.952629941956479,40
80.26885048318752,13.212461318213368,3
80.24849350162435,13.08748432531458,13
79.9509122786398,13.014554823987675,56
79.97250738503192,13.11601660638127,38
80.2592607166806,13.254551630788654,9
79.99345415530595,12.978074228551968,31
79.80926892352107,13.186031842306226,44
79.96041994018742,13.292450546496301,39
79.83807042521234,13.045225605166637,60
80.22742131254265,12.988014254470242,10
79.84478777974141,12.857587263152286,56
80.00755161126993,12.9984169600598,38
80.08179255097313,13.085405793723254,23
79.87459885559343,13.156519764904504,42
79.923132809479,13.25632829805396,42
80.06293854851958,12.962712122492205,13
80.27062172780127,13.008936664802128,10
80.29421508023567,13.251935561978424,3
79.92788648184079,12.953822181118717,48
80.080832073871,12.920417608434677,19
80.01279058001266,12.90120606332001,32
79.98090931409934,13.094994936612391,39
79.9662989242468,12.866901669794201,58
79.88591524290653,12.973393517044844,67
79.85834468764563,13.291180654227526,63
80.02899356034257,13.074142552869803,29
79.94725543956713,13.264562627347487,52
80.19174333084051,13.081227439114587,12
79.99386809424921,12.840359032138945,37
80.12114729116792,13.012594528092137,23
80.2571143447831,13.08422295854158,11
80.23799839968007,12.904244762872581,-1
80.16529967748143,13.278464774476005,19
80.2367724729733,12.997032942420864,14
79.93313942306973,12.976911320762964,44
80.00749233543372,13.26923391375674,34
80.07821434765758,13.081924168511744,23
79.80629205037587,13.102749441436211,54
80.16101972607481,13.124451281417034,17
80.182585099307,13.065652124621593,10
79.82439204676193,13.060252791182924,62
80.2490416986544,12.865728469602612,3
80.09914920288648,12.881094222555122,34
79.9848423888262,13.23206642873875,29
80.0912617895367,13.19041868218192,24
80.03101773812706,13.2379448135323,28
79.87254538110454,13.112895910835487,48
80.25719273859059,12.951900239867696,9
79.84602441832055,12.802037062447083,57
79.92480489159277,12.953963008716231,53
80.15102562410493,13.111134673025386,21
79.80907193537786,13.16208968876091,43
80.23572855053717,13.145812339114157,8
79.92980638353883,12.94567997879491,46
79.80611720359232,13.092159976711669,58
80.0239812318142,13.188480310384842,30
80.15584436486797,13.134059070883987,24
79.9834209331335,12.825349419850786,49
80.02077620559977,13.119474385570417,26
79.89606024342221,13.11396980498659,46
79.90221780201284,13.180848602685863,38
80.20950952023365,13.175604082475653,5
80.01853634873132,12.811199500925829,47
79.94449594336112,12.88728190722536,40
79.95474231065201,13.221808692028056,34
79.98791791875168,12.94991760152269,29
80.17371214748545,13.033603559962309,17
80.1827418437053,12.924787181927726,18
80.25901960015592,13.086607188802093,11
79.82278737217526,13.136237975647102,45
80.04800079162926,13.01189517364055,19
79.97877792512492,12.907112448725988,31
80.20346767813703,13.205535877002491,12
79.90620582129041,12.892070098652699,60
79.99548463431847,12.978600822013133,31
80.10368786691913,13.285990057388148,16
79.97952661301056,13.080294339501624,32
80.06891938453167,13.280810211869564,21
80.0710819765727,12.85554317936882,27
79.80024459130051,12.84971684805503,67
80.1484211307052,12.993831636476731,11
80.16920986274901,13.030603577553906,16
79.91262229293388,13.250500037116472,43
80.14553087102782,12.977122397845536,17
80.29161452338697,13.211967727256376,3
79.93729614594753,12.855871405390536,64
80.0196922085624,12.805295465611989,49
80.05401106410442,13.202852532958097,27
79.87732947046655,12.841935541912285,50
80.02929872925331,13.264416742942869,30
79.89917144582873,12.85949579861338,60
80.22354087896473,13.057584764257523,17
80.01982605549499,13.055079894468909,28
79.87937846671836,12.932732496260922,75
80.1445997861151,12.883431556058518,13
79.93915714797446,12.899197520014821,42
79.8332335308695,12.948499755147969,74
80.08136948136107,13.033836108251439,23
80.24940524947962,13.25437755455605,6
80.09022936263771,12.996027492766293,21
80.12639786882423,12.94506676694963,89
80.04496455945466,12.85023767124666,39
79.87090688197497,13.283803269313019,57
79.90995322736511,12.998159917800944,67
79.94439978828817,13.230139533678507,27
80.24528184700063,12.973215148603508,3
80.04213446944169,13.088887796789184,30
79.94006126192578,13.291873432383419,39
80.02979386841147,12.83574228508874,34
79.96972564595232,13.253755026765853,54
80.18208657669786,12.8634044833144,6
80.20662105854719,13.181294141676736,14
80.13894624202558,12.910272927641563,20
80.31715860597367,13.26677322007941,3
80.176625102117,13.06422799172022,16
80.1580154836319,12.886542263877768,12
79.85390443198997,12.843173954602403,57
80.08116927563667,13.244530876808954,24
80.10766249347905,13.152770933988716,20
80.17756697362229,12.968508689508884,20
80.20196088371372,13.260931384249456,13
80.23504416246796,13.176029927137765,7
79.91793884676034,12.948395108987654,54
80.0153084129347,12.813754338464214,44
79.83455922034707,12.988122843654727,66
79.84707798697981,12.856330629682947,56
79.99323674159066,13.037135334560979,38
80.10636561779569,13.067337279357474,17
80.11313777861005,13.085348841992587,24
80.2819872870713,13.216061247952682,4
80.22637524281211,13.113606484403716,12
79.99077375966668,12.816626277880944,59
80.1774314728301,13.013823766752273,10
79.95209179283087,12.990659195330922,48
79.86981365691588,12.892671502983811,63
80.23155289105812,12.889233345735871,10
80.07685220431864,12.834717140756299,30
80.08850646840716,12.836789723789094,38
80.24100332199194,12.958517438862032,8
79.84014265122862,12.88649303085752,58
79.91212197624084,13.266160952886702,61
80.08455017587008,13.227341131391555,20
80.2462244163335,12.832932707251437,8
79.88932117234903,12.934380628277705,63
80.12808968785616,13.263724801556554,19
79.9315972217854,13.158555715621276,38
80.24432116659467,12.898337283521894,0
80.14309224721866,13.022913766775021,17
80.20956764016175,13.203286798601727,7
80.16385937262177,13.234244053396225,18
79.95510667362649,13.084433690218397,37
79.8417951725422,13.133380815012792,45
80.1081767341338,13.227637948716978,22
80.23242579938722,13.211012811491782,7
80.28287976779666,13.20239324290279,2
80.00173347121316,13.040893076182861,34
80.13143887473613,12.92929367669171,32
80.01818228888476,13.035363987889014,44
80.00538336316157,13.206755468622285,28
79.91609002816071,13.028916294716858,73
79.80545534720115,13.036700684071402,65
80.11566368353853,12.922752020026909,30
79.82001647239439,13.002734045024827,64
80.15298188263029,13.006494607921299,14
79.93172848312753,13.183901855172124,36
79.91432947439048,12.955024308202562,56
80.06047390052113,13.081883591580212,28
80.12040241565543,12.914396408547232,33
79.89799865823129,13.127731097160872,43
79.97750408919637,13.076926813719545,44
80.21860019702672,12.945746139771902,0
80.12241449431357,12.92079633385342,41
79.92041149339934,13.286679187654501,44
80.01471991413773,12.938595568702782,23
80.0894523154125,12.98190670506877,16
80.09058170638367,12.955109087068854,15
79.91395805440975,13.052340379274145,54
80.14121060981716,12.832894554997859,30
79.99888620012122,12.841413241335362,33
80.17961635082051,12.932330758123216,18
80.31056389170273,13.261353001285427,2
80.06279460894531,13.025966776799565,23
80.21938123865843,12.86856459682735,3
80.28062259803903,13.048537469076507,11
80.09021272298703,12.891234948584271,135
79.94400428476517,12.83487689798448,55
80.09997487079457,13.211637393772879,38
80.06142709575239,13.16783520360307,25
80.07589970810915,13.029644350518339,21
80.0730018510293,13.04843632928403,23
79.83139582968964,13.139000296416796,46
79.99170930272678,12.827523189795333,48
79.86986010153478,13.226958221745608,36
79.9234401296626,13.058161509372148,54
80.01145685534392,12.903329696801284,30
79.93518446760244,13.076381872193164,39
79.96650020251126,13.007866566169923,47
79.95240739579629,12.930668345010957,36
79.99026260226447,13.114258924771088,37
80.27498303465025,13.050467946918387,8
79.89594115364301,12.916241435910623,71
79.93929070818304,12.812602323988934,56
80.1289087519215,12.890507364908967,17
79.91020059229675,13.230351055228072,43
79.85745925040479,13.148864760479134,43
80.07724961884927,13.244671434382036,23
80.07806294199753,12.973987541621142,19
80.3053591071084,13.2917862812091,6
79.91788535418537,13.09408696977429,51
79.80576250395355,13.08305777813954,58
80.04738145784937,13.117115762538536,26
80.23926175832227,12.836057917134697,10
79.80040377965655,13.12745351698672,46
80.05927882516374,13.031773498209954,34
80.09426710339032,13.05064465862773,27
80.27580809458101,13.185215927524048,1
79.99957243722503,13.045756447237467,37
80.24420250416178,13.159734723755824,6
80.111763107296,12.881225378150233,29
80.03989570730212,12.918166486484298,23
80.05998989522587,12.83160217114705,84
79.8567384617759,13.058137926846571,54
80.28645819262027,13.233582135583124,4
80.08712951835541,13.229987656018805,22
79.92286551527229,13.162402304217391,40
79.92593684638278,13.226465452896145,27
79.82375651583801,13.039262356473552,59
80.30216568836488,13.233431721748948,3
80.08570467745457,13.204342593746707,19
80.07477565519694,12.84218652572619,29
80.2651004087612,13.199569850885148,4
79.92428948990222,12.822538285904695,46
80.11935281604802,13.052400630673764,16
79.89502386045113,13.227716062835459,36
80.00036952523591,13.098925880888203,35
80.08788464181012,12.888036857457958,96
79.82084823662089,13.161778910454789,44
80.04980630378743,12.86306986061178,26
79.88394149889021,13.097474877785595,51
79.94976721717485,13.14979358676233,36
80.12942632325843,13.063354523630812,17
80.17256864474795,13.116220687853966,15
80.01713454712322,12.918889568075821,32
79.81626322757485,12.821185485753738,59
80.07180267422684,13.061774501789161,23
80.30018283446816,13.133609763226874,3
79.91983611290867,12.832033262057744,55
79.83496070519872,13.190074842766995,40
79.8291498166143,13.127407353211314,49
79.80523162913381,13.2679577192751,130
80.16229927158126,13.192528755759405,24
80.1913258915072,13.10919341288809,15
80.11909940167126,12.84984042859816,33
80.13952875289519,13.010585440588823,16
79.86221354528251,13.03376349141764,60
80.25948542135488,13.222064254063303,4
80.05380047980692,12.96104760547014,26
79.81749392582763,12.870022830508784,61
79.80865536459558,13.171602905732406,44
80.10866883033133,13.018665109265058,17
80.1870899537455,13.018387196273508,9
80.02691649088209,13.222072407879313,26
80.01112464510338,13.064225378777655,28
80.22005639868766,12.928011499147836,-2
80.1104417656236,13.139061657522742,31
80.2751550301827,13.037637204113077,10
80.22238348625581,13.049747155030136,15
80.03195390387427,13.242912978738747,27
79.87987907214365,12.906226946860325,72
80.28952974652987,13.115756620763566,12
80.25577945068942,13.042096869327436,12
80.09494282372198,13.18403372056427,34
79.93877798906352,13.082645618227936,40
79.9425057465799,12.899517023971633,40
79.90587056800237,12.841372210252322,56
80.03106839624776,12.993605163242039,33
79.9053040270567,13.158077652839923,43
80.05615337656745,13.262353121833591,21
80.23786679451464,13.030880599163229,15
80.19644024519772,13.114146216196051,11
80.21858281909384,12.931535134992867,0
80.22610342564367,13.027563356897602,7
80.06356575369442,13.003607589471525,19
80.04583005041506,12.849117125472212,35
80.15663968165434,12.989691108138862,10
80.11894258048595,12.906816014839768,34
79.83697914791472,13.15351688490168,43
79.92230949462645,12.839652688772016,59
79.99258273664753,12.889902670263535,42
80.0425182119048,13.158792150784015,32
80.02343868786191,13.162183227054198,29
80.07322607377648,13.299963908378635,24
80.15537984592757,12.8108825512748,17
79.84567865844078,13.186533263027183,46
80.27571615132264,13.073642587180894,3
79.94903050327808,13.274477600038606,48
80.26296338200324,13.282598369687532,7
79.85587750777938,12.912240530322324,80
79.82848415389958,12.924676552890892,64
80.20518645937948,12.943277465528086,2
80.28497584790568,13.114680835632347,10
80.11770927106801,12.94715380281524,23
80.23076651102636,12.918840844903047,8
79.85392006180564,13.212414090893546,52
80.08117790416406,12.82307180885361,35
80.09852484569753,13.033085031671568,23
79.81622692841478,12.988329075041753,64
80.30229430635538,13.187989826940559,1
80.08115698170438,12.968542660186873,19
80.19690809777275,13.088490742181238,14
80.02612827668327,13.27149814269369,32
80.00344576673926,13.181290861727243,29
80.24425774333506,13.203508396857499,6
79.91798082380764,13.147339152407406,38
79.8028491463168,13.150431271338318,50
80.04150650095866,13.111742581728343,28
80.12595190030767,13.060727118301696,18
80.07771221020901,13.075448419825044,23
79.87289615326756,13.177570531105532,38
80.11284382031215,12.97332702267527,14
80.10801605873552,13.015435203294185,16
79.97868699101562,13.223769641487582,30
79.95225459076393,13.25051875798181,39
79.81863631818779,13.08611079921893,55
80.15528516117043,12.896126878698109,15
80.0165021333072,13.218489338936122,26
80.22409917721964,12.819830014192906,1
80.19815421174474,12.942146562833742,3
79.92843332926543,13.047443917535114,57
79.97937451920001,12.854942783300944,43
80.08102404231421,13.107414854816001,31
80.1091960259223,13.06960103031834,19
80.00040933948819,12.843094759880033,33
79.8304068218481,13.233940149452327,82
80.23014888973405,13.002556638611496,20
79.97033053801238,12.986913475301195,45
80.21828513407256,13.195988672354028,9
80.1557793321449,12.845080509840804,15
80.21153291151323,13.001633396443369,12
79.8353488386357,12.990247691914558,66
79.9949864543412,13.195967477608221,26
80.06340660725384,12.901385090579396,22
80.08797983465173,13.056362019367194,23
79.89612696663126,13.142639819032519,44
79.95047832205192,12.835655310839405,56
80.26292110672463,13.201419025419364,3
80.11024457787813,13.157988676862033,21
80.14749868893963,13.150803700954041,12
80.01867802213275,12.891875182606174,36
79.85407768821733,12.883097036924008,56
79.88310445975299,13.220673013925701,40
80.15362348173913,13.241637645555908,17
80.22979141259228,12.9366788838536,-2
80.14113496611773,12.868118699983293,16
80.20152760657894,12.9132862557815,7
79.82329035587858,12.859923464349745,63
79.93535339658658,13.136362724781069,39
80.03266033632256,12.826866802804764,43
80.26104251941413,13.199781531859227,5
80.0293095505878,13.225119652252683,25
79.84624333629719,12.907876938616111,69
80.00716891521303,12.934807745785305,24
80.15585331901147,12.982856522198764,13
80.01615237637084,13.191887618645557,26
79.9297449631269,13.041763918526856,54
79.82876897204312,13.118122788107476,50
79.89602076195949,12.845576711963018,68
80.18860645151057,13.1479833552094,17
80.20117188572334,13.167720853946753,13
79.87370895883875,12.961396712122083,68
80.28093982564138,13.1557659180301,7
80.2133446573939,12.972715655926697,2
80.24794322955194,13.228122028237783,7
80.0529260368232,12.906664520719906,16
80.10400694536985,13.051875248962977,26
80.02185816692388,12.810569546594255,45
79.95693440719984,13.168854623748947,37
80.17916142689955,13.190590445982545,16
80.0043449845017,13.052482036714279,30
79.90632820499413,13.281610879331671,50
80.2109601409083,13.15973351936802,11
80.08922160468222,13.148065654661586,28
79.9391773940603,13.160247764896848,38
79.9654252964808,12.810641876446134,40
80.04477875703313,12.813374461221207,41
80.21512577033448,12.845372681038114,2
79.91158383186496,13.264637978614434,57
80.22306166087756,12.97666872007109,7
79.97895468855852,12.924255909217067,34
79.84167932873108,13.082455663856942,51
80.18535073302411,13.285979687221786,16
80.21305134230737,12.847748939710899,7
79.92499260682969,12.954810157091316,53
80.01015211925018,12.942633566216397,26
79.89081368474507,13.193764248397358,35
79.83757584301998,13.064941823965395,55
79.9255905727081,13.077829086911194,44
79.9064475106423,13.083634039506594,48
80.25501375232876,13.095293159931394,9
80.04234536043906,13.225618915021778,22
80.15615110436367,12.961757577585825,23
80.04886665480416,12.942062641682496,25
79.89094943124314,12.91506768382169,71
80.19743137936042,13.010747910655793,23
80.28289114689676,13.218201249547427,1
80.03386917528954,12.827764215547178,41
80.12951572978498,12.846646694346838,25
79.907670380568,13.219224336191065,35
80.25167917785181,12.882046671511622,3
79.97965406302315,13.140065566591344,33
80.05143356425322,12.913452948992349,16
79.99886401835468,13.127415294500826,36
80.19296066539714,12.918394248325102,19
80.05145903878686,13.131982749353773,33
80.09633264660883,13.046214806785077,25
80.21492116147962,13.184258663233738,7
79.90192754510512,12.996374555494913,62
79.88391710301892,12.996167997621296,79
79.92998780838909,12.83522721169943,62
79.89666780030653,13.123742605632163,47
79.98642906538691,13.043629313200341,42
79.99938841617029,13.044099723250094,35
79.93528425303397,12.877298440531595,46
80.28554543707611,13.111089310440406,10
79.82675271712417,13.045012647058845,59
80.0342851761309,13.093575872293943,26
80.01338078050796,12.941266107379365,25
80.04635427198471,13.257031266998576,27
80.28701886530024,13.098126858249666,10
79.80130685705136,12.903347244890888,67
80.13445760796264,13.233509072593701,27
80.20427075646994,13.068919384525973,7
79.93544829748795,12.843272018454215,65
79.88954106627476,12.855129286062223,53
79.81892473278471,12.837681703190446,65
79.8635582418194,13.051945536560014,58
79.82443647633552,13.000880270990123,63
79.95857094272705,12.979427922508302,44
80.11496790992581,13.26928087216625,28
80.18444742169198,13.284221088236915,12
80.08045481311564,12.933960233258125,16
80.18341579157874,13.268975918467008,14
80.30687962949926,13.189916589207924,7
80.14774986276383,12.96394307612799,23
79.99368090227878,13.108254331615658,41
80.15153307102044,13.0974836995547,15
79.9118946141838,13.23004160540042,40
80.17102817096713,13.091408009603699,14
80.32490205544512,13.252427731232396,5
79.83104048642639,13.217177852604543,74
80.14567803048253,12.959411362264838,25
80.08122329479642,13.180627520930644,23
79.8565878638941,13.232340970395958,46
80.09166592914467,12.81758693790011,38
80.18254714000054,12.959568223277296,9
80.07727118428362,13.010106636613218,19
79.90066948818077,13.101792078212192,45
80.1536283218956,12.932318672243456,15
80.21642887664358,13.070892315944945,12
80.03273877622934,13.247285629631977,26
80.11564558188017,12.964959815713634,27
80.06862266084423,13.175988753246058,26
80.1777374079725,12.93542974230344,13
79.94635289121943,12.89620703312686,39
79.99107795991367,13.229605210069577,28
80.10274382102943,13.084858517198633,23
80.23547722818809,13.164064710717952,14
80.02203724342729,12.820493786273122,41
79.85483150629429,12.874668346388585,56
79.9335859456855,12.848637077834251,69
80.22693249731283,12.935981428623142,-1
79.92235425519918,12.91686815242092,58
79.82088071193105,13.24282372975898,80
80.1893901485155,13.26103834917154,12
80.09504883002468,13.091554120549091,21
80.01001131787561,12.872655219349884,33
80.00728224174632,12.87019480703136,36
80.06147155574331,12.846705795934707,40
79.93857971020275,12.820295752952411,52
80.1610867127011,12.963795775323495,26
80.30761482125173,13.238064854033828,5
79.91550497595274,12.95623878773155,56
80.20399490598699,12.954184966714118,1
80.14163627153555,13.014946301420446,15
80.10347854371926,13.223394029732686,20
79.97700811643723,12.857714491919065,43
79.84810711185618,13.255680751103245,59
80.26615216967245,13.286870202478658,6
79.84846530630728,12.890441031176634,62
80.1458703075106,13.159603559100216,20
79.95723859529484,12.953593730681773,35
80.25883202797779,13.246928450668737,7
80.20629971356472,13.147108117512731,6
80.25188372249984,13.017082040182588,4
80.13258728123382,13.123902371417339,27
79.96087803202148,13.166374550719938,33
79.8082507870092,13.076235701278556,57
80.11668697824996,13.193706999389759,42
79.91914820953026,13.247423447840722,44
80.21661485502104,13.278804055566727,9
80.05651754491892,12.921992546541754,15
79.9833639178591,13.042591862063585,45
79.8023809033016,13.037412473393285,63
80.15665704625975,13.086729388835879,15
80.145220804946,12.812121563877145,22
80.069605736654,12.873915377089581,24
80.14166578347415,12.937794886875137,25
79.86130312696245,13.189310099624882,38
80.07502944073394,12.874996728597148,28
80.09773383917211,13.276389264117308,18
79.91131078801574,13.117787205342259,46
80.00939471759926,13.074935474344553,29
80.25305920149741,12.93417644934052,10
80.19703305412423,12.909168553362797,10
80.1587468793302,12.824862368440234,21
80.04511543744934,13.260267240286328,24
79.89420938137636,13.112510223270272,51
79.83595372913157,13.279743326645212,91
80.08704116619705,12.892457663417826,41
80.00830913126013,13.16794060662688,31
80.0659657551567,12.847620398748532,31
80.22482939224146,13.044854098660517,16
80.23085138806697,12.934378024083404,3
80.12109497685263,13.141953408196416,23
79.82754534098125,13.009928770202556,60
80.08439159230025,13.035744249664392,21
80.15123076724451,13.090543564878466,15
79.81916823939214,12.827012063307345,68
79.89991670948632,13.29025649552666,44
80.13761739344203,12.94144433978161,29
80.21132115061452,13.283264512878793,12
80.03121341961362,12.879985559918975,27
79.80215959091642,13.152215270476594,50
80.17140424272834,12.806966723376519,15
80.22514843778328,12.932812717689753,0
79.82030173083521,12.89941778409299,61
79.97909537072556,13.042422764500266,49
80.16948670272302,13.017632153121568,14
79.93103311485436,12.983272534314057,51
79.92204715398813,12.873675804785677,59
79.9784481136997,13.194774414271777,33
79.87692859845919,12.963846763186284,65
79.8149692553253,13.139497887711379,46
80.10607929221266,12.91746438385108,27
79.81401418469342,12.984705122869965,63
79.81165736016128,12.847569201237384,64
80.23282473708392,12.99441810720797,15
80.09410460151928,13.065394289653373,26
80.07560493513014,13.014457121830825,19
80.17471046966638,13.146979483064495,9
79.989417425997,12.873391110336394,45
80.06596922118851,13.015584265899216,19
79.92462577183353,13.022664733842019,60
80.10183167231446,13.23117938660101,14
79.97153736515813,12.905003139195388,33
80.21402711389074,13.0221747140278,11
80.08966228718339,13.18178994393158,31
79.90060705625247,12.867344631656596,57
79.94483297116427,13.288707057729216,37
80.13202551460954,13.005230325837754,12
80.12295593548114,12.900546003804621,23
80.20798743785674,13.178928093734942,6
80.03753169504841,13.122961109768678,29
80.07246670640146,12.838123273136654,33
80.09538982761835,12.973561884978496,17
80.24331843761793,13.12087348669573,11
80.05328189201259,13.11189805357046,29
79.9269976614465,13.025751561549216,58
80.15690265300013,13.209105026611494,21
80.01588715931851,12.865554367264691,28
80.07232454882752,13.163578622691658,25
79.92792885718535,13.280152981462217,50
80.27234032007236,13.02197628594535,4
80.04102212740698,13.257173312741461,25
79.8805165479345,13.191699214120888,36
80.05546888002944,12.939099244485543,23
79.88120798601165,12.980419820935937,65
80.02871890644987,12.889479100277576,35
80.020518871361,12.955487489236717,25
80.14291199813238,12.892933113890217,20
80.22399916121334,12.939595922242962,-2
80.16433077619367,13.048463368035092,17
80.20338796375617,12.964023904430976,5
79.88870047094841,12.95137608259075,63
80.20536781110088,12.900621323585135,2
79.86750887223438,12.949255750548232,84
80.17257101709012,13.268784950834101,16
80.08548215356717,12.859890756380343,36
79.8042473925625,12.835789006020786,70
80.07051239309764,13.23547472383516,20
80.19270746483727,12.870002873425227,6
80.09107228812886,13.040071593806259,20
80.11624826568266,13.265397516875744,21
80.19510357902351,13.169194544010482,14
80.08109344615926,13.12174714327934,30
80.08770576744311,12.967144885579264,17
79.8676620307829,13.276941573557568,59
79.99427364435228,13.152243753029229,38
80.09792077513852,12.838734178220246,41
80.00175209605132,13.290071512607392,32
79.87477369885173,12.800142539537363,50
80.30163841722157,13.114348889982578,5
80.01563230657162,13.142286000239803,30
80.12073410078789,13.204219555778298,24
79.97617135935221,13.144207784761004,33
79.89705593729916,12.862418476941142,53
80.08863922919151,12.930996903371659,15
80.05367759001686,13.18327170417081,28
80.01124252151239,13.05830490790631,27
80.0634198966093,13.298575185195626,22
80.18476908184829,12.807951244745553,23
79.8557037348072,12.94830045334342,88
80.08324425018245,13.269224778541634,19
79.96494884339472,13.033791641473496,45
80.08053360914961,12.839745298979743,32
80.11077858805034,13.201340819524857,29
80.20155467683874,12.923291974679035,12
79.86627111476264,12.822150183816344,50
80.02293998189623,12.835255915253823,37
80.07061636145102,12.818852214882181,38
80.0488594722641,12.827085804269226,35
80.16769089039565,13.190924931165503,15
79.82377873728318,13.06587690419309,56
80.10994530972859,12.802946099234163,60
80.13637739792468,12.97691507937184,21
79.82043418411054,13.123694424396726,48
80.22133990639001,13.241095305285722,10
79.98991364633795,13.174152769699557,29
80.02744789662366,13.158821922476179,29
80.21434598446984,12.953428654627835,1
79.96313301355809,13.181158510874802,34
80.22642774690115,12.87565465693796,3
79.98624876387956,13.02862194903985,33
80.2911872490322,13.2256951548933,5
79.9359926190039,13.146464643203164,42
80.06986306241716,13.213551715974818,22
79.83223436094765,13.127603750675018,48
79.89245438692143,12.893085717204016,71
80.32013590321081,13.238282720712867,6
79.85321006719273,13.282290699670627,68
80.21059408829083,13.20468836676935,8
79.86065517719683,13.216168476627594,62
80.25238535119293,13.29799423242101,8
80.05103344753454,13.036238747878107,28
80.02109873893524,13.094971102603965,36
79.90815382751798,13.129053632665743,46
79.85085507807261,12.91175650426247,74
80.05908718450702,12.861025559745595,26
79.83276766868373,13.209923830682316,48
80.08071763112946,12.862860532464941,34
80.15521952566745,13.007185783521239,11
79.9634086130387,13.245108215544027,46
79.97231983098189,12.838591306193306,48
79.86056002555979,13.147304896509107,45
80.17123559264135,12.927117992982694,27
80.03187745465236,13.166172760551515,29
80.04918779883279,13.289316788867769,24
79.85149757067579,12.914950557079083,77
79.80018190006056,13.140153448701957,44
80.06122453321785,13.232399609155799,24
79.92004812528607,13.123993968978684,49
79.96763007752524,13.1184662136963,37
79.94637484304887,13.06982953792406,46
79.8729329930679,12.99303091232419,78
79.91936758559865,13.204307448943386,35
80.08123198356543,12.968272483127748,19
79.80649678664463,12.84377162798601,66
80.09128186154742,12.936957216926588,16
79.96998118810659,13.196415500062722,32
79.80418296221467,12.802274770739674,60
79.80698344927016,13.08885977227244,56
79.97313912435918,12.99513877440985,41
79.80072042743937,13.218398113964637,56
79.87123156829985,13.13533138852194,45
80.27173136547943,13.274068161494625,7
79.91793665373646,13.251160688337,45
80.14840901607887,12.840894831367988,22
79.83123983952984,13.240077809286785,76
79.82466814682186,12.933398860366177,66
80.17970514111745,12.962630818612865,14
80.00503051164301,13.258293463005666,36
80.20607519902654,13.16294198460723,12
79.89562758345502,13.077173638411738,53
80.20134391066975,12.887046082522929,5
80.1876180217206,12.871055152783631,6
80.15305966304848,12.929159535427383,21
80.08767870567306,13.033427272907918,21
80.07034357342707,13.216074411966686,21
79.93552995371896,12.930113587791253,44
80.27629654027126,13.168612534390455,1
79.93952469974641,12.974654219335632,42
80.24272660436696,13.091522215886743,13
80.1125164191979,13.171490066097087,22
80.21678139749393,13.108977132577524,11
80.0236499639927,13.282028694098848,23
80.2235241798638,13.240978382568624,7
80.06489635287502,13.288138656933539,23
79.98350514500247,12.824058130840939,51
80.08195947996249,13.098642686769837,24
80.1126322896259,12.959857596021955,14
80.08267958142912,12.927664238799093,15
80.2257026745086,12.977814957044028,8
80.19102780461132,12.85892727073732,13
80.03349316958209,12.84009943172936,37
80.33050625194122,13.238471802072086,6
80.23223108301633,13.255571797124736,6
80.24959933443655,13.045451164063822,15
80.07339380790827,13.00234557290068,19
80.31081326275492,13.199514077833799,4
79.9424237567681,13.13097231921445,43
79.86713756168685,12.829899541063497,50
79.99654831527889,13.233609965734628,24
80.06218201014863,12.901283376565766,19
79.8499730103157,13.211944389654095,64
79.95574079730928,12.85767051585865,60
80.22991262700792,12.954594240445319,4
80.23298769092263,13.066697318338163,9
79.95674352108715,13.144875521826815,37
80.20821929436272,12.86358563135722,3
80.1761432635994,13.186405255196672,9
80.20991528960431,12.814776297922752,3
80.11266915724026,13.170935721145145,22
80.05726027629079,12.907041806717553,16
79.88376060519613,13.221500175983403,38
80.05535342533867,13.09037196707505,27
79.9661875079335,12.985132476555291,43
80.07863612581728,12.95566861841201,28
79.93605708647796,12.816091333915331,50
79.93128008331246,13.211083770331985,36
80.16936351042705,12.924575554303399,18
80.09052214362866,12.828066569690801,36
80.15225743659559,12.809329650957952,19
80.21792911008845,13.010570701940738,13
80.21218343952651,13.278653590221106,3
80.06497529454282,13.236712489788454,18
80.02389642757352,13.245173415056309,26
80.21623265071412,12.880513736170464,1
80.03180868015059,12.962458637653592,32
80.23914833273173,12.830179845014625,10
80.06873163279768,13.145520878891048,40
79.87282251281977,13.102578019609668,46
79.86666069140058,13.108331618580706,49
80.07606690878991,13.01306536872613,19
80.22630654667354,12.876842898345672,4
79.98316727983999,13.178663190680385,28
80.06250595379429,13.295014004910758,24
80.16522808955881,12.88028263183563,10
80.07631532182087,13.204951295729524,20
80.15964061758167,13.265169018129772,13
80.24488285795219,13.131188678734276,9
79.9398285837392,13.069604621415616,41
80.24806060648677,13.151326387454628,15
79.88346719881393,13.225841078365383,37
79.96477227272923,13.23432927293242,32
80.05081902353274,12.885206238756496,26
80.05568843769613,13.247533956136774,24
80.19068694147504,13.203959637348722,10
80.131184257206,12.838958354417182,27
79.85605473909757,12.896596383058828,65
80.16100430333513,13.199191094736914,27
80.0062454899196,13.141979331297916,33
80.14149872816883,13.137607296987804,16
80.03064648318025,13.130241862777059,36
80.22010134115476,13.216995643418096,13
80.13131869172608,13.145709781490847,21
80.24688470641499,13.219799404803345,11
80.02225379780646,12.878340992027997,29
80.16400716825358,13.245652724844817,19
79.84872081319138,12.993041925586203,75
79.90049395770882,13.103359585720707,50
79.99752604447528,12.892286177884033,42
80.00032588419376,13.136066103157217,35
80.20283484530425,12.851018627682986,8
80.33208014461368,13.267551798362986,7
80.08190344941808,13.200398556139657,24
79.93967681415567,13.14272528737697,37
80.09473279818401,12.84528186822637,41
80.20028462749393,12.867936741179252,4
80.1863822439777,13.291469486454837,15
80.23254437424683,13.13030007993521,7
80.14877121124995,12.896682587990796,15
79.96544840843406,12.951371965184398,36
80.13753428867082,12.869394668722443,17
79.812778708079,13.260256853511844,88
80.12654341432672,12.830260851513767,32
80.20541475039494,12.833836573358907,9
80.14981295401991,13.01976707232804,13
80.08779246808618,12.973627267912438,19
79.85595718865119,12.854684150737087,56
80.17552405010555,12.80969400543501,17
79.87474305962373,12.955108809868193,74
80.10029913293643,13.131055961627984,35
79.84243433955893,12.919736368415952,75
80.03500717218294,13.284697466806687,26
80.12153433373597,12.942178494638702,25
80.17445690895977,12.953221856396672,9
80.27616930341702,13.17919237251586,2
80.17091334055246,13.251738369752116,17
79.86523770625584,12.845778543018808,53
80.01900874445431,13.057116563575356,27
79.81453729412836,12.806499228810129,60
80.16293966805812,13.031760370927026,19
80.15085305743963,12.909314163975159,25
80.21180902750466,13.085935147813876,15
80.01374669776858,13.25900186209664,31
80.06191095426284,13.033245204695747,25
79.87808768038822,12.98001732497725,69
80.15471490509492,12.876388077154516,10
79.82224222693742,13.034457790751363,59
80.18560698344685,13.248357246001264,13
79.9335870279387,13.230387537568742,26
79.9295762169881,13.162514742261934,40
80.24417933965135,13.270337859198222,8
79.9169601337893,13.148547702282166,42
79.80385541795303,13.03974234964758,59
80.02217372627743,13.181028977584859,31
79.91802308473781,12.829275994513985,51
79.86163007365008,13.005978828830875,65
80.30006455579347,13.207265187301937,0
79.99162649222698,12.857686650422748,37
79.9989842899709,12.911747709055788,27
80.09230976492287,13.297402880175374,18
80.06611785508802,13.043279792664197,25
79.84636839943956,12.826655546987968,63
79.8901615430651,12.805885495998933,48
80.12782640948544,13.12786578488377,29
80.14938150164903,13.04338825470243,14
79.94390396815564,12.997977437937504,53
80.21773973045171,12.90922932774026,1
79.93410519795678,13.12826316930131,43
79.97929990883777,13.075239180860999,40
79.94899013910695,13.160777142226356,37
80.1084240012202,12.905085398929941,23
79.99242192231786,13.230758402679125,26
80.17513807692349,13.177616647150467,13
80.05507600787493,13.178758228536758,24
79.93033186658086,13.28656739495848,40
80.12831686336665,13.115617763789007,20
79.88751181574965,13.216106675092192,44
80.06659917108371,13.257686263771477,23
80.0801506398493,13.179384642865346,24
80.20842303253059,12.852492053120741,4
79.96000671989799,13.273547462105299,44
79.8754997032851,13.11245342207442,46
80.3027483739434,13.295579143459769,4
80.19206332732054,13.222873484322069,14
79.9365536145437,12.896396352788662,43
79.95677795207993,12.86573128350385,65
80.07618402456617,13.034807367840166,22
79.99188990501106,12.973549321979032,27
80.21850241495494,12.912242863707853,0
80.07853902224242,13.001644781795843,19
79.82535734147636,13.17850978635642,40
79.93291073243827,13.060387167749873,55
79.81279496178303,12.953878981738226,74
79.93707891760566,12.985220422798815,43
80.11670686584729,13.23152723200677,17
79.87357820516257,12.929409248898068,77
80.00143850766275,13.091807162234785,34
79.9772001994619,12.980080376563222,39
80.09663448934388,12.813779779972213,45
79.92776531969265,13.083129409651947,43
79.91914644458429,13.288689904332777,43
80.24504042334995,13.253136277748531,7
80.05122125143714,13.196370859623247,26
80.17295006185414,12.968398150665642,18
79.87259627344618,12.84938991291148,49
80.16502021210981,12.9440610163483,13
79.87418826730311,13.291238215589129,59
79.95282966525023,13.109492963476315,41
80.0079910471206,12.850672611426747,31
80.16751964981826,12.859122661319912,10
80.26188678145655,13.104087482459356,6
79.93404903684562,12.999710847264968,61
80.1085157281824,13.028731679476117,23
79.8884565215415,13.271155269201515,59
79.86330217653044,12.877052130829219,64
79.82210339386812,13.184877251258955,40
80.28806800831167,13.09482762873151,13
80.04035696872522,12.824066782315937,40
79.80748652855198,13.210484558944497,47
79.892281812792,12.956173136860615,66
80.23279396920806,13.187450213587367,6
80.23203244463737,12.959689867903355,2
79.97742896944354,13.216363542776351,30
80.16645049657659,12.9268647015587,20
80.22148335253243,13.019193463777478,11
80.17308264965466,13.190518185382572,9
80.07704557073909,13.121503536702075,28
80.10418735577076,13.097093516512594,21
79.8074478753696,13.122854372027597,50
80.08825204461648,12.856906869599516,34
80.19439935847282,13.023816080697774,10
79.8009922067051,13.243945869875118,111
79.9496960067622,13.131173052671945,41
80.10366112034468,12.934528053397583,25
80.21347019452965,13.050636063630401,14
79.89575991665944,12.825328822991253,45
80.04905109076303,13.220320238255601,21
80.00619321833165,13.087642499463435,35
80.15734035527096,13.140162411737425,19
80.0277608889825,13.278523531451308,27
79.85559398618581,13.188689151261661,38
80.19293715368481,13.045592214824177,16
79.8607491921935,13.112670645092647,47
80.13593040299247,13.08394793560231,20
79.91709548614544,12.835845237963776,53
80.0807251433215,13.240446306563937,25
80.1762441688844,12.890352381682257,10
79.84938964112055,12.851997684296142,56
79.87281588196021,13.046411843836838,55
80.11338017898196,13.1475775227818,21
79.87112507544961,12.806025204770997,54
80.31663476904198,13.206526839853504,7
80.2909273110077,13.154364368600444,2
79.92597201535773,13.264587697370962,49
79.8001749376316,13.208779878211907,56
80.19565474952802,12.84381308967265,14
80.14805229505124,13.150014632338646,11
79.929325809163,13.213828625351036,36
79.91578005881952,13.032846599452546,72
80.17484770320532,12.927936712603382,27
79.93710742783715,12.826311337193742,59
80.2046615255164,13.217046636430004,10
79.96476994289809,13.078003423935778,43
79.88851835959717,13.211025223354252,42
80.06360379787871,13.157700733337586,25
79.87750727993141,13.19818867118337,54
80.19009905489212,12.800186883409253,17
80.00052010409011,12.899722946208344,38
79.8723557953997,12.826075780754561,50
79.93678634183995,13.118221632187991,43
79.83647548518606,13.22455975736328,78
79.99836233221802,13.107547807677332,36
79.87165618828067,13.119597682273623,47
80.01452142644835,13.149759425373942,30
80.17331199232842,12.904841460274712,10
80.01318539417106,13.187382386735328,30
80.0735494721256,13.20506243982718,24
79.85650348771493,13.044157148652914,60
79.8031473311858,12.882491337237855,68
79.81338528171419,13.181783584516067,45
80.11648251367731,13.052045551744127,19
80.21737171636649,13.299359613845203,15
79.90869008955094,13.037733559675553,66
79.89973996139875,13.183830693293055,35
80.20252378271707,13.19919408705701,10
79.84995977541696,12.987146373105002,77
80.00373907460525,13.061132074369345,28
79.98130862089037,13.19033389699562,29
80.06792528115405,13.08193231622786,25
80.05251489219633,12.836508696292123,34
79.92450420541161,13.161328562034969,42
79.8318940675217,13.28246111790622,104
79.84952155893343,13.035337125195456,61
80.00776283388109,12.835069448308813,38
80.12753470523965,13.175355265115858,27
79.8527535976331,13.11591769832509,48
80.24751351016796,13.25269088371462,4
80.0023277483185,13.108990988709353,35
79.98955564355457,13.201840419128382,28
79.95700287893662,13.141190139015267,37
79.88743682170214,13.167653008324361,40
79.80543479069733,13.005289068494346,76
80.2105325085055,13.273165571199566,10
79.84460163143916,13.059270386236816,55
79.94244936416975,12.816640384136269,46
80.20438775083261,12.829291682144394,4
80.03360526800853,13.290923232741424,28
80.22368719157235,13.107973102548964,10
79.97390321234916,12.804219086542759,51
80.08409621166973,13.29303503792232,21
80.0503450656426,13.296648457108647,28
80.01588830720628,13.098385496894105,32
80.1879608296203,13.29154629142054,12
79.9323638536765,13.140720841375105,40
79.8743818498659,13.070774873120133,55
80.00812021160624,12.922359783770963,56
80.0274770378242,12.920396222758733,24
79.88133542071931,13.089119174221747,55
80.16580828483549,13.128361408412035,17
80.0957855001368,13.038988266573941,22
80.29696421741052,13.290543299335106,2
80.01074673093673,13.263893347145482,35
80.04959323721404,12.926065407704085,18
80.0535597537124,13.138780408124301,32
80.21683775317155,12.97730844768822,4
80.24844419566202,13.136787411013472,7
80.31303663922965,13.295807923995762,4
80.14313828130643,12.88035922946381,14
79.9810156554622,13.156754413737003,34
80.1837858347183,13.113250991941191,16
79.93262597098573,13.198857650294114,33
80.23848299994616,12.835795986538225,9
80.22079728568788,13.287684651217903,16
80.30614826900336,13.236124955384787,2
80.21822538418027,12.925088911523058,-1
79.93099789987231,13.210715058751926,36
80.25976436074028,13.026819462969051,11
80.08057449027856,13.272949818684852,19
79.87821263366735,13.194829457870656,40
80.07015063144128,12.864592120529128,27
80.10976952427927,12.94964828212383,25
79.84221784659256,13.242467586300755,58
80.06647840326177,12.976250314756888,20
79.93274719260691,12.981274760690047,47
79.93702987283655,12.953168910925408,53
80.00643583617322,13.095828707361242,37
79.82730569827251,12.801677556198838,54
80.08070235691562,13.25817785811351,24
80.1772979113452,13.1052138171804,13
79.82422656078977,12.960598801519392,71
79.95930309886994,13.014281972062943,50
80.11261317458316,12.927365138297414,35
80.02605060097066,13.278983580375607,25
79.99002414020305,12.809613053498296,59
80.03766967794256,12.851604431077561,32
79.9821947031611,12.953586293514538,31
80.19429181196543,13.164825227982277,13
80.0538821939897,13.008505630620556,19
79.98750605595339,13.117858310218224,37
79.9562759107877,13.040880167481294,44
80.10852243071766,13.039931301509736,20
79.8429501330477,12.817642560783002,62
79.83988292282889,13.163389999998381,41
80.02361089411693,12.91209138931218,34
80.25139883738815,13.265835058327392,7
80.02508847664767,12.808823566190668,45
79.85208912323324,12.940147736198796,82
80.06091875773832,13.025128339842894,25
80.27290520193513,13.09039174980859,3
79.99967955607565,13.168587492483555,33
79.84817031422703,12.8333069967454,57
79.93165673585996,12.92498079946942,45
79.8500813947009,12.914455249431988,74
80.25163963369904,12.95396178407011,1
80.20822346795913,12.998145758784663,8
80.17652524511543,12.97246319149362,22
80.13672916771662,12.881888320067588,15
80.17689610905184,13.005521858857097,10
80.12941087478094,12.917612233992264,32
80.09228690839235,13.084155906295326,25
80.24171861684925,12.987549195264847,9
80.06224620377903,13.272140650055256,23
80.11920316741313,13.129633898426986,31
80.03369373241058,13.24700261711866,25
79.96719026764264,13.1153560318436,39
80.24403350579587,13.188012093993272,5
79.83700966358917,13.076001139547238,52
80.22220836382974,13.096872676802771,9
80.05216629264561,12.831337814224582,35
80.27871233458882,13.248384093758178,4
80.29979468806121,13.15389478993463,8
80.01498675807798,13.215175087073177,26
80.04430346943978,12.807446103465553,45
80.065893556312,12.803835168138706,43
79.80664917676373,13.127082418276382,46
80.05120907554,13.180426335217268,27
79.91936180987135,12.963724314609044,48
80.07392924909757,12.9622718180994,23
80.19451079275039,13.10601460086367,12
79.80169747373982,12.998427689990868,65
79.82720015345406,13.218162874321875,63
80.08600325301502,13.225334551421401,21
80.01989748663493,12.810029619266523,48
80.103565160328,13.199355736536456,30
79.95989629461613,12.987942396982143,40
80.1186118763579,13.239718543498459,24
80.06251471740798,13.200884862975126,27
79.99163801853126,12.986049695588129,36
80.19917515361618,12.948025673299336,4
79.82992080667513,12.93092151198711,72
80.01671210408392,13.198441125612439,25
79.90044541636202,13.237012722713215,43
80.07494052260745,13.060790218057505,23
80.13862014503093,13.084587127611055,16
79.92216134155659,12.804603666884537,45
79.96404747839469,13.29581752058477,36
80.09083385694697,13.022078598085567,20
80.02650097556635,12.854434836317475,27
80.24785473666155,13.211567513718014,5
80.02842288799766,12.925782394069913,23
79.9056053394013,13.076111923723452,51
79.87913537377476,13.184829140731992,36
80.0370085006532,12.869727771984643,26
79.97444264097878,13.226593458796588,30
79.9342774091566,13.084421667127144,44
80.22157526562788,13.145527186931512,9
80.18321969428486,13.205790797998425,12
80.09199498341862,13.24158751047526,19
79.92820633068581,13.287982270669774,40
80.03656430065641,12.876987819465013,27
80.21425248027903,13.10796542852946,11
80.22767858211192,13.078103725502014,12
79.94698888080718,13.282433191043138,37
79.85374214647727,12.870603642433197,56
79.8615118796937,13.19025366290246,38
80.14571706390626,12.965825720941552,25
80.08937836639464,13.010530590785477,25
79.99535463518886,13.126016597386933,34
80.09113063462094,13.02940297998981,21
80.09968418640089,13.098680701384831,26
79.88841740868577,12.996188111555139,80
79.9790670962904,13.223719051698438,30
80.22809889098703,13.244150726100134,11
80.22678888584556,13.004447503112656,11
79.82069387385317,13.010349729180794,60
79.845753379245,13.129999291759209,46
80.02652436747883,13.049668313945102,37
80.16217525129092,13.281231418330691,15
80.16442062560931,12.851715496600086,12
79.90760869307132,13.021538104620905,73
80.2605768798683,13.113388324938114,5
80.07067648529879,13.004292084540825,19
79.98994248232607,12.850758861665762,37
80.25639245150238,13.110841887550949,6
79.93238352707803,13.187664715161471,37
79.96347352300897,12.831639382079942,50
80.0788170095702,13.010986677267384,19
80.0219898430042,13.252548998553948,28
80.15782553994168,12.92222255654264,21
79.80712986189434,12.873187320675157,61
79.8886974283196,13.096774934495585,48
80.22102807878957,13.288374471560024,8
80.22842355298333,12.816215254371553,3
80.21182763822435,13.076185232602127,16
79.97919854807495,13.181436312355611,28
80.10924720503847,13.039406874904422,21
80.22006425231898,13.13493301883214,8
80.09227376287686,13.045057274483254,22
80.02720328201868,12.934255593220866,18
80.09423173384388,13.167819576720335,31
80.0591516054919,12.800168070372077,46
80.10056820479532,12.887358166459446,34
79.87220319694674,13.113091669078802,48
79.89732494584887,12.925084632485946,66
80.0721339013838,13.266146198241266,21
80.18680423728627,13.259754684335952,20
80.2180046385508,13.014855951518124,16
80.03763035702106,13.148041529715153,30
79.95372278504094,12.84568759836724,53
80.09111168794398,13.237226560968718,21
80.0935622447715,13.077572156889204,20
79.987244709612,13.108971672816173,35
79.97571038138709,13.056851992549198,35
80.09239368011362,12.894542401507167,54
80.13330447894292,12.939923746878218,31
79.9494437647749,12.976923121604681,38
79.99302074408237,13.202624273474285,27
79.96587624292604,13.022492502817085,45
80.05583871481029,13.130395764687133,33
80.13969310288647,12.86823370679508,16
80.00844555508567,12.808490592390541,52
79.9411536304619,13.03974057457126,51
80.00934721579743,13.295743703327993,30
80.12968385049791,13.024100870011635,18
79.8333695496125,13.174197102001344,40
79.93701061756083,13.274805527812239,42
80.2165507599083,12.960502331246461,2
80.237637096777,13.154400470179061,11
79.96747178328886,12.802289683771015,41
80.18549643709423,13.086315983692701,12
79.8430882917942,13.255020165496394,63
79.90392306048288,13.186820934620966,36
80.26013797326642,13.129905572468594,7
80.02038955686136,13.01216095320066,24
80.18357147582086,12.952076409376392,4
79.8111770848669,13.156772802566232,45
80.09512661311464,12.959986153938877,15
79.91915069936489,12.857312513730946,72
80.22604923296625,12.884101948296907,3
80.17921298595405,13.025115720219624,13
80.26606071508536,13.11439277366966,5
80.01594834437383,13.224138381664794,25
79.8196380404342,12.92423236863197,62
80.16886522532306,13.188819675993049,13
80.24788290413356,13.265532458327288,13
79.9523267812111,12.969446446461085,39
79.93633007198683,13.291485315711569,41
79.83249026838784,12.807956624537269,56
80.18592877313426,13.057088027373222,11
80.02798834704123,12.930688103731354,20
80.19156342084158,13.226696692898365,15
79.8143109461598,13.080431102361366,56
80.04133365871262,13.202010423693503,27
80.23618608133188,12.963393756519409,3
79.95247818039144,12.824176518356897,48
80.29745257213587,13.247478637949934,4
79.9290394378496,13.071045594294171,45
79.88670030833671,13.064711254483484,49
79.92293723520652,13.251570768258283,41
79.91534217238033,13.198421970622343,35
79.89928906928917,12.89937248569278,71
79.8480612762742,12.844037610288742,56
79.8341874180687,13.040588018612459,60
79.96195198004348,12.848333979589299,58
80.0046426187293,13.291447931703797,33
80.14248883937395,13.076765501656432,16
79.83056185547484,13.03695793892979,56
79.99070578229913,12.947410165338704,27
79.93959170831336,12.932302094718487,40
80.07292945030643,12.963965542658027,19
80.07027906682019,12.997619503535478,19
80.02510044827638,13.025203289799652,34
80.07471260842574,12.968402722362312,19
80.01602932337379,13.286112417127201,37
80.30156914322166,13.092260969926865,0
79.84927444378992,13.265277445610868,60
80.25934254578559,13.047067751121086,10
79.93589226894352,13.079063715446678,42
80.06273463177503,12.918238525478616,15
80.15890117624609,13.142308933193288,10
79.96773540160996,13.17796696306002,35
79.90262203627333,13.206691160360156,41
79.96006637040625,13.039848915907724,46
80.0726859289687,13.091720904633917,23
80.1889246076349,12.972653563598143,14
80.07721328260371,13.239185527368598,22
79.83023481365521,13.191092229161509,39
79.93706731458093,13.10694882268453,43
80.00281354804784,13.281170764707392,32
80.22407008110706,13.12513516667681,7
80.04339894328396,12.804007511004379,48
80.17651885542983,13.055591344854863,14
79.82463291795275,13.03803973276675,59
79.97782276432373,13.211328177507966,33
80.19889329145069,13.012473484891727,15
80.04928659807369,13.247427094755738,23
80.21664309663839,12.957768466146431,-1
79.86195402673164,13.214289408488417,62
80.21747336163736,13.093497333957227,11
80.128108009304,12.881072739608493,13
80.13411810773472,13.029447143989549,16
80.00089234798196,12.960546605742955,26
80.0977493040068,12.8526012390872,31
80.23585134263283,13.169271735748008,7
80.02530909647105,13.045456255930956,38
80.23556678927113,13.01087615092296,14
80.14343291239551,12.99919347050607,12
79.9264658571616,13.133610359383475,47
80.23392969395462,13.29020935226871,7
79.93974514611055,13.14186887770903,36
80.10110262949321,12.831352158748398,41
79.89442221455924,13.148331739527029,38
79.91062217830182,12.815566746823112,51
80.13640879517497,12.943247824321297,25
79.90266913853272,13.196591877008531,39
80.10740501529723,13.139318367629565,34
80.11241302562469,13.046909099665571,22
80.32664336754897,13.26959760474513,1
80.00741129427499,13.229213545146603,22
79.87632696926435,13.184543559352,36
80.25628932773279,13.064796741928147,7
80.09636945151658,12.9074427167905,26
79.96158042370168,12.828533263093254,52
80.24009494740339,13.284393132339595,12
80.1938207087005,13.049695403951434,15
80.04399411940831,12.913471739097274,19
80.07873466220822,13.203141478195256,23
80.24807586588737,13.13503837075339,8
80.13403891240232,13.294049141666402,14
80.18961684756727,13.281823621186845,12
79.8307955736827,13.21667317921382,74
80.19491426090268,13.231401454520284,13
80.00131367086973,12.938325319274847,26
79.95554846482852,13.294785997191422,36
79.84415305072751,12.83139743220292,59
80.18716385768622,13.292633487681181,13
79.86084023604893,12.987199890707627,75
80.19172833452895,13.054064352735663,13
80.21720544957057,13.087096245082698,12
80.20093978520282,12.903202023257299,6
80.22434600471504,13.060649038260957,11
80.04973630303786,12.839588144051605,31
80.12884591803679,12.900294940916947,24
80.03409481372411,12.825477857721738,43
80.10141359279032,13.060774522670062,13
80.11338096450845,13.27172827856686,18
79.80901802716616,13.035396965099764,61
80.26880233159741,13.215394609235137,5
79.97437815337597,13.289365254612344,36
80.13263077832517,12.906269915078518,31
79.8287055716176,13.096826087141448,52
80.19163912225771,12.925107194149806,12
79.84209541006094,12.932129459192474,71
80.22161375274221,12.826625926637192,1
79.95024474697055,13.271202043291929,48
80.29683058748762,13.218048929947058,4
80.0483623168617,12.958602805847676,32
80.10769098940928,13.026745126961666,19
79.93975729857684,13.267831593146253,53
80.06089930648555,13.285482655595201,22
79.93353816127939,13.077425916483712,42
79.9516786409527,13.165441244930504,38
80.19577756302998,13.074776925933103,12
79.84802790168827,12.886519899129443,56
80.11192576978307,13.165593098586061,26
79.91915430572504,13.024099130870042,65
80.22793837826337,13.22645759338202,13
80.00620632255061,12.987996319454677,35
80.22802765463248,13.168905177015077,7
79.95225336507505,13.273111098093231,44
80.23863436321007,12.894808139408358,-1
80.28549417385739,13.293826118555517,2
80.17720749212923,13.043725008890439,15
79.92658856026537,13.04453708112956,57
80.24662235306474,12.895615771425922,5
80.05679979895554,12.909228815785927,15
80.15283362788925,13.099766311713077,19
80.11211973513255,12.859604679352962,28
79.87320207961031,13.247005762588444,45
79.95032228553633,12.814595057372566,51
79.85280636999084,13.04860902218959,56
80.17331582029158,12.8920926140358,9
79.80391567343415,12.919555336236227,65
80.1873108356993,13.058911550988093,11
80.05708839539378,12.998550932018992,19
80.08319901872129,13.212913657492582,25
79.95717729680096,13.24626719086975,48
79.9399143762186,12.943704817926525,44
79.80454560976271,12.84297265331493,67
80.00828733550622,12.976084734879919,29
79.86778046317639,13.187864567032245,37
80.16854121076545,13.04589688160366,15
79.99018066851116,13.251848705459095,37
79.98844165911696,13.062503232109492,29
80.16668167417319,13.07076147540584,16
79.8921846538839,13.270844111592604,54
80.06451906286483,12.942228678152613,19
80.01476923969535,12.913716645815205,115
79.8178566553854,12.89104354881075,64
79.90928628889608,12.938840425739382,52
79.99097613817241,13.214867767201358,30
79.96367630067017,13.04022265904096,44
80.02904124340145,13.02517875422225,32
79.97751586498264,13.014504929112022,38
80.14185532533632,12.9671151227232,21
80.19716602906978,13.069658745663727,14
79.86868153975138,12.996548056936987,74
79.8550762029374,12.946036786422093,85
79.95663554172835,12.893176971527161,37
80.04308882513568,12.874640808136885,25
80.10090208906206,13.224334917509895,28
80.01908564354312,13.243499383154903,30
79.91689110702065,13.242105058851884,37
80.08215550174623,12.909511646794433,24
80.20855511662495,13.027487885426591,3
80.01627103107079,12.853541026040052,29
80.11819510482344,13.218295219124512,26
79.90062809799973,13.10917687926414,45
80.1015268408522,12.832920241759636,37
80.22486489192369,13.22447053572877,13
79.8271934920319,12.933249401385881,68
79.9265657141854,12.990739792470695,49
80.12169347024664,13.281245569247972,20
80.1899399509598,13.062333437815408,13
79.8594479558684,13.086773865276252,55
79.95550952605876,12.802928122451304,39
80.19787183824184,13.007077404496695,23
79.94533711083857,13.287419932371277,38
80.18937073641075,13.225134128586342,12
80.04668472873233,13.080560894638522,28
79.95634715037349,12.801546189115864,39
79.88914884323,13.011259592473484,80
80.28015010603369,13.21216354021924,7
79.85454643298426,12.961496325251279,87
79.97263272509804,12.871708138423797,51
80.20014978344442,12.951795832648946,1
79.88078904068013,12.956850404295118,71
80.1898543182155,12.850155281319996,8
80.16069210821081,12.866070398908295,11
80.20324790934555,12.95388938751122,1
80.05353648398786,13.192351903740327,27
80.08470197444998,13.237070870116936,22
80.09605945478458,13.052822252547324,23
80.24775214210567,13.280832539094265,7
80.14599626963195,13.099356794187662,20
80.14108589133896,13.18792234671578,29
79.97015814086424,12.983870425504879,39
79.83129513303642,13.04256432635401,59
79.84280477131429,12.872193644728114,59
80.1262232584956,12.84721555252644,29
80.03543511045962,12.855676934233006,33
79.84856511307754,12.920343318471566,71
80.12737539891721,13.058415152311348,18
80.26328217189267,13.163058957087078,5
80.14520344667905,13.250771785213663,21
80.25870820544533,13.252079899385873,8
79.91996554755278,13.010647131578207,66
79.95719293472217,13.04281585292373,49
80.17734296152594,13.036405226178656,16
80.21407952530208,12.845419891735894,3
79.9052639258046,13.265865929517304,63
80.3023028988933,13.234809752738224,1
80.16445480270035,13.020582349762016,16
80.04603331589243,12.808996380059206,42
79.94235075932923,12.869954657820163,50
80.27350981053337,13.283743073270864,6
80.13397961168275,13.140615618783887,29
80.03692351634682,13.2989853928632,29
80.10818486350595,12.815019890881402,75
79.93643090926065,12.893545698634663,45
80.14537035909481,13.29881664768216,13
80.19287210006725,13.105778502779462,13
79.83512861830977,12.966533783686573,76
80.23332997073102,13.291957645068655,8
79.88868770238619,13.16537541193147,40
80.08041502164258,13.016531187367429,21
80.13349765743064,12.83334564711382,34
80.16179878159748,13.237285691657775,16
79.95406069683652,13.12461287958146,40
80.27663837327678,13.134647220453349,3
80.17461904171486,13.17645708085422,9
80.16062313464684,12.81886738580959,17
80.33979413365621,13.280480161222496,5
79.90210022490105,13.196987213129573,41
80.05384941656723,13.137710607647014,34
79.81542549012383,13.085806593691224,54
80.08632588898197,12.980136825696874,19
80.15069134341279,12.830046590046395,28
80.2729644019495,13.223627227609876,10
80.19670969405225,13.231376441550287,13
80.16005905016517,12.855370132111878,13
79.81034284974204,13.209712055685705,45
79.89895012120017,13.187442429308236,38
79.85807117357218,13.07337949262458,52
79.85931338752012,13.116070146765098,47
80.09674112466877,13.26435366297064,18
79.89813265107367,13.234801056990094,44
79.85964951227758,12.951495508977574,84
80.1330472268833,13.095226417511528,20
80.10655064849152,13.192991493720973,33
80.20780005594837,13.175534298641086,6
80.16020742933809,12.964954035567379,31
80.21838613649528,13.11268453228585,13
80.07236003644906,13.248415607331761,22
80.20546693353178,12.809423196207415,8
79.94237849179912,12.92683778597637,43
80.15457268908074,13.045986516000148,16
79.98626282759868,13.069499147159005,31
80.0790874058656,13.16218327920434,30
80.06362424669578,12.910716383184619,17
80.22896224323172,12.868812374263259,6
79.83070960782165,13.073502538539358,57
79.8204479632455,12.86314882134338,65
79.96880638988969,13.156293812685092,35
80.16455231622088,13.0739106109753,9
79.91365260990293,12.98868955689059,58
80.204267904096,13.214509618445465,11
80.10782708752932,12.887504952213428,25
80.28244220015648,13.176544468133057,6
80.0330361245255,12.96015694696279,35
79.80946402744645,12.984756784185262,64
80.23492753896339,13.284890671294121,6
79.9928920254025,13.265450365402696,43
79.89120710797604,12.822205220635693,51
80.2128016886622,13.036525511977347,14
79.80923037948995,12.854496989673752,69
79.87895075230293,12.903398675071667,70
79.92001239749806,13.159937033610007,38
80.15940482845912,12.868294956997719,14
80.25810114973949,13.010516929647336,8
79.85441853108418,13.263546880303721,55
80.07563403655482,13.141739098312078,41
79.91468250699545,12.93243145047411,59
80.12419466072036,12.942427842735988,94
80.12587216779814,12.896523850574905,28
80.1255715960596,12.928091031182172,34
80.19018548511647,13.125129933858211,9
79.92269208363008,12.966112873761006,46
79.89464488328197,13.25719487422042,55
79.92457453030666,12.842071735602492,58
79.86441896813784,13.184286698566016,35
80.07601114971995,12.931765240633492,15
79.98827953803027,12.975959648277366,31
80.1424272192939,13.220047870516689,16
79.86959778976589,12.87287110029749,56
80.27480504445862,13.069331528942215,13
79.82179790157657,12.840334458600779,62
79.92760128269825,12.951201805112714,46
80.08307552191506,13.258713493986463,22
80.09185721549383,12.86760495623106,40
80.01044760358515,12.944823647470074,27
79.98461083858909,12.887499265166994,43
79.82265641428445,13.28624760520296,170
79.90903186028405,12.97687321909628,56
80.01389775471881,12.946846058241935,26
80.02726853689151,12.947692870606772,17
80.23849050518878,13.091758164774804,15
80.1307634796181,13.193376779457914,38
79.85903552587263,12.877195445472049,59
79.83645920986719,12.840217828987734,58
80.22092365727276,13.298005991594929,12
80.16862457519744,13.298801633723654,13
80.32625036133058,13.249024057355557,9
79.903623198717,12.827203895178899,46
80.30900222720435,13.16664964229899,4
79.89263534983736,13.14363541226032,46
80.17826255986537,13.075597375395969,15
79.80683465175241,13.10016788295613,53
79.82797532991954,12.857343242241585,70
80.06774388081143,12.970228571555234,19
79.86241985892946,12.913552180169134,78
79.99879367685385,13.031250007544468,33
80.08972074003078,12.858043511913875,35
80.16289766590326,12.985465266013257,8
80.12049459693708,12.845300579387422,80
79.82882943890318,13.094613257078626,52
80.20047723443584,13.261742616651485,15
79.96451739868374,12.939032684825502,32
80.25138098429716,12.977478439986504,4
79.90152005820008,13.083155800148479,57
79.95389755118825,12.856185333839266,57
79.89877098231402,13.126897345825439,43
80.23661311617639,13.1623801857366,13
80.08018405063147,13.153754051042846,33
79.89462078240815,13.044737779314543,59
80.22341247681462,13.162150459831183,7
80.08651782504792,13.011830190571883,17
80.208342661473,13.047579388681338,15
80.27601966743438,13.175936079388023,7
80.10985726630419,13.299840590726426,18
80.10751462157135,13.128214832222449,41
79.86399861297424,12.842937588262908,54
80.1309035293458,12.9256872241921,35
80.30368428035067,13.242497235943667,3
80.00526669748726,13.227273549841568,25
80.03435500007018,12.84471301034712,36
80.11145888156948,13.208745191543358,29
80.00184344354919,13.198288515579602,26
79.93616239713943,12.888979816632812,46
79.80287621165172,13.145456639078912,45
79.89131479404182,13.2332394414746,36
79.83700423433066,13.160541767390491,40
79.81688504515252,13.019485550811105,63
80.12642473319946,13.081558210931034,23
79.92314290850268,12.852249552156529,57
80.10716067913452,13.200275404353247,27
80.24711704549601,12.989484677935183,4
80.23757605295015,12.901892798493067,-1
79.85152083643341,13.188016495164653,36
80.09010232883738,13.116192634548915,25
80.24402787989027,13.039650124604634,14
80.26634900545184,13.055732466808225,8
80.03723724424094,12.923227200775743,20
79.94127311815143,13.18135286198479,34
80.02701077111293,13.054390359026002,27
79.82853863823617,13.258623889840152,72
80.2759450488012,13.073254463468102,3
80.33573840161299,13.248484036571627,4
79.91668357796273,13.08320047681839,43
80.04420356658977,13.024432267412664,26
80.26599149130098,13.064197944230102,12
80.18293465531337,13.060027809572066,13
80.25880323499592,12.96493476122013,8
79.89429349667562,12.996200683651667,75
79.84767484933346,13.212288924321552,64
80.05185067824004,12.900122907700716,19
80.04961983738238,13.160591470936296,27
80.27260675837205,13.101148684693351,6
80.1322854892367,13.067661149920369,15
80.20806592448268,12.98375816363617,8
80.18577344713526,13.273349888755076,6
79.95364145122561,12.81199698189506,47
80.22093219381793,13.264112274300924,9
79.92456427698038,12.972284042309719,48
80.1226939928128,12.809938399055927,36
79.99735722787426,12.91227610560764,33
80.08624561378615,12.964160463304843,18
79.91423160857514,13.114860454946628,45
80.02320382264936,12.860125036313423,27
79.94868265244489,13.022810203951133,50
80.0107541676976,13.246974092695577,25
80.24679219220467,12.957201259257632,3
80.25530884300262,12.977751413298318,4
79.9780553746778,13.018848973868403,40
79.99321710343739,12.932090023510687,26
80.15782188625411,12.927118446140327,19
80.00833537598307,12.982628199385436,26
79.95297467081606,13.06770603414804,41
79.91550375906853,13.127089027385116,43
79.93279096148885,12.846406937520355,68
79.91430218022515,13.200533348803189,37
80.24043672711662,12.914040137517718,0
79.83928338697613,12.932523067299057,74
80.1756956962567,12.942198668174468,9
80.26508977021237,13.199859779724244,4
79.92943632294084,13.007700503542937,61
79.90489643836007,13.190998542042324,38
79.80176381631605,13.082615564968982,59
80.22053363953322,12.961513815282064,1
79.99132471052917,13.239750702364775,27
80.05817223435548,13.073505349161294,24
80.10251929893758,12.883512719498075,28
79.90269404387848,13.285081034331272,49
80.05375274110453,13.183195002496985,28
79.84818957897913,12.899742450358525,70
79.80706068527496,12.820996043437342,59
79.91366552314364,13.0490247572195,63
80.11671675261034,13.278117815711507,17
80.08030002114403,13.057552093773344,20
79.98677800093272,12.962794550954069,29
79.83151087614709,13.163196499114937,41
79.98480830556821,12.953061220222072,31
79.95568233003921,12.900840466732577,35
79.98888213399957,12.967027203845177,29
79.98708623315676,13.28400090161154,35
79.87568055979199,12.930748329028024,84
80.11838348144629,13.283871827399778,16
79.94622970567059,12.978357607075031,39
79.91901257389473,12.814595214602098,47
80.14279861548829,12.828212523077443,28
79.84397148699107,12.871110789670995,59
79.96980774175908,12.996250162174858,42
80.24929851029735,12.939837104526045,0
80.12704490662975,13.158226058372996,17
80.0498471492252,13.087912297784301,27
80.27530644167337,13.284205892069869,4
80.17585724052006,13.228238397624812,15
80.25159208409839,12.94875384913655,2
79.8026113203105,13.16819751575862,44
80.06396953852776,13.01640352982504,19
79.81018940073838,13.286542746347932,212
79.84388982416563,13.249013070044228,64
80.14726381051581,13.23828119776307,23
