id,name,type,length_km,num_points
22658645,North River,river,0.303,7
23110069,Adyar River,river,8.141,37
23161547,Mambalam Canal,canal,2.089,30
23633592,Porur Lake,water,2.363,24
23648227,Kadaperi Lake,water,1.653,10
23648228,Irumbuliyur Lake,water,1.532,69
23648229,Chitlapakkam Lake,water,2.021,61
23648233,Tiruneermalai Eri,water,3.62,21
23649618,Reddy Kullam,water,0.189,12
23649619,Nemmili Lake,water,2.128,32
23804000,ICF Lake,water,1.443,7
23885099,Kandaswami Muthukumaraswami Koil Kulam,water,0.128,5
24270420,Kapaleeshwara Koil Kulam,water,0.642,5
24270487,Athikesvara Perumal Koil Kulam,water,0.319,5
25380261,Unnamed drain,drain,2.083,18
25391800,Ambattur Lake,water,6.17,36
25394157,Red Hills Reservoir,water,27.644,176
25394523,Sholavaram Lake,water,14.108,92
25395366,Krishna Canal,canal,23.362,179
25395844,Kosasthalaiyar River,river,16.763,46
25450397,Unnamed river,river,15.861,51
25450403,Unnamed drain,drain,1.353,8
25450412,Unnamed water,water,5.467,56
25450421,Unnamed river,river,3.732,24
25450426,Unnamed river,river,4.321,23
25450980,Unnamed canal,canal,8.16,23
25450988,Unnamed drain,drain,3.923,31
25451695,Unnamed drain,drain,2.673,11
25451750,Unnamed drain,drain,2.414,11
25453624,Chembarambakkam Lake,water,30.238,216
25454253,Unnamed stream,stream,2.284,20
25460072,Reddikuppam Canal,canal,0.468,9
25460321,Maruthur Gopalan Ramachandran Nagar Canal,canal,1.778,27
25460451,Unnamed drain,drain,1.451,16
25468747,Tinnanur Lake,water,8.356,30
25469646,Unnamed drain,drain,8.059,85
25474392,Unnamed stream,stream,0.755,3
25474535,Captain Cotton Canal,drain,2.992,15
25474612,Korattur Lake,water,8.535,76
25474749,Retteri Lake,water,5.577,32
25474766,Kodungaiyur Canal,drain,2.566,20
25474770,Link Canal,drain,0.532,3
25504265,Velachery Lake,water,3.239,28
25650075,Unnamed drain,drain,0.811,21
25724261,Adambakkam Lake,water,1.021,30
25724278,Pannachiamman Koil Tank,water,0.393,5
25725027,Madipakkam Lake,water,2.277,56
25726316,Puzhuthivakkam Lake,water,1.495,29
25850571,Unnamed wetland,wetland,4.348,6
25850690,Arani,river,32.065,103
25921389,Somangalam Lake,water,5.32,29
26072329,Unnamed drain,drain,7.454,52
26188336,Joins with Chembarampakkam Surplus,stream,9.17,97
26188360,Unnamed water,water,7.322,88
26188460,Unnamed stream,stream,0.071,2
26433707,Sembakkam lake,water,3.082,47
26776322,Unnamed drain,drain,2.099,26
26800736,Retteri Lake,water,2.314,24
26807593,Unnamed canal,canal,4.911,33
27203001,Ellaiamman Koil Kulam,water,0.309,5
27618345,Unnamed drain,drain,0.166,5
27708784,Jawahar Canal,drain,0.949,4
27708793,Vyasarpadi Canal,drain,0.713,8
27708880,Otteri Nullah,drain,10.344,101
27709103,Trustpuram Canal,canal,1.496,9
27709396,Jafferkhanpet Canal,canal,0.407,5
27709553,Raj Bhavan Canal,drain,0.07,2
27771449,Vadapalani Murugan Temple Pond,water,0.276,5
27877877,Unnamed drain,drain,1.993,15
28050360,Krishna Canal,canal,18.841,53
28120029,Unnamed drain,drain,1.002,11
28121830,Unnamed drain,drain,8.488,73
28260258,Vadakkapattu Lake,water,2.218,12
28260431,Nanmangalam Lake,water,3.062,21
28260577,Selaiyur Lake,water,2.957,18
28261148,Balaji Nagar Lake,water,2.397,23
28309481,Unnamed water,water,0.766,45
28309498,Unnamed water,water,0.529,45
28309593,Unnamed water,water,0.88,79
28309687,Tirisulam Lake,water,0.679,65
28310149,Unnamed water,water,0.528,37
28310161,Unnamed water,water,0.447,36
28342742,Unnamed drain,drain,0.994,27
28502295,Unnamed drain,drain,1.083,14
28746681,Unnamed drain,drain,1.945,34
28746682,Moat,drain,0.394,5
29047592,Marundeeshwara Temple Tank,water,0.363,5
29071936,Unnamed drain,drain,0.199,4
29071941,Unnamed drain,drain,0.201,4
29241216,Agathishwara Perumal Koil Kulam,water,0.279,5
29245371,Temple Tank (Sri Varadharaja perumal Temple),water,0.379,5
29246065,Periyathoppu Lake,water,1.723,12
29973898,Pennalur Lake,water,2.151,18
30025552,IIT Lake,water,3.12,65
30037017,Unnamed drain,drain,0.498,7
30037018,Oxidation Pond,water,0.514,5
30037019,Oxidation Pond,water,0.499,8
30078793,Kovilpadagai Lake,water,4.924,70
30118530,Unnamed water,water,1.141,10
30118691,Naattu Kaalvaai,drain,2.487,37
30128515,Chembrampakkam Surplus to Adayar,river,6.076,69
30137291,Chembarambakkam irrigation canal,canal,2.421,133
30209756,Vengambakkam Lake,water,1.978,28
30209758,Unnamed drain,drain,0.467,7
30424450,Perumbakkam Lake,water,3.854,43
30425323,Unnamed water,water,4.025,15
30606822,Velachery Lake,water,1.273,42
30609167,Kallu Kuttai Lake,water,1.555,23
30624441,Unnamed water,water,8.144,96
30625195,Alappakkam Madhuravoyal Eri,water,1.017,24
30738635,ETPS Flyash Pond,water,1.437,6
30738642,ETPS Flyash Pond,water,4.157,15
30738675,Unnamed river,river,1.386,7
30746879,Unnamed water,water,0.968,11
30777996,Kosasthalaiyar River,river,17.483,55
30778453,Padappai Lake,water,3.894,59
30799532,Unnamed water,water,3.291,38
30799589,Unnamed water,water,1.942,20
30799618,Navalur Eri,water,2.473,20
30799655,Unnamed water,water,2.148,18
30978033,Kandasamy Koil Tank,water,0.111,5
30981164,Unnamed drain,drain,1.783,22
31017955,Unnamed water,water,1.972,23
31019920,Red Hills Reservoir Overflow,drain,5.026,47
31020934,Periyathoppu Lake,water,2.77,17
31243200,Unnamed water,water,0.219,5
31252968,Unnamed water,water,10.394,39
31253726,Unnamed water,water,3.737,18
31255512,Unnamed water,water,3.788,15
31613582,Unnamed drain,drain,0.304,5
31616568,Unnamed drain,drain,0.607,2
31616569,Unnamed drain,drain,0.29,2
32017928,Palavedu Eri,water,3.956,34
32066592,Manivakkam Lake,water,3.287,26
32253705,Unnamed drain,drain,0.439,7
32253842,New Perungalathur Lake,water,1.733,17
32306856,Balasubramani Temple Tank,water,0.088,5
32685679,Unnamed drain,drain,0.056,2
32742657,Unnamed stream,stream,1.691,45
32945537,Unnamed water,water,0.673,13
32995619,Thamarai Kulam,water,0.883,13
33069045,ETPS Oxidation Pond,water,0.317,5
33071135,Thyagarajaswami Koil Tank,water,0.331,5
33630146,Temple Tank,water,0.152,5
33630325,Unnamed water,water,0.871,11
34108718,Unnamed water,water,3.097,21
34108719,Unnamed water,water,1.596,13
34108720,Unnamed water,water,1.817,13
34108721,Unnamed water,water,1.273,15
34108723,Unnamed water,water,2.135,14
34108738,Unnamed water,water,5.391,45
34108740,Unnamed water,water,1.991,16
34108741,Unnamed water,water,1.112,10
34108742,Unnamed water,water,1.426,11
34108746,Unnamed water,water,3.647,30
34108747,Unnamed water,water,1.079,8
34108748,Unnamed water,water,0.982,8
34108749,Unnamed water,water,1.245,7
34108758,Unnamed water,water,1.121,11
34108759,Unnamed water,water,2.474,17
34108760,Unnamed water,water,0.82,9
34108761,Unnamed water,water,1.682,21
34108762,Unnamed water,water,3.391,30
34108763,Unnamed water,water,2.294,36
34108764,Unnamed water,water,1.905,16
34108765,SriPerumpudur lake,water,11.939,90
34108766,Unnamed water,water,4.641,34
34108767,Unnamed water,water,5.073,36
34108768,Unnamed water,water,2.65,18
34108771,Unnamed water,water,4.528,34
34108772,Unnamed water,water,5.93,34
34108773,Unnamed water,water,2.344,17
34108774,Unnamed water,water,2.777,29
34108775,Unnamed water,water,2.467,25
34108776,Unnamed water,water,2.956,27
34108777,Unnamed water,water,1.77,11
34108778,Unnamed water,water,2.343,26
34108779,Unnamed water,water,2.632,65
34108780,Unnamed water,water,3.51,24
34483982,Unnamed water,water,2.61,19
34483988,Unnamed water,water,1.858,17
34483989,Unnamed water,water,3.179,77
34483992,Unnamed wetland,wetland,1.155,17
34483994,Unnamed wetland,wetland,1.498,27
34483995,Unnamed water,water,1.677,16
34483997,Nagaraja aeri,water,2.836,23
34483999,Unnamed water,water,2.825,26
34484000,Konimedu Lake,water,1.926,13
34484001,Unnamed water,water,1.433,11
34484002,Unnamed water,water,1.584,16
34484007,Unnamed water,water,1.721,109
34484008,Vellanur aeri,water,2.599,38
34484010,Unnamed water,water,1.372,9
34484011,Unnamed water,water,1.169,12
34618168,Ayapakkam Lake,water,2.733,33
35459575,Unnamed water,water,3.323,53
35460561,Unnamed water,water,1.106,8
35475053,Karaneeswarar Temple Tank,water,0.277,5
35475132,Prasanna Venkatesa Perumal Koil Kulam,water,0.118,5
38423094,Unnamed drain,drain,1.088,21
38424012,Irungattukottai lake,water,2.208,29
47109361,Kachaleeswara Temple Reservoir,water,0.168,5
47109373,Malligeshwarar Temple Reservoir,water,0.129,5
47415291,Kondithope Kasi Viswanathar Koil,water,0.292,5
47571166,Thiruvateeswaran Koil Kulam,water,0.183,5
47572261,Rajakilpakkam Lake,water,1.716,28
47572610,Unnamed water,water,4.831,37
47572658,Unnamed water,water,4.168,24
48057021,Gangadeeshwarar Koil Kulam,water,0.254,5
48737652,Unnamed water,water,0.326,5
48738675,Unnamed water,water,0.219,8
64398240,Unnamed water,water,0.275,6
67551369,Unnamed water,water,2.988,34
82874921,Unnamed drain,drain,0.855,28
82874933,Nesavalar Nagar Lake,water,1.503,23
82883544,Mambakkam Lake,water,2.785,18
82883553,Maambakkam Lake,water,2.551,20
82883558,Unnamed water,water,1.286,155
82883586,Unnamed water,water,4.394,28
82883601,Unnamed water,water,3.272,35
82883604,Chitrerari Lake,water,1.898,143
83075012,Unnamed water,water,4.104,149
83300092,Aquarium,water,0.116,5
84086853,Unnamed water,water,2.091,19
84086856,Unnamed water,water,1.373,18
84086873,Unnamed water,water,2.868,21
84086883,Unnamed water,water,1.943,17
84087728,Unnamed water,water,3.613,28
84087731,Koovam Eri,water,10.175,83
84087737,Unnamed water,water,1.057,12
84099104,Unnamed drain,drain,0.089,2
84099124,Madippakkam Village Pond,water,0.494,10
84106295,Unnamed wetland,wetland,14.421,145
85130862,North River,river,0.161,3
85130915,North River,river,1.803,25
85588690,Unnamed stream,stream,2.139,58
85588700,Unnamed water,water,0.191,9
85857111,Unnamed drain,drain,0.168,3
85933506,Unnamed drain,drain,0.448,12
85933507,Unnamed drain,drain,0.514,11
86251016,Sooriamman Koil pond,water,0.531,9
87098619,Otteri Lake,water,1.205,21
95639899,Unnamed water,water,2.352,23
95639903,Unnamed water,water,5.148,36
95639912,Unnamed water,water,0.857,13
95639925,Unnamed water,water,0.745,9
95639930,Thandurai aeri,water,2.905,21
95668334,Unnamed wetland,wetland,0.932,4
95668343,Unnamed wetland,wetland,1.178,13
95668360,Kolathur Lake,water,1.065,22
95772858,Alleri Tank,water,0.647,5
96944704,Unnamed water,water,9.972,111
96944715,Unnamed water,water,17.546,193
96944716,Unnamed canal,canal,2.752,26
96944720,Unnamed water,water,8.21,81
96944723,Unnamed water,water,4.532,52
96944724,Unnamed water,water,38.031,248
96963152,Unnamed water,water,1.536,22
97000438,Unnamed wetland,wetland,0.428,14
97000441,Unnamed wetland,wetland,0.524,9
97000443,Unnamed wetland,wetland,1.151,12
97000448,Unnamed wetland,wetland,0.686,14
97000452,Unnamed wetland,wetland,0.312,10
97686736,Unnamed water,water,1.639,14
98315659,Unnamed water,water,6.831,53
98315664,Unnamed water,water,2.957,47
98315669,Kadapakkam Tank,water,3.085,32
98315675,Unnamed wetland,wetland,4.853,103
98315691,Unnamed water,water,2.143,19
98357263,Unnamed water,water,1.527,16
98357289,Unnamed water,water,0.874,13
98357294,Unnamed water,water,1.371,13
98357297,Dhenupureeswarar Tank,water,0.333,5
98357315,Unnamed water,water,1.848,14
98357317,Unnamed drain,drain,0.743,17
98357329,Unnamed drain,drain,1.861,8
98357340,Unnamed water,water,1.232,34
98357345,Unnamed water,water,2.534,15
98357449,"Vengadamangalam, IRPC Lake",water,2.197,19
98357496,Unnamed drain,drain,1.43,27
98357502,Unnamed water,water,3.287,27
98357524,Perumbakkam Lake,water,1.037,16
98357538,Unnamed drain,drain,0.39,8
98357562,Unnamed water,water,3.107,25
98357568,Unnamed water,water,2.123,11
98357574,Unnamed water,water,1.593,17
98357590,Unnamed drain,drain,3.277,53
98357603,Unnamed water,water,2.292,20
98357618,Unnamed water,water,0.875,12
98357621,Unnamed water,water,1.251,11
98357632,Unnamed water,water,1.025,12
98357640,Padur Lake,water,4.564,32
98358044,Classic Farms Lake 2,water,1.428,20
98358058,Unnamed water,water,2.061,22
98358078,Unnamed water,water,0.569,12
98358098,Unnamed water,water,2.077,36
98639499,Kallu Kuttai Lake,water,0.941,12
99029636,Unnamed water,water,2.155,29
99047702,Unnamed water,water,3.12,44
99047710,Unnamed water,water,3.467,34
99047729,Unnamed water,water,1.254,21
102302989,Unnamed water,water,3.634,25
102302994,Unnamed water,water,3.939,33
102303002,ADHANOOR LAKE,water,4.214,25
102303005,Unnamed water,water,3.906,39
102303016,Unnamed water,water,2.183,18
102309331,Unnamed water,water,2.65,21
102459218,கோலடி ஏரி,water,1.963,32
102459224,Unnamed water,water,0.305,17
102459233,Ambattur Lake,water,1.094,27
102459272,Unnamed water,water,0.765,13
102545496,Unnamed wetland,wetland,0.801,10
102545500,Unnamed wetland,wetland,3.353,21
102547877,Thiruvalleswar Temple Pond,water,0.222,5
102550193,Red Hills Reservoir Overflow,drain,3.302,22
102550200,Unnamed drain,drain,0.066,3
102550208,Jawahar Canal,drain,0.798,10
102550210,Unnamed drain,drain,0.862,5
102550213,Unnamed drain,drain,0.034,2
102550225,Unnamed drain,drain,3.105,29
102550226,Virugambakkam Canal,canal,3.496,44
102550241,Jawahar Canal,drain,0.038,2
102550242,Unnamed drain,drain,0.537,9
102553762,Unnamed drain,drain,0.143,2
102553767,Unnamed drain,drain,0.039,2
102553827,Unnamed drain,drain,0.143,3
102553836,Unnamed drain,drain,0.259,2
102553851,Unnamed river,river,1.618,13
102559091,Unnamed drain,drain,1.512,38
102559098,Unnamed drain,drain,0.065,2
102565841,Unnamed wetland,wetland,3.613,13
102574446,Unnamed drain,drain,0.749,16
102574448,Unnamed water,water,1.229,20
102574450,Unnamed drain,drain,0.018,2
102574451,Unnamed drain,drain,0.563,4
102574490,Unnamed wetland,wetland,1.239,14
102574504,Unnamed drain,drain,2.475,10
102574528,Unnamed drain,drain,0.039,2
102574534,Unnamed drain,drain,1.81,6
102574536,Unnamed drain,drain,0.022,2
102574539,Unnamed drain,drain,0.712,18
102574544,Unnamed drain,drain,2.038,6
102574550,Unnamed drain,drain,1.226,14
102574558,Unnamed wetland,wetland,1.059,8
102574585,Unnamed drain,drain,1.051,7
102575796,Unnamed water,water,1.286,18
102575799,Unnamed drain,drain,0.482,4
102577046,Unnamed water,water,0.449,5
102577052,Unnamed water,water,0.175,5
102580554,Raj Bhavan Canal,drain,1.059,25
102580558,Raj Bhavan Canal,drain,0.028,2
102580561,Raj Bhavan Canal,drain,0.025,2
102580579,Raj Bhavan Canal,drain,0.087,2
102655659,Unnamed water,water,2.074,29
102655660,Unnamed ditch,ditch,0.417,13
102655672,Unnamed water,water,1.862,32
102657796,Surplus water drain,drain,4.102,105
102657803,Unnamed drain,drain,0.021,2
102658263,Unnamed drain,drain,1.28,30
102658265,Unnamed drain,drain,1.158,45
102658271,Unnamed drain,drain,1.474,45
102663578,Unnamed wetland,wetland,4.861,18
102663605,Unnamed wetland,wetland,4.702,23
102667270,Unnamed wetland,wetland,2.655,18
103716685,Unnamed drain,drain,0.927,16
103716694,drain path,canal,0.69,10
103719115,Unnamed drain,drain,0.397,12
104651362,Unnamed water,water,0.192,15
104651364,Unnamed water,water,0.31,15
104651366,Unnamed water,water,0.224,16
104651368,Unnamed water,water,0.387,20
104651370,Unnamed water,water,0.385,16
104651371,Unnamed water,water,0.361,20
104651372,Unnamed water,water,0.435,24
104651373,Unnamed water,water,0.164,10
104651376,Unnamed water,water,0.19,13
107877932,European Brown Bear,water,0.103,19
108120404,Hippopotamus,water,0.308,9
111749073,Adyar Creek,stream,2.605,41
111749099,Unnamed water,water,2.059,79
111767112,Unnamed water,water,0.121,7
112644675,Unnamed water,water,0.535,40
112869306,Unnamed water,water,0.561,23
122063612,Unnamed drain,drain,1.39,10
122063615,Unnamed water,water,0.263,6
123059891,Unnamed water,water,0.831,30
123059893,Unnamed water,water,0.247,8
123059897,Unnamed water,water,2.446,22
125180715,Unnamed water,water,1.947,5
125180718,Unnamed water,water,3.407,47
125180721,Unnamed water,water,2.893,55
125180729,Unnamed water,water,2.603,9
125234697,Unnamed water,water,0.197,5
127012059,Unnamed water,water,0.122,10
127012071,Unnamed water,water,0.087,8
127012072,Unnamed water,water,0.19,14
127464711,Virupatcheshwarer Temple Tank,water,0.142,5
127574695,Unnamed water,water,0.356,14
127574706,Unnamed water,water,0.966,47
127574708,Unnamed water,water,0.11,14
127574716,Unnamed water,water,0.093,10
131425309,Unnamed water,water,1.92,15
131425313,Unnamed water,water,3.498,75
131425321,Unnamed water,water,5.167,125
131425322,Anna Nedumchalai Lake,water,1.551,28
131961844,Thamarai Kulam,water,0.129,5
131961856,Unnamed wetland,wetland,0.56,5
132192002,Unnamed wetland,wetland,1.12,23
132192377,Vandalur Lake,water,2.449,31
132192387,Unnamed water,water,2.848,25
132192388,Unnamed water,water,2.126,28
132195429,Unnamed water,water,2.631,29
132195432,Unnamed water,water,4.538,49
132195433,Unnamed water,water,2.929,11
132462272,Unnamed wetland,wetland,3.148,31
132462273,Unnamed wetland,wetland,2.889,19
132476830,Unnamed canal,canal,52.726,240
133591388,Unnamed stream,stream,1.691,13
133591393,Unnamed stream,stream,1.074,9
133593261,Railway Pond 2,wetland,0.907,8
133593262,Railway Pond 1,wetland,2.228,10
133599488,Kortallaiyar River,river,16.711,74
133599506,Unnamed water,water,3.222,27
133600830,Unnamed water,water,1.55,14
133600831,Unnamed water,water,2.038,14
133600832,Unnamed wetland,wetland,0.642,9
136720424,Unnamed river,river,15.16,31
138294773,Unnamed wetland,wetland,1.286,7
138294774,Unnamed wetland,wetland,1.949,9
138307626,Araabath Lake,water,2.166,18
138307635,Unnamed water,water,3.514,21
138307636,Unnamed water,water,1.871,28
138307641,Nagaraja lake,wetland,4.918,37
138307644,Unnamed wetland,wetland,0.566,5
138307645,Unnamed water,water,0.458,5
138307646,Mariamman Koil Kulam,water,0.563,9
138307649,Unnamed water,water,1.256,10
138337576,Arani,river,41.646,100
138337704,Unnamed drain,drain,1.942,9
138337707,Unnamed drain,drain,0.32,2
138337711,Unnamed drain,drain,1.017,3
138337712,Unnamed water,water,5.43,32
138337719,Unnamed drain,drain,0.574,6
138337722,Unnamed water,water,17.197,79
138337742,Unnamed water,water,4.503,19
138337743,Unnamed water,water,7.274,35
138337746,Unnamed water,water,3.952,26
138337748,Unnamed water,water,4.75,27
154089347,Pallikaranai Thamarai Kulam,water,0.35,19
159017372,Ponniamman Temple Pond,water,0.224,10
164799200,கூவம்,river,10.304,39
164799202,Sathyamoorty Sagar,water,31.257,134
164799260,Unnamed river,river,28.113,58
166562080,Unnamed wetland,wetland,9.883,70
175799902,Temple Tank,water,0.414,5
177370838,Lake,water,0.832,12
178105896,Adyar River,river,0.464,2
178105900,Adyar River,river,16.94,98
178747904,Vedhapureeswarar Temple Kulam,water,0.229,5
178751060,Unnamed water,water,3.988,23
178751066,Kamakshi Amman Temple Tank,water,0.188,5
178751070,Unnamed ditch,ditch,2.998,114
178751071,Unnamed wetland,wetland,3.392,15
178751072,Unnamed wetland,wetland,1.565,15
178751073,Unnamed wetland,wetland,7.118,32
178751074,Unnamed wetland,wetland,11.557,42
178751076,Unnamed wetland,wetland,15.699,84
178752249,Unnamed water,water,0.303,5
178752254,Unnamed stream,stream,3.152,71
178752257,Unnamed stream,stream,15.914,125
178752258,Unnamed wetland,wetland,4.12,16
180145739,Unnamed wetland,wetland,1.522,12
180145741,Unnamed wetland,wetland,2.265,15
180145745,Unnamed wetland,wetland,1.029,5
180145746,Unnamed wetland,wetland,1.596,10
183942508,Unnamed water,water,0.492,24
184728907,Mangal Eri,wetland,0.454,10
197488611,Thandukarai Kulam,water,0.333,8
198549437,Unnamed water,water,0.254,5
201560881,Okkiyam Maduvu,river,2.576,25
202471872,Adyar River,river,11.923,183
202471888,Unnamed drain,drain,1.277,17
202471891,Ninjalamadu,river,22.133,184
202471903,Unnamed stream,stream,9.057,11
202471907,Unnamed river,river,19.957,339
202471914,Unnamed stream,stream,6.382,86
202505379,கூவம் ஆறு,river,62.875,469
202505417,Thiripuranthakeswarar Sivan Kovil Temple Tank,water,0.351,5
202505422,Unnamed drain,drain,0.289,6
202505423,Unnamed stream,stream,17.825,203
202505424,Unnamed drain,drain,0.909,11
202505425,Unnamed drain,drain,0.751,11
202505426,Unnamed drain,drain,0.664,11
202505427,Unnamed drain,drain,0.712,10
202505428,Unnamed stream,stream,1.325,13
202505433,Unnamed stream,stream,8.768,79
202505436,Unnamed drain,drain,0.37,4
202505439,Unnamed drain,drain,0.337,6
202506022,Unnamed drain,drain,1.087,13
202506023,Unnamed drain,drain,2.034,25
202506024,Unnamed drain,drain,1.033,14
202506025,Unnamed drain,drain,0.914,13
202506026,Unnamed drain,drain,1.78,24
203215028,Pallikkaranai Anai Tank,water,2.327,31
203215030,Pallikkaranai Eri,water,2.101,37
203215355,Unnamed water,water,1.627,25
203215356,Unnamed water,water,1.034,20
203215357,Unnamed water,water,0.241,7
208578468,Unnamed water,water,2.374,46
208578469,Unnamed water,water,2.778,55
209551269,Unnamed river,river,5.577,44
210934230,Open drain,drain,0.229,18
211119391,Unnamed water,water,0.279,23
211119392,Unnamed water,water,0.188,25
211121333,Unnamed water,water,0.146,12
211121334,Pigeon Pond,water,0.478,17
211423276,Madhava Perumal Temple Tank,water,0.118,5
211435555,Unnamed water,water,2.387,47
211638794,Unnamed water,water,1.386,78
211774108,Unnamed water,water,0.059,5
211900069,Unnamed water,water,1.186,17
211900070,Unnamed water,water,1.441,20
211900075,Unnamed water,water,0.167,5
214148762,Unnamed drain,drain,0.205,5
214162275,Mambalam Drain,drain,0.025,2
214162276,Mambalam Canal,canal,1.945,49
214599857,Unnamed water,water,0.068,5
214698656,Unnamed water,water,0.087,5
217609144,Unnamed water,water,0.089,5
217609145,Ekambeshwarar Koil Kulam,water,0.187,5
217688012,Unnamed water,water,0.243,11
217688013,Unnamed stream,stream,0.511,7
217696076,Unnamed drain,drain,2.12,29
217722050,Unnamed water,water,0.13,5
217722055,Unnamed wetland,wetland,0.926,10
217802635,Virugambakkam Canal,drain,0.299,6
217802640,Unnamed water,water,0.157,5
217845707,Unnamed water,water,0.112,5
217849594,Chennamalleshwarar Perumal Koil Kulam,water,0.106,5
217850421,Unnamed water,water,4.011,38
217902577,Unnamed wetland,wetland,0.215,5
217904438,Unnamed wetland,wetland,0.666,5
217906524,Unnamed water,water,0.128,5
217920747,Unnamed water,water,0.526,13
217920757,Thamarai Kulam,water,0.36,5
217922857,Unnamed water,water,0.278,5
217926516,Unnamed drain,drain,0.34,3
217926517,Unnamed drain,drain,0.516,3
217926518,Unnamed drain,drain,1.846,14
217928946,Damodaran Perumal Koil Kulam,water,0.201,5
217928947,Valayan Kulam,water,0.22,8
217928948,Agatheeswaran Koil Street Kulam,water,0.38,7
217940545,Unnamed water,water,0.279,7
217940547,Unnamed wetland,wetland,0.353,9
217955850,Unnamed water,water,0.09,9
217955854,Unnamed water,water,0.092,20
218212407,Kalyana Varadaraja Perumal Koil Tank,water,0.127,5
218221719,Bhaskar Colony Park Kulam,water,0.145,5
219560980,Unnamed water,water,0.433,10
231391877,Unnamed water,water,0.213,9
240869135,Unnamed drain,drain,0.814,7
241081875,mariamman temple pond,water,0.178,16
241414216,Unnamed water,water,2.958,41
251883786,Unnamed water,water,0.851,53
251883969,Unnamed water,water,0.289,6
251884153,Unnamed water,water,0.037,9
254987365,Temple pond (Thirumanangeeswarar - Thiruvudai Amman Temple),water,0.176,5
260594167,Unnamed water,water,0.337,12
278769879,Thamarai Kulam,water,0.249,5
282478235,Unnamed water,water,0.352,7
288772390,Azhwancherry Pond,water,0.088,10
290653341,Thanthi Channel,drain,3.429,145
290654695,Chembarampakkam water for irrigation,stream,1.032,18
292025239,Samiyar kulam,water,0.193,5
325449377,Telugu Ganga,canal,21.139,60
328358961,Veerangal Canal,drain,1.658,49
331617990,Unnamed water,water,0.178,5
336289725,VIT pond,water,0.165,25
346285748,Ainsley Canal,drain,1.769,7
346285803,Egankipuram Canal,drain,1.248,15
349399226,Unnamed water,water,0.265,5
349516678,Unnamed water,water,0.23,5
349521476,Unnamed canal,canal,1.932,11
349521477,Unnamed canal,canal,1.623,18
367933784,Unnamed water,water,0.274,15
367941207,Unnamed water,water,0.184,5
369099870,Unnamed water,water,0.645,128
369099873,Unnamed water,water,0.681,21
369100833,Unnamed water,water,0.148,14
369500929,Unnamed water,water,0.592,14
369500930,Unnamed water,water,0.196,17
369500931,Unnamed water,water,0.339,22
369508591,Unnamed water,water,0.187,45
369510710,Unnamed water,water,0.207,5
369514771,Unnamed water,water,0.196,14
369514775,Unnamed water,water,0.197,10
369523051,Unnamed water,water,0.258,33
369617031,Unnamed water,water,0.303,18
369617032,Unnamed water,water,0.269,20
369617033,Unnamed water,water,0.125,7
369625991,New Colony Pond,water,0.208,15
369625993,Naasan Kulam,water,0.283,25
369625994,Kovalan Nagar Lake,water,0.312,32
369629984,Unnamed water,water,0.304,16
369648078,Unnamed water,water,0.038,16
369648083,Unnamed water,water,0.022,16
369648524,Unnamed water,water,0.277,43
369650944,Unnamed water,water,0.238,24
370161230,Unnamed water,water,0.765,82
371679214,Unnamed water,water,0.982,16
371706031,Unnamed water,water,0.181,10
379699515,Unnamed water,water,0.085,13
382881895,Unnamed canal,canal,0.407,2
382881896,Unnamed canal,canal,0.12,2
382881897,Unnamed canal,canal,0.042,2
382881898,Unnamed canal,canal,0.082,2
382881899,Unnamed water,water,1.852,23
382881900,Unnamed canal,canal,2.119,23
382881901,Unnamed water,water,0.712,28
382881902,Unnamed water,water,0.443,6
382881903,Unnamed water,water,0.902,7
382881904,Unnamed canal,canal,0.854,8
382881905,Unnamed canal,canal,0.249,9
383730513,Chembarambakkam Irrigation canal,drain,0.941,26
383730520,Unnamed ditch,ditch,1.589,26
383730523,Unnamed stream,stream,4.56,7
383730524,Unnamed drain,drain,0.442,7
383730644,Unnamed stream,stream,1.175,2
383730645,Unnamed ditch,ditch,0.86,6
383742981,Chembarambakkam irrigation canal,ditch,1.456,174
383742994,Unnamed drain,drain,0.121,4
383742995,Unnamed stream,stream,0.368,15
383742999,Unnamed drain,drain,0.383,15
383754555,Unnamed wetland,wetland,1.137,26
383754556,Unnamed wetland,wetland,1.487,32
383754557,Unnamed wetland,wetland,2.022,40
383754558,Unnamed wetland,wetland,2.272,58
383754559,Chembarampakkam water for irrigation,stream,2.266,31
383833224,Unnamed water,water,1.293,20
383833225,Unnamed wetland,wetland,5.755,64
383833229,Unnamed canal,canal,0.756,24
383838971,Unnamed wetland,wetland,2.806,24
383838974,Thanthi Channel,drain,0.95,38
383841151,Unnamed water,water,0.237,12
383841152,Unnamed water,water,0.246,9
383841156,Unnamed ditch,ditch,2.602,27
383842296,Unnamed water,water,0.252,6
383842297,Unnamed water,water,6.567,104
383842298,Unnamed drain,drain,4.511,43
383851515,Unnamed water,water,3.295,27
383851516,Unnamed water,water,3.46,36
383851518,Unnamed water,water,0.489,5
383851519,Unnamed water,water,5.173,68
383851525,Unnamed drain,drain,0.275,8
383851527,Unnamed stream,stream,0.374,7
383851528,Unnamed drain,drain,0.417,9
383851531,Unnamed stream,stream,3.234,40
383851533,Unnamed stream,stream,1.847,5
383851534,Unnamed stream,stream,2.661,5
383852845,Unnamed water,water,2.904,40
383852846,Adyar River,river,13.089,256
383854747,Unnamed water,water,2.045,12
383854749,Unnamed water,water,0.877,16
383854751,Unnamed wetland,wetland,8.665,38
383854753,Unnamed wetland,wetland,6.165,42
383857979,Unnamed water,water,0.349,15
383857980,Unnamed water,water,0.635,15
383857981,Unnamed water,water,1.433,21
383857982,Unnamed water,water,0.865,25
383857984,Unnamed water,water,0.332,6
383857985,Unnamed water,water,0.338,7
383857986,Unnamed wetland,wetland,0.372,7
383857987,Unnamed wetland,wetland,0.364,9
383857990,Unnamed drain,drain,1.176,10
383858409,Unnamed water,water,1.326,32
383861893,Unnamed water,water,0.9,15
383861894,Unnamed water,water,0.153,5
383861895,Unnamed drain,drain,1.608,23
383861896,Unnamed drain,drain,1.246,18
383861897,Unnamed stream,stream,0.684,10
383947586,Unnamed water,water,1.315,15
383947588,Unnamed water,water,0.142,5
383947590,Unnamed water,water,0.152,5
383947592,Unnamed water,water,0.302,9
383959311,Unnamed drain,drain,0.524,9
384137769,Unnamed wetland,wetland,0.869,15
384137770,Unnamed water,water,0.295,5
384137771,Unnamed ditch,ditch,0.827,26
384138426,Unnamed water,water,0.211,9
384142386,Unnamed water,water,0.776,13
384142388,Unnamed water,water,0.062,7
384142412,Unnamed water,water,0.1,5
384143098,Unnamed ditch,ditch,0.21,5
384143099,Unnamed drain,drain,0.491,5
384163920,Unnamed water,water,1.785,61
384163921,Unnamed water,water,1.3,34
384164382,Unnamed water,water,0.059,12
384164383,Unnamed water,water,0.047,11
384164384,Unnamed water,water,0.036,10
384165237,Unnamed river,river,2.86,41
384165238,Unnamed water,water,0.24,9
384165239,Unnamed water,water,0.514,11
384187222,Stormwater Drain,drain,0.153,9
384187223,Unnamed drain,drain,0.18,7
384187884,Unnamed water,water,0.967,35
384202443,Unnamed river,river,1.485,34
384202445,Unnamed water,water,0.367,11
384202446,Unnamed water,water,0.106,7
384202447,Unnamed water,water,0.052,5
384202825,Unnamed water,water,0.156,7
384220315,Unnamed water,water,0.282,5
384220317,Unnamed water,water,0.118,5
384222225,Krishna Canal,canal,6.072,17
384279908,Unnamed water,water,1.36,52
384283930,Unnamed water,water,0.162,9
384284409,Unnamed water,water,1.024,17
384286139,Unnamed water,water,0.115,12
384286140,Unnamed water,water,0.055,7
384290646,Unnamed water,water,0.256,15
384306288,Unnamed water,water,5.002,88
384312064,Ayyan Kulam,water,0.409,13
384312610,Unnamed wetland,wetland,0.655,26
384364812,Kadaperi Tank,water,0.281,5
384380354,Unnamed water,water,0.183,16
384380356,Classic Farms Lake 1,water,1.074,48
384380357,Unnamed wetland,wetland,1.8,51
384380358,Unnamed wetland,wetland,13.522,208
384380415,Unnamed river,river,7.876,89
384388251,Unnamed water,water,0.253,13
384388252,Unnamed water,water,0.15,13
384388253,Unnamed water,water,0.079,13
384388254,Unnamed water,water,0.168,13
384388255,Unnamed wetland,wetland,0.59,15
384388256,Unnamed water,water,0.132,15
384388257,Unnamed water,water,0.15,15
384388258,Unnamed water,water,0.533,16
384388259,Unnamed water,water,0.371,18
384388260,Unnamed water,water,0.326,19
384388262,Unnamed water,water,0.73,20
384388264,Unnamed water,water,0.383,22
384388265,Unnamed wetland,wetland,0.514,23
384388267,Unnamed water,water,0.345,24
384388269,Unnamed water,water,1.057,24
384388270,Unnamed wetland,wetland,0.722,26
384388272,Unnamed water,water,0.649,28
384388275,Unnamed wetland,wetland,0.8,29
384388276,Unnamed water,water,0.468,31
384388277,Unnamed wetland,wetland,0.88,32
384388279,Unnamed wetland,wetland,1.255,46
384388282,Unnamed water,water,0.094,8
384388283,Unnamed water,water,0.092,8
384388284,Unnamed water,water,0.115,9
384388285,Unnamed water,water,2.558,82
384388286,Unnamed water,water,0.19,10
384388287,Unnamed water,water,0.204,11
384392595,Unnamed water,water,0.137,11
384392605,Unnamed water,water,0.166,15
384392606,Unnamed water,water,0.042,17
384392607,Unnamed water,water,0.042,17
384392608,Unnamed water,water,0.042,17
384392609,Unnamed water,water,0.042,17
384392610,Unnamed water,water,0.042,17
384392611,Unnamed water,water,0.052,17
384392612,Unnamed water,water,0.042,17
384392613,Unnamed water,water,0.042,17
384392615,Unnamed water,water,0.042,17
384392617,Unnamed water,water,0.042,17
384392620,Unnamed water,water,0.052,17
384392622,Unnamed water,water,0.042,17
384392625,Unnamed water,water,0.117,18
384394317,Kalappai Keni,water,0.25,18
384394319,Thenman Poigai Pond,water,0.385,31
384424974,Unnamed water,water,0.073,8
384427752,Unnamed water,water,0.944,35
384435866,Unnamed wetland,wetland,1.208,26
384437269,Unnamed water,water,0.052,11
384437270,Unnamed water,water,0.36,19
384437271,Unnamed water,water,0.174,21
384437272,Unnamed water,water,0.214,22
384437273,Unnamed water,water,1.354,39
384457089,Unnamed water,water,0.185,11
384467380,Unnamed water,water,0.22,13
384467381,Unnamed water,water,1.634,30
384470982,Unnamed water,water,0.422,21
384470983,Unnamed water,water,0.576,81
384472437,Unnamed water,water,1.61,73
384476259,Thirupunanthal Lake,water,0.675,26
384479651,Unnamed water,water,0.453,14
384479652,Unnamed water,water,0.366,14
384479653,Unnamed water,water,0.256,7
384479654,Unnamed water,water,0.138,5
384479655,Unnamed water,water,0.919,23
384479656,Unnamed water,water,0.186,7
384479657,Unnamed water,water,0.673,17
384479658,Unnamed water,water,0.203,8
384479659,Unnamed water,water,0.521,9
384479666,Unnamed water,water,0.31,7
384482383,Unnamed water,water,0.201,7
384482386,Unnamed water,water,0.251,10
384492635,Unnamed drain,drain,0.864,82
384530140,Unnamed water,water,0.871,122
384530141,Unnamed water,water,0.276,36
384530143,Unnamed water,water,0.511,60
384530144,Unnamed water,water,0.623,75
384530145,Unnamed water,water,0.873,88
384535003,Unnamed water,water,0.306,15
384538995,Unnamed water,water,0.255,20
384622623,Unnamed water,water,2.897,21
384622633,Unnamed water,water,0.802,17
384622634,Unnamed water,water,0.194,8
384622639,Unnamed water,water,0.121,9
384622640,Unnamed water,water,0.142,10
384622641,Unnamed water,water,0.147,24
384622643,Unnamed water,water,0.147,26
384622645,Unnamed water,water,1.404,22
384623422,Unnamed water,water,0.215,14
384623423,Unnamed water,water,0.168,14
384656746,Unnamed water,water,1.233,20
384656747,Unnamed water,water,0.725,21
384660453,Unnamed water,water,0.184,5
384677584,Unnamed water,water,0.295,6
384682188,Unnamed water,water,0.416,10
384682191,Unnamed water,water,0.3,12
384682193,Unnamed water,water,0.798,20
384707596,Unnamed water,water,1.361,49
384783098,Unnamed water,water,0.333,12
384783131,Unnamed water,water,0.258,8
384783319,Unnamed water,water,0.134,9
384783326,Unnamed water,water,0.237,5
384784387,Unnamed water,water,0.515,14
384784388,Unnamed water,water,0.611,14
384784653,Unnamed water,water,0.174,16
384785114,Unnamed water,water,0.475,21
384785115,Unnamed water,water,0.12,9
384785124,Unnamed water,water,0.358,21
384785846,Unnamed water,water,0.46,17
384785854,Unnamed water,water,0.254,12
384785855,Unnamed water,water,0.136,10
384786188,Unnamed water,water,1.253,14
384787655,Unnamed water,water,0.654,14
384790300,Unnamed water,water,0.233,8
384790301,Unnamed water,water,0.181,8
384790302,Unnamed water,water,0.216,9
384790303,Unnamed water,water,0.189,9
384790304,Unnamed water,water,0.395,10
384790335,Unnamed water,water,1.48,15
384791809,Unnamed water,water,1.651,11
384796268,Unnamed water,water,0.306,11
384799421,Unnamed water,water,0.118,7
384799422,Unnamed water,water,0.609,41
384799423,Unnamed water,water,0.132,10
384799424,Unnamed water,water,0.091,7
384801134,Unnamed water,water,0.79,29
384801207,Unnamed water,water,0.388,23
384806324,Unnamed water,water,0.269,5
384806375,Unnamed water,water,0.198,5
384807075,Unnamed water,water,0.169,11
384807076,Unnamed water,water,0.161,14
384807077,Unnamed water,water,0.37,21
384807078,Unnamed water,water,0.166,16
384807082,Unnamed water,water,1.263,22
384807083,Unnamed water,water,0.852,11
384811778,Unnamed water,water,0.211,9
384811807,Unnamed water,water,0.294,13
384811808,Unnamed water,water,0.519,16
384811809,Unnamed water,water,0.14,17
384811811,Unnamed water,water,0.176,12
384811812,Unnamed water,water,0.155,9
384811817,Unnamed water,water,0.573,34
384815911,Unnamed water,water,0.282,12
384815918,Unnamed water,water,0.265,12
384821563,Unnamed water,water,0.366,22
384821602,Unnamed water,water,0.323,15
384821604,Unnamed water,water,0.373,10
384822677,Unnamed water,water,0.289,11
384822678,Unnamed water,water,1.606,26
384824294,Unnamed water,water,2.523,18
384824295,Unnamed water,water,1.055,7
384824296,Unnamed water,water,0.52,12
384824881,Unnamed water,water,0.54,12
384824882,Unnamed water,water,3.449,32
384829634,Unnamed water,water,1.052,7
384836620,Unnamed water,water,0.095,6
384836621,Unnamed water,water,0.361,11
384836634,Unnamed water,water,0.199,15
384838253,Unnamed water,water,0.193,19
384853644,Unnamed water,water,2.243,19
384853661,Unnamed water,water,0.378,14
384853662,Unnamed water,water,2.33,15
384854734,Unnamed water,water,4.163,18
384855646,Unnamed water,water,0.396,7
384856953,Unnamed water,water,0.135,5
384866022,Unnamed water,water,0.273,7
384866024,Unnamed water,water,0.242,5
384869422,Arachi Lake,water,0.69,15
384870773,Unnamed water,water,0.218,5
384941944,Unnamed water,water,0.184,13
384941945,Unnamed water,water,0.215,14
384941946,Unnamed water,water,0.447,16
384941947,Unnamed water,water,0.138,31
384941948,Unnamed water,water,0.974,37
384941949,Unnamed water,water,0.975,39
384941950,Unnamed water,water,0.185,5
384941951,Unnamed water,water,0.208,41
384956627,Unnamed water,water,0.313,11
384956628,Unnamed water,water,0.152,7
384956629,Unnamed water,water,0.42,9
384969569,Unnamed water,water,0.141,12
384971176,Unnamed water,water,1.738,13
384972833,Unnamed water,water,0.097,5
384972834,Unnamed water,water,0.09,5
384972835,Unnamed water,water,0.089,5
384972836,Unnamed water,water,0.089,5
384972837,Unnamed water,water,0.1,5
384972838,Unnamed water,water,0.1,5
384972839,Unnamed water,water,0.094,5
384972840,Unnamed water,water,0.086,5
384972841,Unnamed water,water,0.128,5
384972842,Unnamed water,water,0.108,5
384972862,Unnamed water,water,0.121,5
384975433,Unnamed water,water,0.19,8
384975750,Unnamed water,water,0.107,5
384975751,Unnamed water,water,0.11,5
384975752,Unnamed water,water,0.082,5
384975753,Unnamed water,water,0.084,5
384975754,Unnamed water,water,0.068,5
384975755,Unnamed water,water,0.063,5
384975756,Unnamed water,water,0.06,5
384975757,Unnamed water,water,0.077,5
384975758,Unnamed water,water,0.09,5
385000408,Unnamed water,water,0.587,39
385002770,Unnamed water,water,0.123,5
385006228,Unnamed water,water,0.345,98
385006990,Unnamed water,water,0.298,11
385008102,Unnamed water,water,0.286,5
385008764,Unnamed water,water,0.162,11
385008774,Unnamed water,water,0.093,9
385009173,Unnamed water,water,0.126,6
385009467,Unnamed water,water,0.219,16
385009468,Unnamed water,water,0.33,24
385009488,Unnamed water,water,0.154,14
385010305,Unnamed water,water,0.063,7
385010306,Unnamed water,water,0.1,8
385010307,Unnamed water,water,0.076,9
385027263,Unnamed wetland,wetland,1.621,34
385030602,Unnamed water,water,0.232,6
385032247,Unnamed water,water,0.28,11
385065000,Unnamed water,water,0.323,9
385065002,Unnamed water,water,0.222,5
385065003,Unnamed water,water,0.223,5
385065004,Unnamed water,water,0.68,6
385065005,Unnamed water,water,0.543,7
385065006,Unnamed water,water,0.271,5
385080548,Unnamed water,water,0.318,8
385080552,Unnamed water,water,0.209,7
385083618,Unnamed water,water,0.248,7
385083619,Unnamed water,water,0.263,6
385083683,Unnamed water,water,0.417,10
385083691,Unnamed drain,drain,3.261,51
385083692,Unnamed stream,stream,0.426,8
385096915,Unnamed water,water,0.329,12
385096939,Unnamed water,water,0.172,5
385098284,Unnamed water,water,0.2,5
385101997,Unnamed water,water,0.25,9
385104900,Unnamed water,water,0.625,6
385106823,Unnamed water,water,0.234,9
385113169,Unnamed water,water,0.175,13
385114343,Unnamed water,water,1.481,22
385114344,Unnamed water,water,0.736,10
385116783,Unnamed water,water,0.327,5
385119983,Unnamed water,water,0.297,5
385119989,Unnamed water,water,0.132,8
385119990,Unnamed water,water,0.185,5
385119991,Unnamed water,water,0.285,6
385119992,Unnamed water,water,0.321,10
385119994,Unnamed water,water,0.254,12
385119995,Unnamed water,water,0.451,5
385119996,Unnamed water,water,0.305,10
385119997,Unnamed water,water,0.213,10
385119998,Unnamed water,water,0.221,11
385120544,Unnamed water,water,0.157,9
385123330,Unnamed water,water,0.269,12
385124444,Unnamed water,water,0.267,8
385124447,Unnamed water,water,0.28,7
385137493,Unnamed water,water,0.167,5
385143212,Unnamed wetland,wetland,0.92,27
385151310,Unnamed water,water,0.511,9
385175925,Unnamed water,water,0.277,18
385229043,Unnamed water,water,0.417,19
385243947,Unnamed water,water,0.316,7
385243948,Unnamed wetland,wetland,1.159,17
385261394,Unnamed water,water,0.188,5
385262522,Unnamed water,water,0.355,5
385262523,Unnamed water,water,0.326,5
385263776,Unnamed wetland,wetland,0.543,11
385273227,Unnamed water,water,0.237,12
385273428,Unnamed water,water,0.216,13
385277686,Unnamed water,water,0.217,12
385277919,Unnamed water,water,0.111,5
385279994,Unnamed canal,canal,0.307,21
385279995,Unnamed canal,canal,0.718,34
385287761,Unnamed water,water,0.21,11
385333595,Unnamed stream,stream,0.467,35
385347044,Unnamed water,water,0.108,9
385347045,Unnamed water,water,0.158,13
385347046,Unnamed stream,stream,0.201,15
385347051,Unnamed water,water,0.245,15
385347250,Unnamed water,water,0.148,8
385347253,Unnamed water,water,0.206,10
385347255,Unnamed water,water,0.476,15
385347256,Unnamed water,water,0.15,8
385367114,Unnamed water,water,0.299,8
385367115,Unnamed wetland,wetland,0.659,20
385376054,Unnamed water,water,0.265,11
385380935,Unnamed water,water,0.515,14
385387832,Unnamed water,water,0.185,13
385398978,Unnamed water,water,0.301,10
385398979,Unnamed water,water,0.242,7
385401868,Unnamed water,water,0.335,5
385401876,Unnamed wetland,wetland,0.19,6
385401877,Unnamed water,water,0.203,6
385401881,Unnamed water,water,0.776,8
385401885,Unnamed water,water,0.288,9
385417118,Unnamed water,water,0.64,20
385420125,Unnamed water,water,0.113,13
385420569,Unnamed water,water,0.358,16
385420570,Unnamed water,water,0.569,17
385422555,Unnamed water,water,0.612,12
385422795,Unnamed water,water,1.43,35
385422797,Unnamed water,water,0.243,14
385458655,Unnamed stream,stream,0.948,46
385484716,Unnamed water,water,0.245,14
385496638,Unnamed canal,canal,0.582,29
385496639,Unnamed water,water,0.359,23
385496672,Unnamed water,water,0.318,18
385497552,Unnamed water,water,1.303,69
385541519,Unnamed water,water,0.11,5
385542594,Unnamed water,water,0.165,20
385542602,Unnamed water,water,0.115,11
385542605,Unnamed water,water,0.116,20
385543440,Unnamed water,water,0.177,9
385543447,Unnamed water,water,0.326,22
385543453,Unnamed water,water,0.16,12
385545773,Unnamed water,water,0.13,14
385545774,Unnamed stream,stream,0.213,13
385545775,Unnamed water,water,0.166,24
385546795,Unnamed water,water,0.967,17
385567141,Unnamed wetland,wetland,2.069,46
385608262,Unnamed water,water,0.145,16
385623051,Unnamed stream,stream,0.432,33
385625356,Unnamed water,water,0.337,7
385625844,Unnamed water,water,0.154,5
385630662,Unnamed water,water,0.146,14
385630664,Unnamed water,water,0.172,14
385630666,Unnamed water,water,0.415,25
385630668,Unnamed water,water,0.888,41
385630675,Unnamed canal,canal,6.916,68
385632004,Unnamed water,water,0.364,20
385632005,Unnamed water,water,0.104,8
385698697,Unnamed water,water,0.21,14
385698711,Unnamed water,water,0.21,12
385706159,Unnamed water,water,0.253,6
385706160,Unnamed water,water,0.12,5
385707490,Udayar Palayam Nagar Pond - II,water,0.312,8
385708533,Unnamed water,water,0.203,11
385708837,Zone Office Pond,water,0.42,10
385711964,Unnamed water,water,0.133,7
385785249,Unnamed water,water,0.241,9
385786074,Unnamed water,water,0.156,5
385786366,Vengaivasal Lake,water,0.97,118
385787493,Uthu Kulam,water,0.219,7
385862780,Unnamed ditch,ditch,0.058,2
385862823,Unnamed ditch,ditch,0.013,2
385863726,Unnamed ditch,ditch,0.061,2
385863779,Unnamed ditch,ditch,0.11,3
385863805,Unnamed ditch,ditch,0.019,2
385863837,Unnamed ditch,ditch,0.067,2
385863947,Unnamed ditch,ditch,0.178,6
385865322,Unnamed ditch,ditch,0.619,15
385882919,Unnamed water,water,0.224,14
385885894,Unnamed water,water,0.762,71
385885895,Unnamed water,water,0.712,70
385885896,Unnamed water,water,1.127,93
385885897,Unnamed water,water,0.261,28
385885898,Unnamed water,water,0.435,41
385885900,Unnamed water,water,0.174,21
385885908,Unnamed water,water,0.141,17
385921196,Unnamed water,water,0.259,5
385921198,Unnamed canal,canal,0.404,8
385922220,Unnamed water,water,0.162,5
385922228,Unnamed water,water,0.189,5
385922229,Unnamed water,water,0.406,19
385960717,Unnamed water,water,0.08,10
385960719,Unnamed water,water,2.791,191
386174592,Unnamed water,water,0.088,5
386174593,Unnamed water,water,0.443,37
386174602,Unnamed water,water,0.204,17
386174614,Unnamed water,water,0.167,12
386175569,Unnamed water,water,0.231,16
386175570,Unnamed water,water,0.227,16
386175576,Unnamed water,water,0.231,24
386175577,Unnamed water,water,0.143,15
386177015,Unnamed water,water,0.057,7
386177016,Unnamed water,water,0.093,10
386177017,Unnamed water,water,0.337,25
386177018,Unnamed water,water,0.092,10
386177029,Unnamed water,water,0.176,14
386177053,Unnamed water,water,0.089,9
386178084,Unnamed water,water,0.176,9
386178092,Unnamed water,water,0.134,12
386178101,Unnamed water,water,0.222,14
386178107,Unnamed water,water,0.096,12
386193730,Kamarajapuram Pond,water,0.199,16
386202907,Unnamed ditch,ditch,0.214,3
386202930,Unnamed ditch,ditch,0.095,3
386203121,Unnamed ditch,ditch,0.105,3
386240169,Unnamed water,water,0.204,12
386241734,Unnamed water,water,0.126,8
386241735,Unnamed water,water,0.109,9
386241736,Unnamed water,water,0.115,11
386241737,Unnamed water,water,0.128,9
386241738,Unnamed water,water,0.144,11
386241755,Unnamed water,water,0.308,15
386241791,Unnamed water,water,0.121,10
386241803,Unnamed water,water,0.14,11
386241806,Unnamed water,water,0.157,12
386242730,Unnamed water,water,0.247,12
386242739,Unnamed water,water,0.093,8
386242740,Unnamed water,water,0.062,7
386393827,Unnamed water,water,0.411,12
386500119,Underpass,drain,0.033,2
386635415,Unnamed ditch,ditch,0.056,2
386635473,Unnamed ditch,ditch,0.076,2
386635479,Unnamed ditch,ditch,0.044,2
388671538,Unnamed stream,stream,0.132,4
388923026,Unnamed water,water,0.145,25
388923634,Unnamed water,water,0.158,17
388923635,Unnamed water,water,0.139,19
388923636,Unnamed water,water,0.28,23
388923637,Unnamed water,water,0.417,26
389023250,Unnamed water,water,0.553,21
389023251,Unnamed water,water,0.346,14
389023987,Unnamed water,water,0.202,10
389024155,Unnamed water,water,0.146,10
389024511,Unnamed water,water,0.132,9
389024516,Unnamed water,water,0.159,8
389024819,Unnamed water,water,0.167,5
389025497,Unnamed water,water,0.202,17
389025498,Kilangal Kulam,water,0.244,6
389361172,Unnamed ditch,ditch,0.027,3
389361183,Unnamed ditch,ditch,0.043,4
389361188,Unnamed ditch,ditch,0.044,3
389427335,Unnamed water,water,0.162,16
389427336,Unnamed water,water,0.121,11
389427342,Mangeni Kulam,water,0.217,15
389427343,Unnamed water,water,0.233,17
389427344,Unnamed water,water,0.19,13
389427829,Unnamed water,water,0.162,5
389428126,Unnamed water,water,0.25,13
389428129,Unnamed water,water,0.18,16
389428130,Vannan Kulam,water,0.199,16
389502833,Unnamed water,water,0.353,5
389502838,Unnamed water,water,0.093,11
389505670,Unnamed water,water,0.209,13
389566872,Unnamed ditch,ditch,0.095,6
390025494,Unnamed ditch,ditch,1.37,17
390025543,Unnamed ditch,ditch,1.016,15
390483604,Unnamed water,water,24.035,310
391171619,Unnamed ditch,ditch,0.122,4
391171636,Unnamed ditch,ditch,0.009,2
391206980,Unnamed ditch,ditch,0.073,5
395753069,Thandurai Pond Lake,water,0.272,16
428432225,Unnamed water,water,0.288,7
438356563,Periyakeni Kulam,water,0.295,5
442874728,Unnamed water,water,0.403,11
442874729,Unnamed water,water,0.29,14
442879145,Unnamed water,water,0.251,12
442879146,Unnamed water,water,0.342,27
442879147,Unnamed water,water,0.182,5
459809120,Unnamed water,water,0.222,30
459809124,Unnamed water,water,0.146,64
462707034,Unnamed water,water,0.108,5
462897296,Yethakullam,water,0.229,39
462900584,Jayaramapuram Village Pond,water,0.119,15
462909810,Vanipakkam Lake,water,1.216,36
462909811,NALLUR ERIKARAI,water,1.013,24
462909812,NALLUR ERIKARAII,water,3.651,100
462909813,Nallur Kammarvaripallayam Canal,canal,1.001,22
469943984,Unnamed water,water,0.088,5
474187378,Unnamed drain,drain,1.644,15
479690974,MF sanskriti,water,0.03,5
479690975,Swamp,wetland,0.342,11
479690978,Niot,water,0.051,5
480222397,Unnamed water,water,0.19,5
480348830,Unnamed water,water,0.243,5
480351139,Unnamed water,water,0.843,6
482969237,Unnamed water,water,0.184,5
490995272,Chanthira Sekaran Avenue Lake,water,0.274,5
535357165,Unnamed drain,drain,0.074,3
535357166,Unnamed drain,drain,0.08,2
535357171,Unnamed drain,drain,0.106,2
535357174,Unnamed drain,drain,0.096,2
535357187,Unnamed drain,drain,0.045,2
535357238,Unnamed drain,drain,0.159,4
535357239,Unnamed drain,drain,0.022,2
540171888,Unnamed water,water,0.158,5
540330950,Unnamed water,water,0.337,7
540334058,Water Pond,water,0.237,10
540336526,Unnamed water,water,0.186,7
540377381,Pattabiram Pond,water,0.221,8
544501046,Perungudi Panchayat Pond,water,0.224,6
554596475,Sathya lake,water,0.366,5
554919774,Unnamed water,water,0.47,6
554923682,Unnamed water,water,0.558,5
554923683,Unnamed water,water,0.553,5
554923684,Unnamed water,water,0.144,31
554923685,Unnamed water,water,0.148,31
554923686,Unnamed water,water,0.14,31
554923687,Unnamed water,water,0.14,31
554923688,Unnamed water,water,0.14,31
554923689,Unnamed water,water,0.14,31
556025300,Unnamed water,water,0.298,25
556042015,Unnamed water,water,0.463,7
556044367,Unnamed water,water,0.219,34
556044371,Unnamed water,water,0.202,27
556414706,Unnamed water,water,0.25,8
556414712,Dharmarajapuram Vannan Kulam,water,0.18,5
558926037,Kallu Kuttai Lake,water,0.078,6
558926040,Dhandeeshwaram Temple Tank,water,0.12,5
558926042,Appalang Kulam,water,0.513,20
595453143,Vembuliamman Koil Pond,water,0.134,5
595609706,Unnamed water,water,1.606,34
595611907,Unnamed water,water,3.016,44
595611908,Unnamed water,water,0.624,15
595615727,Kannagi Nagar Kulam,water,0.503,12
595615728,Unnamed water,water,0.58,25
595615729,Panchavan Kuttai,water,0.212,12
595615730,Unnamed water,water,0.261,17
595615731,Unnamed water,water,0.714,23
595615732,Unnamed water,water,2.387,45
595619341,Unnamed water,water,1.084,18
595619344,Unnamed water,water,0.224,8
595619345,Unnamed water,water,0.295,11
595625973,Unnamed water,water,0.55,5
595625974,Unnamed water,water,0.618,17
595626698,Unnamed water,water,0.088,5
595626700,Unnamed water,water,0.789,24
595645437,Unnamed water,water,0.466,19
595645452,Unnamed stream,stream,0.951,36
595654755,Unnamed water,water,0.575,22
597421167,Unnamed water,water,0.616,16
597441920,Unnamed drain,drain,0.78,29
599157658,Unnamed ditch,ditch,0.077,4
614283330,Unnamed water,water,0.164,14
618604817,Unnamed canal,canal,0.429,13
618621965,Unnamed water,water,2.162,29
620333897,Unnamed water,water,0.474,9
620333898,Unnamed water,water,0.222,9
620333899,Unnamed water,water,0.236,9
620333900,Unnamed water,water,1.068,30
620333901,Unnamed water,water,0.716,22
620333902,Unnamed water,water,1.238,25
620705900,Unnamed canal,canal,0.18,6
620713310,Unnamed water,water,0.176,9
620713325,Unnamed canal,canal,1.907,24
620713926,Unnamed water,water,0.267,5
620713927,Unnamed water,water,0.262,5
620717220,Unnamed water,water,0.679,20
620724466,Unnamed water,water,3.141,80
620725768,Unnamed water,water,0.252,7
620725775,Unnamed water,water,0.215,12
620727612,Unnamed drain,drain,0.64,11
620730446,Unnamed stream,stream,1.993,45
620731613,Unnamed water,water,1.359,12
625552782,Unnamed water,water,0.26,11
625552785,Unnamed water,water,1.329,21
625552789,Unnamed water,water,0.22,13
625556027,Unnamed water,water,0.199,11
625556028,Unnamed water,water,0.531,14
625556029,Unnamed water,water,0.41,13
625556030,Unnamed water,water,0.072,8
625556031,Unnamed water,water,0.145,16
625556034,Unnamed water,water,0.4,18
625564658,Madras Fertilizers Pond,water,0.389,11
633624184,Unnamed water,water,0.473,5
633624185,Unnamed water,water,0.254,6
637279655,Unnamed stream,stream,0.083,2
637279656,Unnamed stream,stream,0.49,4
637279657,Unnamed stream,stream,0.142,2
637279658,Unnamed stream,stream,0.516,5
640486160,Unnamed stream,stream,0.146,4
640486162,Unnamed drain,drain,0.038,2
640486163,Unnamed drain,drain,0.265,6
640486164,Unnamed stream,stream,0.065,2
640486165,Unnamed stream,stream,2.209,13
641905999,Unnamed water,water,2.632,21
642838229,Unnamed water,water,0.324,16
642838232,Unnamed water,water,0.916,52
642838233,Unnamed drain,drain,0.727,12
642838234,Unnamed drain,drain,0.3,5
642838235,Unnamed drain,drain,0.192,3
642840217,Unnamed water,water,0.24,9
642840218,Unnamed drain,drain,0.788,12
642840219,Unnamed drain,drain,0.578,8
642845321,Unnamed water,water,0.153,6
642845322,Unnamed water,water,0.184,9
642845340,Unnamed water,water,0.294,6
642847421,Unnamed water,water,0.342,12
642850680,Unnamed water,water,0.389,15
642850681,Unnamed water,water,2.085,60
642850684,Unnamed water,water,0.977,32
642854175,Unnamed river,river,1.458,23
642861359,Unnamed water,water,0.161,8
642869978,Unnamed water,water,0.312,9
642874822,Unnamed water,water,1.106,13
642877313,Unnamed water,water,3.538,36
642877315,Unnamed water,water,1.315,16
642877316,Unnamed water,water,1.122,16
642877317,Unnamed water,water,2.174,35
642880074,Unnamed water,water,0.209,6
642880075,Unnamed water,water,0.287,7
642880079,Unnamed water,water,0.133,6
642880080,Unnamed water,water,0.171,8
642880082,Unnamed river,river,1.291,32
642880084,Unnamed water,water,1.558,33
642880740,Unnamed water,water,1.51,29
642884428,Unnamed water,water,0.542,15
642884430,Unnamed water,water,1.077,26
642884433,Unnamed water,water,1.359,25
642884435,Unnamed water,water,0.291,13
642889008,Unnamed river,river,2.983,44
643528608,Unnamed drain,drain,1.182,49
643528612,Unnamed drain,drain,0.25,14
643528618,Unnamed drain,drain,1.018,18
643528635,Unnamed stream,stream,10.195,68
643533209,Unnamed drain,drain,0.255,10
643533398,Unnamed water,water,1.13,18
645717391,Unnamed water,water,0.205,9
645720480,Unnamed drain,drain,0.55,21
650554713,Unnamed water,water,0.446,5
650554714,Unnamed water,water,0.379,5
650596076,Unnamed water,water,0.216,7
650596102,Unnamed water,water,0.364,5
650596146,Unnamed water,water,1.172,19
650598572,Unnamed water,water,0.206,6
650598573,Unnamed water,water,0.277,17
650598579,Unnamed water,water,2.638,13
650602413,Unnamed drain,drain,0.351,7
650602415,Unnamed drain,drain,0.451,19
650602417,Unnamed water,water,0.23,5
650602429,Unnamed water,water,0.835,20
650607195,Unnamed drain,drain,0.157,4
652928123,Unnamed water,water,0.55,11
652928124,Unnamed water,water,0.324,8
652928125,Unnamed water,water,0.381,14
652928126,Unnamed water,water,1.046,35
652928127,Unnamed water,water,0.209,13
652928129,Unnamed water,water,0.256,12
652928130,Unnamed water,water,0.276,13
652931400,Unnamed drain,drain,0.3,13
660323547,Unnamed water,water,0.249,5
660653291,Unnamed water,water,0.312,5
660655190,Unnamed water,water,0.368,41
661094629,Vettamani Lake,water,0.921,17
661094630,Uppu Kulam,water,0.155,9
661094631,Sathankadu Lake,water,2.473,12
661094632,Harikrishnapuram Lake,water,0.22,14
661094633,Burma Nagar Reservoir,water,0.211,5
661094634,Vadivudaiyamman Koil Kulam,water,0.066,5
661094635,Arunachaleshwarar Koil Kulam,water,0.086,5
661094636,Angala Parameshwari Koil Kulam,water,0.051,5
661094637,Sengazhuneer Pillayar Temple Reservoir,water,0.085,5
661100677,Tharamani Pond,water,0.172,13
661100680,Nadar Street Pond,water,0.113,8
661100681,Puliyenkeni Pond,water,0.219,12
661100682,Mandapa Kuttai,water,0.266,11
661100683,Sada Kuttai,water,0.12,10
661100684,Gangai Amman Kulam,water,0.167,13
661100685,Rettai Kuttai,water,0.151,8
661100686,Bharatiyar Nagar Lake,water,0.623,6
661100690,Nehru Nagar Pond,water,0.423,12
661100692,Vannan Kuttai,water,0.65,23
661100695,Palandeyamman Koil Street Kulam,water,0.053,10
661100696,Jayachandran Nagar Pond,water,0.257,8
661100697,Varadharajapuram Pond,water,0.12,11
661100698,Ambal Nagar Lake,water,0.253,16
661100699,Pillaiyar Koil Kulam,water,0.192,17
661117600,Township Colony Pond,water,0.23,9
661117601,Reddy Kulam,water,0.355,9
661117602,Udayar Palayam Nagar Pond - I,water,0.29,12
661117603,Thenthirupathi Pond,water,0.265,8
661117604,JJ Nagar Lake,water,0.462,6
661117605,Gangai Amman Koil Street Pond,water,0.15,5
661117606,Krishna Nagar Pond,water,0.739,12
661117607,Linga Kulam,water,0.114,15
661117608,Siva Subramani Koil Kulam,water,0.065,6
661117609,Nandeeshwaran Koil Kulam,water,0.139,5
661117610,NGGO Colony Lake,water,1.566,39
661117611,Thamarai Keni Kulam,water,0.158,5
661117612,Kannan Kulam,water,0.131,12
661117613,Panichavan Kuttai,water,0.183,12
661117614,MGR Nagar Pond,water,0.173,8
661178353,Thiruvedee Amman Koil Kulam,water,0.175,12
661178354,Aadikesavaperumal Temple Tank,water,0.155,11
661178355,Thamarai Kulam,water,0.225,14
661178356,Seekathamman Koil Kulam,water,0.112,6
661178357,Kulappan Kulam,water,0.272,14
661178358,Thattan Kulam,water,0.742,14
661178359,Aathi Kulam,water,0.147,9
661178360,Thattankulam,water,0.178,8
661178361,Samiyar Kulam,water,0.13,8
661178362,Swamy Nagar Kulam,water,0.141,9
661178363,Perumal Koil Street Kulam,water,0.141,8
661178364,Ramachandra Nagar Kulam,water,0.168,5
661178365,Kumarappapuram Kulam,water,0.367,8
661178366,Thideer Nagar Lake,water,1.321,31
661178367,Poosani Kulam,water,0.232,10
661178368,Thamarai POND,water,0.319,5
661178369,Kulakkarai Karumariamman Koil Street Pond,water,0.11,5
661178370,Zakir Hussain Pond,water,0.24,5
661178371,Jalakanda Mariyamman Koil Street Pond,water,0.142,6
661178372,Railway Pond 3,water,0.473,5
661178373,Sadayankuppam Tank,water,1.165,28
661178374,Edayanchavadi Pond,water,0.054,5
661178375,Andarkuppam Burial Ground Pond,water,0.146,11
661178376,Natham Purampokku Pond,water,0.17,11
661178377,Kanniyamman Kovil Street Pond,water,0.281,9
665521119,Unnamed water,water,1.112,26
665521120,Unnamed canal,canal,1.573,18
665686266,Unnamed canal,canal,1.442,39
665689549,Unnamed water,water,0.198,10
665696685,Unnamed canal,canal,0.126,7
666758423,Unnamed water,water,0.345,20
666758424,Unnamed water,water,0.376,10
666765037,Unnamed water,water,0.41,8
666765038,Unnamed water,water,0.891,12
666765040,Unnamed water,water,0.614,9
666765730,Unnamed water,water,0.557,11
675826935,Unnamed water,water,0.43,6
677255694,temple pond,water,0.079,9
677746525,Unnamed water,water,0.231,10
682046324,Tower park pond,water,0.344,31
685182151,Unnamed water,water,0.525,61
685182549,Unnamed water,water,0.249,12
696363487,Unnamed drain,drain,0.004,2
696363488,Unnamed drain,drain,0.75,39
696363613,Unnamed drain,drain,0.007,2
696363614,Unnamed drain,drain,0.045,4
696533196,Unnamed ditch,ditch,0.012,2
696533197,Unnamed ditch,ditch,0.038,2
696533198,Unnamed ditch,ditch,0.215,3
696533211,Unnamed ditch,ditch,0.046,2
696533212,Unnamed ditch,ditch,0.2,3
696533213,Unnamed drain,drain,0.283,7
696533214,Unnamed drain,drain,0.009,2
696533217,Unnamed drain,drain,0.003,2
696533218,Unnamed drain,drain,0.04,3
696533227,Unnamed ditch,ditch,0.004,2
696533228,Unnamed ditch,ditch,1.959,50
696533232,Unnamed ditch,ditch,0.008,2
696533233,Unnamed ditch,ditch,0.272,9
704209771,Unnamed water,water,1.591,13
706896507,Unnamed stream,stream,0.024,2
706896508,Unnamed stream,stream,0.05,2
706900380,Unnamed canal,canal,0.005,2
706900381,Unnamed canal,canal,0.728,12
706900385,Unnamed ditch,ditch,0.012,2
706900386,Unnamed ditch,ditch,0.117,6
706900387,Chembarampakkam water for irrigation,stream,0.005,2
706900388,Chembarampakkam water for irrigation,stream,0.405,12
722479444,Unnamed water,water,0.075,5
722479445,Unnamed water,water,0.09,5
729232168,Unnamed water,water,0.367,7
729883718,Unnamed water,water,0.379,5
731551448,Buckingham Kaalvaai,canal,111.597,342
733490385,Wipro CDC 5 Pond,water,0.141,20
733492145,Mini Pond area in Opaline woods Park,water,0.136,12
733492147,Swamp area in Opaline,wetland,0.254,13
733530086,Wipro CDC 5 Pond near Learning Centre,water,0.24,15
733530089,Mini pond with artificial waterfall,water,0.034,7
740146567,Unnamed water,water,0.05,39
740151030,Unnamed water,water,0.065,39
740151031,Unnamed water,water,0.065,39
748948563,Unnamed water,water,0.37,5
754068463,Unnamed wetland,wetland,0.776,86
754069136,Unnamed water,water,0.154,20
772410448,Unnamed water,water,0.368,9
813634942,Unnamed canal,canal,1.165,10
813634947,Unnamed wetland,wetland,2.52,28
813634949,Unnamed water,water,0.442,9
813634975,Unnamed wetland,wetland,1.042,12
820175629,Unnamed water,water,0.19,13
822593959,Buckingham Canal,canal,58.176,185
827361993,Krishna Canal,canal,0.043,2
827563328,Unnamed stream,stream,0.014,2
827563329,Unnamed stream,stream,0.012,2
828034311,Krishna Canal,canal,0.355,3
828034312,Krishna Canal,canal,4.898,19
828408233,Unnamed ditch,ditch,0.02,2
828408234,Unnamed ditch,ditch,0.347,9
828474150,Unnamed canal,canal,0.005,2
828474151,Unnamed canal,canal,0.004,2
828684107,Unnamed ditch,ditch,0.008,2
828684108,Unnamed ditch,ditch,0.028,3
828684150,Unnamed drain,drain,0.01,2
828684151,Unnamed drain,drain,0.175,3
828771274,Unnamed stream,stream,0.014,2
828771275,Unnamed stream,stream,0.318,7
828771276,Unnamed stream,stream,0.021,2
828771277,Unnamed stream,stream,1.067,25
828771391,Unnamed stream,stream,0.018,2
828771392,Unnamed stream,stream,6.641,59
829118039,Unnamed canal,canal,1.153,9
829275103,Unnamed canal,canal,0.036,2
829275104,Unnamed canal,canal,0.287,4
829501111,Unnamed stream,stream,0.024,2
829501112,Unnamed stream,stream,0.685,7
829501113,Unnamed stream,stream,0.016,2
829501114,Unnamed stream,stream,0.293,5
829501115,Unnamed stream,stream,0.017,2
829501116,Unnamed stream,stream,0.17,9
829513448,Unnamed canal,canal,0.038,2
829513449,Unnamed canal,canal,0.411,4
829513451,Unnamed canal,canal,0.025,2
829513452,Unnamed canal,canal,0.317,3
830029634,Unnamed stream,stream,0.006,2
830029635,Unnamed stream,stream,0.553,66
830928011,Unnamed stream,stream,2.487,39
830928047,Unnamed stream,stream,7.925,107
830928058,Unnamed water,water,2.672,11
830928059,Unnamed water,water,4.162,25
830928082,Unnamed water,water,4.236,23
830928090,Unnamed drain,drain,1.746,73
831047456,Unnamed water,water,9.297,32
831047472,Unnamed water,water,22.751,129
831047476,Unnamed ditch,ditch,1.315,27
831047477,Unnamed drain,drain,0.097,3
831047479,Unnamed stream,stream,2.559,47
831047480,Unnamed stream,stream,3.801,15
831047481,Unnamed stream,stream,10.626,115
831047484,Unnamed drain,drain,1.026,5
831698016,Unnamed drain,drain,0.007,2
831698017,Unnamed drain,drain,0.315,7
831698018,Unnamed drain,drain,0.006,2
831698019,Unnamed drain,drain,0.065,3
832231266,Unnamed canal,canal,4.847,27
832231267,Unnamed canal,canal,0.011,2
832522565,Unnamed drain,drain,0.009,2
832522566,Unnamed drain,drain,1.114,6
833521018,Unnamed stream,stream,0.011,2
833521019,Unnamed stream,stream,0.372,7
833745765,Unnamed drain,drain,0.029,2
833745766,Unnamed drain,drain,0.927,5
833840450,Surplus water drain,drain,0.364,10
833840451,Surplus water drain,drain,0.013,2
833881739,Unnamed drain,drain,0.02,2
833881740,Unnamed drain,drain,0.421,8
834538881,Unnamed drain,drain,0.009,2
834538882,Unnamed drain,drain,0.011,2
834624576,Unnamed canal,canal,0.669,4
834624577,Unnamed canal,canal,0.095,2
834624578,Unnamed stream,stream,0.473,21
834624579,Unnamed stream,stream,0.033,2
834888383,Unnamed water,water,0.417,8
835007994,Unnamed drain,drain,1.302,9
835007995,Unnamed drain,drain,0.011,2
835726492,Unnamed drain,drain,0.034,3
835726493,Unnamed drain,drain,0.01,2
835726494,Unnamed drain,drain,0.028,2
835726495,Unnamed drain,drain,0.662,10
835726496,Unnamed drain,drain,0.103,3
835726497,Unnamed drain,drain,0.211,2
835785681,Stormwater Drain,drain,0.003,2
835785682,Stormwater Drain,drain,0.054,4
836320336,Unnamed stream,stream,0.015,2
836320337,Unnamed stream,stream,0.228,11
836320338,Unnamed drain,drain,0.011,2
836320339,Unnamed drain,drain,0.118,7
836320340,Unnamed stream,stream,0.004,2
836320341,Unnamed stream,stream,0.012,2
836320342,Unnamed stream,stream,0.02,2
836320343,Unnamed stream,stream,0.14,4
836320347,Unnamed drain,drain,0.009,2
836320348,Unnamed drain,drain,0.379,10
836320349,Unnamed ditch,ditch,0.013,2
836320350,Unnamed ditch,ditch,0.038,2
836320351,Unnamed drain,drain,0.01,2
836320352,Unnamed drain,drain,0.048,4
836320358,Unnamed stream,stream,0.026,2
836320359,Unnamed stream,stream,0.485,15
836320367,Chembarambakkam irrigation canal,ditch,0.005,2
836320368,Chembarambakkam irrigation canal,ditch,0.173,6
836320369,Chembarambakkam irrigation canal,ditch,0.009,2
836320370,Chembarambakkam irrigation canal,ditch,0.681,19
836326669,Unnamed drain,drain,0.065,2
836326670,Unnamed drain,drain,0.028,2
836326671,Chembarampakkam water for irrigation,stream,0.021,2
836326672,Chembarampakkam water for irrigation,stream,0.544,9
836326673,Chembarampakkam water for irrigation,stream,0.018,2
836326674,Chembarampakkam water for irrigation,stream,0.286,10
836326675,Unnamed drain,drain,0.026,2
836326676,Unnamed drain,drain,0.345,3
836333666,Unnamed stream,stream,0.043,2
836333667,Unnamed stream,stream,0.106,5
836333668,Chembarampakkam water for irrigation,stream,0.087,3
836333669,Chembarampakkam water for irrigation,stream,0.31,8
836797920,Unnamed drain,drain,0.01,2
836797921,Unnamed drain,drain,0.026,2
836797922,Unnamed drain,drain,0.019,2
836797923,Unnamed drain,drain,0.007,2
836797924,Unnamed drain,drain,0.019,2
836797925,Unnamed drain,drain,0.007,2
836797926,Unnamed drain,drain,0.022,2
836797927,Unnamed drain,drain,0.019,2
836797928,Unnamed drain,drain,0.008,2
836797929,Unnamed drain,drain,0.019,2
836797930,Unnamed drain,drain,0.004,2
836797931,Unnamed drain,drain,0.023,2
836797932,Unnamed drain,drain,0.019,2
836797933,Unnamed drain,drain,0.01,2
836797934,Unnamed drain,drain,0.019,2
836797935,Unnamed drain,drain,0.004,2
836797936,Unnamed drain,drain,0.023,2
836797937,Unnamed drain,drain,0.019,2
836797938,Unnamed drain,drain,0.014,2
836797939,Unnamed drain,drain,0.019,2
836797940,Unnamed drain,drain,0.01,2
836797941,Unnamed drain,drain,0.023,2
836797942,Unnamed drain,drain,0.019,2
836797943,Unnamed drain,drain,0.026,2
836797944,Unnamed drain,drain,0.019,2
836797945,Unnamed drain,drain,0.004,2
836797946,Unnamed drain,drain,0.025,2
836797947,Unnamed drain,drain,0.019,2
836797948,Unnamed drain,drain,0.016,2
836797949,Unnamed drain,drain,0.019,2
836835728,Thandurai Pond Lake,water,0.402,8
837049427,Unnamed drain,drain,0.152,3
837068307,Thanthi Channel,drain,2.183,30
837068308,Thanthi Channel,drain,0.054,2
837068335,Chembarambakkam irrigation canal,canal,1.204,35
837068336,Chembarambakkam irrigation canal,canal,0.102,2
840519180,Unnamed water,water,0.196,8
840880636,Unnamed water,water,0.281,6
840880637,Unnamed water,water,0.272,6
840880638,Unnamed water,water,0.125,5
840880639,Unnamed water,water,0.144,5
840880646,Unnamed water,water,0.205,5
840880647,Unnamed water,water,0.165,5
840880648,Unnamed water,water,0.212,5
840880649,Unnamed water,water,0.332,5
840880650,Unnamed water,water,0.332,5
840983561,Unnamed ditch,ditch,0.049,5
843255609,Unnamed water,water,2.222,88
843608975,Unnamed water,water,4.472,74
847263340,Unnamed water,water,0.524,28
856053254,Unnamed water,water,0.566,51
856053255,Unnamed water,water,0.511,46
856053256,Unnamed water,water,0.209,19
856053257,Unnamed water,water,0.437,32
856053258,Unnamed water,water,0.301,17
856053259,Unnamed water,water,0.675,17
856053260,Unnamed water,water,0.465,13
856053261,Unnamed water,water,0.762,16
856053262,Unnamed water,water,0.248,10
856053263,Unnamed water,water,0.94,19
856053744,Unnamed water,water,0.82,99
856054034,Unnamed water,water,1.295,47
856305213,Unnamed water,water,0.088,8
864059072,Unnamed water,water,0.262,18
864059073,Moovarasampettai Lake,water,1.64,41
864059074,Unnamed water,water,0.578,28
864059075,Unnamed water,water,0.18,10
881880730,Unnamed drain,drain,0.196,9
881880731,Unnamed drain,drain,0.02,4
881880732,Unnamed drain,drain,0.158,4
881880733,Unnamed drain,drain,0.011,2
881880734,Unnamed drain,drain,0.035,2
881880735,Unnamed drain,drain,0.011,2
881880736,Unnamed drain,drain,0.147,4
881880737,Unnamed drain,drain,0.011,2
881880738,Unnamed drain,drain,0.024,2
881880739,Unnamed drain,drain,0.014,2
881880740,Unnamed drain,drain,0.097,3
881880741,Unnamed drain,drain,0.011,2
881880742,Unnamed drain,drain,0.037,3
881880743,Unnamed drain,drain,0.007,2
886863070,Unnamed wetland,wetland,0.35,17
892146830,Unnamed wetland,wetland,4.203,34
896205012,Unnamed canal,canal,0.412,19
896205013,Unnamed canal,canal,0.279,12
896205014,Unnamed canal,canal,0.284,21
896205015,Unnamed canal,canal,0.027,2
896205016,Unnamed canal,canal,0.008,2
896205017,Unnamed canal,canal,0.005,2
910151265,Kosasthalaiyar River,river,3.146,8
910151277,Kosasthalaiyar River,river,18.386,57
911275609,Unnamed drain,drain,1.003,8
911275610,Unnamed drain,drain,0.066,2
927624558,Unnamed drain,drain,0.006,2
931667168,Omakulam,water,0.337,20
932267465,Gangaiamman Temple Pond,water,0.349,11
941826279,Unnamed wetland,wetland,5.379,67
941826280,Unnamed wetland,wetland,6.787,66
955974835,Unnamed water,water,2.016,61
964595199,Unnamed stream,stream,0.064,6
964595200,Unnamed stream,stream,0.007,2
964595234,Unnamed water,water,0.384,22
964595243,Unnamed water,water,0.201,26
964595265,Unnamed water,water,0.199,23
964595279,Unnamed water,water,0.179,22
1006233852,Unnamed water,water,0.25,7
1017178628,Unnamed river,river,1.013,24
1017178657,Unnamed stream,stream,2.012,43
1022416288,Sirugulam,water,0.408,7
1022416522,Unnamed canal,canal,1.619,26
1022416523,Unnamed canal,canal,0.281,4
1022416524,Unnamed canal,canal,0.014,2
1035168091,Unnamed drain,drain,2.141,16
1040010913,Unnamed drain,drain,1.141,3
1040010914,Unnamed drain,drain,0.019,2
1040010915,Unnamed drain,drain,1.507,6
1040010916,Unnamed drain,drain,0.012,2
1040499032,Unnamed drain,drain,0.118,4
1040499033,Unnamed drain,drain,0.021,2
1040499034,Unnamed drain,drain,0.027,2
1040499042,Unnamed drain,drain,0.87,17
1040499043,Unnamed drain,drain,0.013,3
1040534284,Unnamed drain,drain,0.018,2
1040534285,Unnamed drain,drain,0.246,5
1040534286,Unnamed drain,drain,0.011,2
1040534287,Unnamed drain,drain,0.195,4
1040534288,Unnamed drain,drain,0.021,2
1040534289,Unnamed drain,drain,0.229,6
1040534290,Unnamed drain,drain,0.011,2
1051234324,Unnamed water,water,0.38,39
1051241362,Unnamed water,water,0.211,5
1051964867,Pacifica Aurum Pond,water,0.305,11
1053244041,Unnamed water,water,0.199,5
1053244065,Unnamed water,water,0.586,31
1053244066,Unnamed water,water,0.631,7
1060226605,Unnamed water,water,0.259,5
1060226606,Unnamed water,water,0.217,5
1060226619,Unnamed water,water,0.043,5
1060226620,Unnamed water,water,0.043,5
1060226655,Unnamed wetland,wetland,0.8,35
1060235966,Unnamed water,water,0.39,5
1060235998,Unnamed water,water,0.07,5
1060235999,Unnamed water,water,0.092,5
1060236000,Unnamed water,water,0.105,5
1060246409,Unnamed water,water,0.258,5
1060246410,Unnamed water,water,0.259,5
1060246411,Unnamed water,water,0.378,5
1060246412,Unnamed water,water,0.258,5
1060246413,Unnamed water,water,0.258,5
1060955179,Unnamed water,water,0.38,32
1061234667,Unnamed drain,drain,0.51,3
1061234668,Unnamed drain,drain,0.101,2
1061234669,Unnamed drain,drain,0.113,2
1061234670,Unnamed drain,drain,0.108,2
1061234673,Unnamed drain,drain,0.149,5
1061234674,Unnamed drain,drain,0.055,2
1061234675,Unnamed drain,drain,0.316,2
1061234676,Unnamed drain,drain,0.056,2
1061234677,Unnamed drain,drain,0.175,2
1061234678,Unnamed drain,drain,0.091,2
1061256246,Unnamed drain,drain,0.183,3
1061256247,Unnamed drain,drain,0.016,2
1061256248,Unnamed drain,drain,0.059,3
1061256249,Unnamed drain,drain,0.018,2
1062025017,Unnamed water,water,0.129,20
1062025018,Unnamed water,water,0.129,20
1062025019,Unnamed water,water,0.183,20
1062025020,Unnamed water,water,0.183,21
1062025021,Unnamed water,water,0.182,20
1062025022,Unnamed water,water,0.183,20
1062025023,Unnamed water,water,0.133,20
1062025024,Unnamed water,water,0.139,20
1062025025,Unnamed water,water,0.326,5
1062025026,Unnamed water,water,0.254,5
1062025028,Unnamed water,water,0.251,5
1062025035,Unnamed water,water,0.13,20
1062025036,Unnamed water,water,0.131,20
1062025037,Unnamed water,water,0.181,20
1062025038,Unnamed water,water,0.186,20
1062025039,Unnamed water,water,0.185,20
1062025040,Unnamed water,water,0.18,20
1062025042,Unnamed water,water,0.134,20
1062025043,Unnamed water,water,0.135,20
1062025044,Unnamed water,water,0.326,5
1062025045,Unnamed water,water,0.326,5
1062025046,Unnamed water,water,0.326,5
1062025047,Unnamed water,water,0.326,5
1062025059,Unnamed water,water,0.095,20
1062025060,Unnamed water,water,0.182,20
1062025061,Unnamed water,water,0.182,20
1062025066,Unnamed water,water,0.248,5
1062025067,Unnamed water,water,0.46,9
1062025074,Unnamed water,water,0.154,5
1062025075,Unnamed water,water,0.154,5
1062025076,Unnamed water,water,0.329,5
1062025077,Unnamed water,water,0.328,5
1062025078,Unnamed water,water,0.253,24
1062025081,Unnamed water,water,0.138,5
1062025085,Unnamed water,water,0.171,25
1062025091,Unnamed water,water,0.093,20
1062025092,Unnamed water,water,0.093,20
1062025096,Unnamed water,water,0.093,20
1062025097,Unnamed water,water,0.093,20
1062025098,Unnamed water,water,0.103,5
1062025101,Unnamed water,water,0.335,5
1062025102,Unnamed water,water,0.335,5
1062025103,Unnamed water,water,0.1,20
1062025104,Unnamed water,water,0.1,20
1062025105,Unnamed water,water,0.098,5
1062025106,Unnamed water,water,0.1,20
1062025107,Unnamed water,water,0.098,20
1062025111,Unnamed water,water,0.037,20
1062025112,Unnamed water,water,0.037,20
1062025116,Unnamed water,water,0.073,20
1062025117,Unnamed water,water,0.073,20
1062025118,Unnamed water,water,0.079,20
1062025124,Unnamed water,water,0.136,5
1062025132,Unnamed water,water,0.332,5
1062025133,Unnamed water,water,0.118,20
1062025134,Unnamed water,water,0.153,20
1062025135,Unnamed water,water,0.152,20
1062025136,Unnamed water,water,0.113,5
1062025139,Unnamed water,water,0.162,20
1062025140,Unnamed water,water,0.162,20
1064859721,Svce pond,water,0.253,12
1065750655,Unnamed drain,drain,0.003,2
1065750656,Unnamed drain,drain,0.009,2
1065750658,Unnamed drain,drain,0.312,5
1065750659,Unnamed drain,drain,0.014,2
1065750660,Unnamed drain,drain,0.121,10
1065750661,Unnamed drain,drain,0.014,2
1065750670,Unnamed drain,drain,0.339,15
1065750671,Unnamed drain,drain,0.009,2
1065750672,Unnamed drain,drain,0.003,2
1065750673,Unnamed drain,drain,0.006,2
1065750680,Unnamed drain,drain,0.272,14
1065759699,Unnamed water,water,0.145,5
1065781836,Surplus water drain,drain,0.034,2
1065781837,Surplus water drain,drain,0.014,2
1066019828,Unnamed water,water,0.491,45
1066019829,Unnamed water,water,0.041,6
1066036338,Gandhi Road Pond,water,0.201,20
1066918562,Unnamed water,water,0.204,17
1067160259,Unnamed wetland,wetland,0.297,6
1067160260,Unnamed wetland,wetland,1.018,21
1067160261,Unnamed wetland,wetland,1.431,23
1067160262,Unnamed wetland,wetland,0.893,18
1073741456,Unnamed wetland,wetland,0.313,46
1073741457,Unnamed wetland,wetland,1.037,193
1073741458,Unnamed wetland,wetland,0.343,64
1073741459,Unnamed wetland,wetland,0.149,15
1074457200,Unnamed water,water,0.132,20
1074457211,Unnamed water,water,0.048,5
1074457254,Unnamed water,water,0.121,7
1074457359,Unnamed water,water,0.171,20
1074508473,Unnamed water,water,0.052,5
1074547146,Unnamed water,water,0.336,53
1075635932,Unnamed water,water,0.265,29
1075752744,Unnamed canal,canal,0.563,15
1075752745,Unnamed canal,canal,0.024,2
1075752746,Unnamed canal,canal,0.025,2
1075752747,Unnamed canal,canal,0.023,2
1076229579,Unnamed wetland,wetland,0.349,61
1076229580,Unnamed wetland,wetland,1.054,206
1076229583,Unnamed wetland,wetland,0.283,61
1076229588,Unnamed wetland,wetland,0.111,13
1080301439,Unnamed drain,drain,0.205,2
1080301440,Unnamed drain,drain,0.339,5
1080320415,Veerangal Canal,drain,0.038,2
1080320416,Veerangal Canal,drain,0.249,4
1080320417,Veerangal Canal,drain,2.426,31
1080320418,Veerangal Canal,drain,0.02,2
1080322573,Unnamed drain,drain,0.327,13
1080322574,Unnamed drain,drain,0.069,2
1080352339,Buckingham Canal,canal,0.144,2
1080352340,Buckingham Canal,canal,0.292,5
1080599120,Unnamed water,water,2.242,58
1081264275,Unnamed drain,drain,0.032,2
1089517851,Unnamed drain,drain,0.13,3
1089517854,Unnamed drain,drain,0.033,2
1089517858,Unnamed drain,drain,0.318,6
1089517860,Unnamed drain,drain,0.69,5
1089517861,Unnamed drain,drain,0.533,2
1089517862,Unnamed drain,drain,0.864,9
1089712381,Unnamed drain,drain,0.087,3
1089712388,Unnamed drain,drain,0.133,3
1089712389,Unnamed drain,drain,0.224,3
1096754048,Unnamed drain,drain,0.046,4
1104535880,Unnamed wetland,wetland,0.87,26
1105956376,drain path,canal,0.388,4
1118561504,Unnamed drain,drain,0.692,23
1119111148,Thamarai Kulum,water,0.408,14
1119129442,Veppampattu Lake,water,0.345,53
1119129611,Unnamed water,water,0.26,18
1119149911,Unnamed water,water,0.331,32
1119334674,Unnamed water,water,0.339,42
1119334750,Unnamed water,water,0.165,23
1123068812,Unnamed water,water,0.399,11
1123068813,Unnamed water,water,0.353,10
1123068814,Unnamed water,water,0.31,8
1123068815,Unnamed water,water,0.344,7
1123068816,Unnamed water,water,0.436,9
1123068817,Unnamed water,water,0.463,10
1123068818,Unnamed water,water,0.214,6
1123068819,Unnamed water,water,0.917,18
1123068820,Unnamed water,water,0.504,9
1123068821,Unnamed water,water,0.491,7
1123068822,Unnamed water,water,0.425,7
1123068823,Unnamed water,water,0.285,6
1123068824,Unnamed water,water,0.309,6
1123068826,Unnamed water,water,0.295,8
1123068827,Unnamed water,water,0.389,6
1123838335,Unnamed drain,drain,1.419,45
1123838336,Unnamed drain,drain,0.012,2
1123838337,Unnamed drain,drain,0.422,10
1123838338,Unnamed drain,drain,0.008,2
1123838343,Unnamed drain,drain,0.009,2
1123838344,Unnamed drain,drain,0.006,2
1123838345,Unnamed drain,drain,0.005,2
1123838346,Unnamed drain,drain,0.008,2
1123838347,Unnamed drain,drain,0.294,8
1123838348,Unnamed drain,drain,0.009,2
1123838349,Unnamed drain,drain,0.063,5
1123838350,Unnamed drain,drain,0.01,2
1124797343,Unnamed water,water,0.166,48
1124798108,Unnamed water,water,1.529,48
1124798109,Unnamed water,water,1.522,50
1124798110,Unnamed water,water,0.257,8
1124798111,Unnamed water,water,0.499,8
1124798112,Unnamed water,water,1.271,31
1124798113,Unnamed water,water,0.428,14
1124798114,Unnamed water,water,0.546,10
1124798115,Unnamed water,water,0.211,9
1127503333,Unnamed water,water,0.115,13
1127503334,Buckingham Canal,canal,0.317,12
1127503335,Cooum River Lock,canal,0.045,2
1127503338,Unnamed water,water,0.148,36
1128384521,Unnamed water,water,0.158,42
1131700757,Unnamed water,water,0.222,42
1131700806,Unnamed wetland,wetland,0.221,30
1131700807,Unnamed water,water,0.559,73
1131919638,Unnamed wetland,wetland,1.52,37
1131919639,Unnamed water,water,0.318,11
1131919642,Unnamed wetland,wetland,1.363,29
1131919643,Unnamed wetland,wetland,1.413,35
1131919644,Unnamed wetland,wetland,0.573,14
1131919645,Unnamed wetland,wetland,1.045,13
1131919646,Unnamed wetland,wetland,0.418,11
1131919647,Unnamed wetland,wetland,0.608,15
1131919648,Unnamed wetland,wetland,0.413,9
1131919649,Unnamed wetland,wetland,1.104,31
1131919650,Unnamed water,water,0.287,20
1131919651,Unnamed wetland,wetland,0.998,32
1131919652,Unnamed wetland,wetland,1.009,10
1131919653,Unnamed wetland,wetland,2.628,52
1131919654,Unnamed wetland,wetland,3.249,40
1131919655,Unnamed wetland,wetland,3.489,26
1131919656,Unnamed wetland,wetland,1.85,32
1131919657,Unnamed wetland,wetland,1.046,23
1131919658,Unnamed wetland,wetland,1.375,17
1131919659,Unnamed wetland,wetland,3.35,41
1131919660,Unnamed water,water,0.859,15
1132154729,Unnamed drain,drain,0.104,2
1132419633,Unnamed water,water,0.161,25
1132419635,Unnamed wetland,wetland,0.34,64
1132419638,Unnamed water,water,0.762,96
1132419640,Unnamed wetland,wetland,0.717,88
1132419641,Unnamed wetland,wetland,0.185,31
1137567398,Unnamed water,water,0.388,40
1137581556,Unnamed water,water,0.066,5
1137581564,Unnamed water,water,0.135,5
1143789547,Unnamed water,water,0.135,5
1147391890,Unnamed drain,drain,0.006,2
1147391891,Unnamed drain,drain,0.01,2
1147391892,Unnamed drain,drain,0.153,6
1147391893,Unnamed drain,drain,0.011,2
1147391894,Unnamed drain,drain,0.038,3
1147391895,Unnamed drain,drain,0.006,2
1147470898,Unnamed drain,drain,2.77,15
1147470899,Unnamed drain,drain,0.013,2
1147480426,Unnamed drain,drain,1.477,7
1147480427,Unnamed drain,drain,0.013,2
1147580852,Unnamed drain,drain,0.599,10
1147580853,Unnamed drain,drain,0.012,2
1147580854,Unnamed drain,drain,0.185,6
1147580855,Unnamed drain,drain,0.01,2
1147580856,Unnamed drain,drain,0.235,5
1147580857,Unnamed drain,drain,0.013,2
1147580858,Unnamed stream,stream,0.338,5
1147580859,Unnamed stream,stream,0.013,2
1147580860,Unnamed stream,stream,0.913,6
1147580861,Unnamed stream,stream,0.013,2
1147580862,Unnamed drain,drain,0.012,2
1147580863,Unnamed drain,drain,0.006,2
1147580864,Unnamed drain,drain,0.695,12
1147580865,Unnamed drain,drain,0.012,2
1147580866,Unnamed drain,drain,0.718,12
1147580867,Unnamed drain,drain,0.012,2
1147580868,Unnamed drain,drain,0.802,11
1147580869,Unnamed drain,drain,0.013,2
1147580870,Unnamed drain,drain,0.247,6
1147580871,Unnamed drain,drain,0.012,2
1147580872,Unnamed drain,drain,0.012,2
1147580873,Unnamed drain,drain,0.007,2
1149490086,Unnamed river,river,0.13,4
1149490087,Unnamed river,river,0.007,2
1149819200,Unnamed drain,drain,3.794,64
1150294708,Unnamed drain,drain,0.366,18
1150294709,Unnamed drain,drain,0.012,2
1150294710,Unnamed drain,drain,0.295,12
1150294711,Unnamed drain,drain,0.011,2
1150294712,Unnamed drain,drain,0.16,6
1150294713,Unnamed drain,drain,0.292,9
1150294714,Unnamed drain,drain,0.009,2
1150294715,Unnamed drain,drain,0.581,15
1150294716,Unnamed drain,drain,0.012,2
1151035773,Chembarambakkam irrigation canal,canal,1.233,39
1151035774,Chembarambakkam irrigation canal,canal,0.011,2
1151035775,Chembarambakkam irrigation canal,canal,0.492,41
1151035776,Chembarambakkam irrigation canal,canal,0.012,2
1151035777,Chembarambakkam irrigation canal,canal,0.242,14
1151035778,Chembarambakkam irrigation canal,canal,0.012,2
1151035779,Chembarambakkam irrigation canal,canal,0.378,17
1151035780,Chembarambakkam irrigation canal,canal,0.013,2
1151277734,Unnamed drain,drain,0.507,10
1151277735,Unnamed drain,drain,0.108,2
1151277736,Unnamed drain,drain,0.025,2
1151277737,Unnamed drain,drain,0.177,4
1151277738,Unnamed drain,drain,0.011,2
1151277739,Unnamed drain,drain,0.158,2
1151277740,Unnamed drain,drain,0.012,2
1151277741,Unnamed drain,drain,0.313,6
1151277742,Unnamed drain,drain,0.046,2
1151277743,Unnamed drain,drain,0.013,2
1151277746,Unnamed drain,drain,0.582,17
1151277748,Unnamed drain,drain,0.054,3
1151277749,Unnamed drain,drain,0.009,2
1151277750,Unnamed drain,drain,1.017,34
1151277751,Unnamed drain,drain,0.504,15
1151277752,Unnamed drain,drain,0.009,2
1151277753,Unnamed drain,drain,0.081,4
1151277754,Unnamed drain,drain,0.008,2
1151277755,Unnamed drain,drain,0.545,14
1151277756,Unnamed drain,drain,0.009,2
1151570507,Unnamed drain,drain,0.391,7
1151570508,Unnamed drain,drain,0.014,2
1151570509,Unnamed drain,drain,0.219,3
1151570510,Unnamed drain,drain,0.009,2
1151570511,Unnamed drain,drain,0.171,9
1151570512,Unnamed drain,drain,0.007,2
1151570513,Unnamed drain,drain,0.186,6
1151570514,Unnamed drain,drain,0.012,2
1151570515,Unnamed drain,drain,0.066,4
1151570516,Unnamed drain,drain,0.041,3
1151570517,Unnamed drain,drain,0.008,2
1151570518,Unnamed drain,drain,0.039,2
1151570519,Unnamed drain,drain,0.009,2
1151570520,Unnamed drain,drain,0.033,3
1151570521,Unnamed drain,drain,0.007,2
1151570522,Unnamed drain,drain,0.08,4
1151570523,Unnamed drain,drain,0.009,2
1151570524,Unnamed drain,drain,0.033,3
1151570525,Unnamed drain,drain,0.008,2
1151570526,Unnamed drain,drain,0.04,2
1151570527,Unnamed drain,drain,0.008,2
1151570528,Unnamed drain,drain,0.075,3
1151570529,Unnamed drain,drain,0.01,2
1151570530,Unnamed drain,drain,0.045,3
1151570531,Unnamed drain,drain,0.007,2
1151570532,Unnamed drain,drain,0.132,4
1151570533,Unnamed drain,drain,0.015,2
1151570534,Unnamed drain,drain,0.256,6
1151570535,Unnamed drain,drain,0.01,2
1151570536,Unnamed drain,drain,0.032,3
1151570537,Unnamed drain,drain,0.008,2
1151570538,Unnamed drain,drain,0.111,3
1151570539,Unnamed drain,drain,0.007,2
1151570540,Unnamed drain,drain,0.043,3
1151570541,Unnamed drain,drain,0.007,2
1151570542,Unnamed drain,drain,0.041,3
1151570543,Unnamed drain,drain,0.009,2
1151570544,Unnamed drain,drain,0.019,2
1151570545,Unnamed drain,drain,0.007,2
1151570546,Unnamed drain,drain,0.03,3
1151570547,Unnamed drain,drain,0.007,2
1151570548,Unnamed drain,drain,0.045,3
1151570549,Unnamed drain,drain,0.011,2
1151629361,Unnamed canal,canal,0.388,16
1151629362,Unnamed canal,canal,0.014,2
1151629363,Chembarambakkam Irrigation canal,drain,0.777,22
1151629364,Chembarambakkam Irrigation canal,drain,0.013,2
1151629365,Chembarampakkam water for irrigation,stream,0.183,4
1151629366,Chembarampakkam water for irrigation,stream,0.012,2
1151629367,Unnamed canal,canal,0.319,8
1151629368,Unnamed canal,canal,0.022,2
1151629369,Unnamed canal,canal,0.071,5
1151629370,Unnamed canal,canal,0.012,2
1152278957,Unnamed water,water,1.168,14
1152278960,Unnamed drain,drain,0.11,4
1152278961,Unnamed drain,drain,0.019,2
1152278962,Unnamed drain,drain,0.012,2
1152278963,Unnamed drain,drain,0.085,3
1152278964,Unnamed drain,drain,0.011,2
1152278965,Unnamed drain,drain,0.056,3
1152278966,Unnamed drain,drain,0.01,2
1152278967,Unnamed drain,drain,0.013,2
1153686626,Unnamed drain,drain,0.04,2
1153686627,Unnamed drain,drain,0.05,2
1153686628,Unnamed drain,drain,0.011,2
1154913166,Unnamed water,water,0.395,10
1154923347,Unnamed water,water,0.04,20
1154923348,Unnamed water,water,0.041,5
1154923367,Unnamed water,water,0.223,5
1154923372,Unnamed water,water,0.077,20
1154923373,Unnamed water,water,0.077,20
1154923374,Unnamed water,water,0.047,20
1154923375,Unnamed water,water,0.064,20
1154923376,Unnamed water,water,0.05,20
1154923377,Unnamed water,water,0.05,20
1159363407,Vellachheri aeri,water,2.33,10
1164993816,Unnamed drain,drain,0.133,5
1164993817,Unnamed drain,drain,0.007,2
1172624836,Unnamed water,water,0.185,24
1172624837,Unnamed water,water,0.079,20
1172624838,Unnamed water,water,0.079,20
1172624839,Unnamed water,water,0.182,10
1172624850,Unnamed water,water,0.13,20
1172624853,Unnamed water,water,0.13,20
1172624854,Unnamed water,water,0.038,20
1172624855,Unnamed water,water,0.108,20
1172624856,Unnamed water,water,0.108,20
1172624857,Unnamed water,water,0.108,20
1172624858,Unnamed water,water,0.108,20
1172624859,Unnamed water,water,0.308,5
1172624860,Unnamed water,water,0.134,21
1172624861,Unnamed water,water,0.134,20
1172624864,Unnamed water,water,0.086,5
1172624865,Unnamed water,water,0.086,5
1172624866,Unnamed water,water,0.085,5
1172624867,Unnamed water,water,0.127,20
1172624868,Unnamed water,water,0.127,20
1172624869,Unnamed water,water,0.14,20
1172624870,Unnamed water,water,0.134,20
1172624873,Unnamed water,water,0.088,20
1172624874,Unnamed water,water,0.237,5
1172624884,Unnamed water,water,0.176,5
1172624885,Unnamed water,water,0.151,20
1172624886,Unnamed water,water,0.143,20
1172624887,Unnamed water,water,0.121,20
1172624888,Unnamed water,water,0.124,20
1172624889,Unnamed water,water,0.085,20
1172624892,Unnamed water,water,0.297,5
1172624893,Unnamed water,water,0.297,5
1172624894,Unnamed water,water,0.297,5
1172624896,Unnamed water,water,0.079,5
1172624899,Unnamed water,water,0.115,7
1172624901,Unnamed water,water,0.112,20
1172624902,Unnamed water,water,0.113,20
1172624904,Unnamed water,water,0.031,20
1172624905,Unnamed water,water,0.026,20
1184738724,Thaali Kulam,water,0.234,20
1185548387,Thandhoni Amman kovil kulam,water,0.422,21
1185985042,Unnamed drain,drain,0.213,7
1185985043,Unnamed drain,drain,0.075,3
1187887584,Unnamed wetland,wetland,0.297,12
1187887587,Unnamed wetland,wetland,0.58,13
1188056507,Athi Villivakkam Eri,water,0.991,27
1188056508,Unnamed wetland,wetland,0.881,8
1188058841,Unnamed water,water,0.563,24
1188058842,Unnamed water,water,1.005,38
1188058859,Unnamed wetland,wetland,3.794,39
1188058860,Unnamed water,water,0.28,7
1188058861,Unnamed water,water,0.182,10
1188058863,Unnamed water,water,0.267,19
1188058865,Unnamed water,water,0.188,11
1188058866,Unnamed water,water,0.114,8
1188085226,Unnamed water,water,1.226,19
1188085231,Unnamed water,water,0.306,19
1188085232,Unnamed water,water,0.468,10
1188085233,Unnamed water,water,0.803,20
1188085234,Unnamed water,water,0.539,17
1188085235,Unnamed water,water,0.359,14
1188085236,Unnamed water,water,0.35,11
1188085237,Unnamed water,water,0.199,10
1188085238,Unnamed water,water,0.151,10
1188088362,Unnamed drain,drain,0.15,4
1188088363,Unnamed drain,drain,0.008,2
1188088364,Unnamed drain,drain,0.01,2
1188088365,Unnamed drain,drain,0.006,2
1188088366,Unnamed drain,drain,0.03,2
1188575627,Ainsley Canal,drain,0.098,2
1188575628,Ainsley Canal,drain,0.012,2
1188575631,Ainsley Canal,drain,0.692,4
1188575632,Ainsley Canal,drain,0.012,2
1188575635,Ainsley Canal,drain,0.427,4
1188575636,Ainsley Canal,drain,0.012,2
1190764124,Unnamed drain,drain,0.877,3
1190764125,Unnamed drain,drain,0.011,2
1191351265,Unnamed ditch,ditch,1.347,17
1191351266,Unnamed ditch,ditch,0.005,2
1191352299,Unnamed canal,canal,7.215,42
1191352300,Unnamed canal,canal,0.012,2
1191369636,Unnamed ditch,ditch,0.209,6
1191369637,Unnamed ditch,ditch,0.012,2
1191369640,Unnamed ditch,ditch,0.09,6
1191369641,Unnamed ditch,ditch,0.01,2
1193839508,Unnamed water,water,0.176,5
1194940397,Unnamed water,water,0.125,8
1198008409,Unnamed water,water,1.409,132
1200036555,Unnamed water,water,0.079,30
1200036607,Unnamed water,water,0.151,5
1200049476,Unnamed water,water,0.176,20
1200049520,Unnamed water,water,0.485,7
1201028111,Unnamed drain,drain,0.037,2
1201028112,Unnamed drain,drain,0.012,2
1201589647,Unnamed ditch,ditch,0.019,2
1201589648,Unnamed ditch,ditch,0.011,2
1201589649,Unnamed ditch,ditch,0.019,2
1201589650,Unnamed ditch,ditch,0.019,2
1201589651,Unnamed ditch,ditch,0.012,2
1201589652,Unnamed ditch,ditch,0.008,2
1201589653,Unnamed ditch,ditch,0.009,2
1201589654,Unnamed ditch,ditch,0.003,2
1202024796,Unnamed wetland,wetland,0.447,11
1202024801,Unnamed water,water,3.678,32
1202024802,Unnamed wetland,wetland,0.971,19
1202024807,Unnamed water,water,5.992,112
1202245454,Unnamed water,water,0.135,5
1202685097,Egankipuram Canal,drain,0.228,4
1202685098,Egankipuram Canal,drain,0.021,2
1202685099,Egankipuram Canal,drain,0.084,2
1202685100,Egankipuram Canal,drain,0.006,2
1202685103,Egankipuram Canal,drain,0.082,3
1202685104,Egankipuram Canal,drain,0.012,2
1202708871,Vyasarpadi Canal,drain,0.385,5
1202708872,Vyasarpadi Canal,drain,0.011,2
1202708875,Vyasarpadi Canal,drain,0.136,5
1202708876,Vyasarpadi Canal,drain,0.011,2
1202708879,Vyasarpadi Canal,drain,0.158,3
1202708880,Vyasarpadi Canal,drain,0.012,2
1202708881,Vyasarpadi Canal,drain,0.092,2
1202708882,Vyasarpadi Canal,drain,0.012,2
1205852871,Unnamed drain,drain,0.176,7
1205852872,Unnamed drain,drain,0.008,2
1205852875,Unnamed drain,drain,0.022,2
1205852876,Unnamed drain,drain,0.008,2
1205852879,Unnamed drain,drain,0.963,16
1205852880,Unnamed drain,drain,0.011,2
1206543416,Unnamed stream,stream,0.149,3
1206543417,Unnamed stream,stream,0.082,2
1225579228,Jafferkhanpet Canal,canal,0.155,5
1225579229,Jafferkhanpet Canal,canal,0.015,2
1226650563,Unnamed water,water,0.164,63
1226650577,Unnamed water,water,0.142,29
1226794641,Unnamed water,water,8.369,208
1226794691,Unnamed water,water,0.24,25
1229272623,Unnamed drain,drain,0.303,3
1229272624,Unnamed drain,drain,0.011,2
1229272625,Unnamed drain,drain,0.135,2
1229272626,Unnamed drain,drain,0.014,3
1232403197,Unnamed water,water,3.733,142
1232403198,Unnamed water,water,0.415,46
1232403206,Unnamed water,water,0.281,25
1232403218,Unnamed water,water,0.106,31
1232403227,Unnamed water,water,0.448,27
1232403250,Unnamed water,water,0.348,39
1232403268,Unnamed water,water,0.238,24
1232403269,Unnamed water,water,0.779,46
1232403282,Unnamed water,water,0.275,25
1232617259,Unnamed wetland,wetland,2.565,27
1232617262,Unnamed wetland,wetland,3.743,35
1232617263,Unnamed wetland,wetland,0.431,9
1232617264,Unnamed wetland,wetland,2.194,57
1232617265,Unnamed water,water,21.527,129
1232632860,Veerangal Canal,drain,0.041,3
1232632861,Veerangal Canal,drain,0.006,2
1233330594,Unnamed wetland,wetland,1.573,17
1233330604,Unnamed water,water,16.282,135
1233362841,Unnamed wetland,wetland,1.504,15
1233362842,Unnamed wetland,wetland,1.045,9
1233362843,Unnamed wetland,wetland,3.111,18
1235085972,Unnamed wetland,wetland,0.863,19
1235139133,Masilamaneeswarar Temple Tank,water,0.299,5
1235139446,Unnamed water,water,0.556,46
1235139518,Unnamed water,water,0.329,14
1236014622,Unnamed drain,drain,0.942,18
1236014623,Unnamed stream,stream,1.475,113
1236014624,Unnamed drain,drain,0.102,4
1236160012,Poonamallee Lake,water,3.791,238
1236160013,Unnamed water,water,0.475,45
1236160014,Lake Kollappancheri,water,2.187,223
1236160015,Unnamed water,water,0.478,51
1236160016,Unnamed water,water,0.205,43
1236160017,Unnamed water,water,1.45,87
1236160018,Lake Parivakkam,water,2.05,169
1236160019,Unnamed water,water,0.237,20
1236765219,Unnamed water,water,0.265,23
1237215477,Unnamed water,water,0.498,64
1237337316,Unnamed water,water,0.266,8
1237405953,Unnamed water,water,0.593,43
1237405955,Unnamed wetland,wetland,0.357,40
1237405956,Unnamed water,water,0.271,19
1237456198,Ayanambakkam Tank,water,5.255,310
1237671544,Unnamed water,water,0.329,18
1237780636,Unnamed water,water,0.045,5
1240394743,Unnamed water,water,0.237,23
1240394744,Unnamed water,water,0.145,22
1240394745,Unnamed water,water,0.122,22
1240394747,Unnamed water,water,0.156,19
1240394754,Unnamed water,water,0.131,16
1240394755,Unnamed water,water,0.094,14
1244062681,Unnamed water,water,0.098,18
1249435250,Unnamed water,water,0.416,45
1255150773,Unnamed drain,drain,0.523,19
1255150774,Unnamed drain,drain,0.013,2
1255150777,Unnamed drain,drain,0.21,10
1255150778,Unnamed drain,drain,0.011,2
1255150780,Unnamed drain,drain,0.034,2
1264620569,Unnamed water,water,0.09,9
1267739072,Mambalam Canal,canal,0.009,2
1267739073,Mambalam Canal,canal,0.29,4
1268945378,Unnamed water,water,0.03,7
1270620163,Unnamed water,water,0.242,43
1270849333,Nayakkar Kuttai,water,0.173,19
1271899737,Unnamed ditch,ditch,0.022,2
1271899738,Unnamed ditch,ditch,0.008,2
1271899739,Unnamed ditch,ditch,0.03,2
1271899740,Unnamed ditch,ditch,0.008,2
1271899741,Unnamed ditch,ditch,0.01,2
1272450537,Mambalam Canal,canal,0.393,4
1272450538,Mambalam Canal,canal,0.012,2
1272450539,Mambalam Canal,canal,0.025,2
1272450540,Mambalam Canal,canal,1.055,20
1278121626,Unnamed stream,stream,0.143,5
1281940340,Virugambakkam Canal,canal,2.215,51
1282455638,Unnamed drain,drain,0.276,6
1282455639,Unnamed drain,drain,0.206,5
1282455640,Unnamed drain,drain,0.008,2
1283482441,Unnamed drain,drain,0.336,6
1283482442,Unnamed drain,drain,0.09,3
1283482443,Unnamed drain,drain,0.011,2
1283482444,Unnamed drain,drain,0.064,2
1283482445,Unnamed drain,drain,0.011,2
1283482446,Unnamed drain,drain,0.292,5
1283482447,Unnamed drain,drain,0.479,9
1283491480,Unnamed drain,drain,0.008,2
1283491481,Unnamed drain,drain,0.007,2
1284526464,Virugambakkam Canal,canal,0.077,2
1284526465,Virugambakkam Canal,canal,0.757,13
1285452579,Unnamed drain,drain,0.108,2
1285452580,Unnamed drain,drain,0.088,2
1285452581,Unnamed drain,drain,0.124,8
1285452582,Unnamed drain,drain,0.393,28
1285452583,Unnamed drain,drain,0.246,5
1285452584,Unnamed drain,drain,0.194,3
1285521228,Unnamed drain,drain,0.404,9
1285521229,Unnamed drain,drain,0.244,5
1285837634,Unnamed drain,drain,0.16,3
1285837635,Unnamed drain,drain,0.345,14
1285837636,Unnamed drain,drain,0.051,3
1286201767,Unnamed water,water,0.362,5
1286550656,Unnamed drain,drain,0.204,5
1286550657,Unnamed drain,drain,0.314,5
1287938299,Unnamed drain,drain,0.202,5
1287938300,Unnamed drain,drain,0.431,12
1288582910,Unnamed drain,drain,0.205,5
1288582911,Unnamed drain,drain,0.394,21
1288635133,Unnamed drain,drain,0.191,6
1288635134,Unnamed drain,drain,0.041,2
1289064292,CRPF Nagar lake park,water,0.383,12
1289065268,CRPF Nagar lake 2,water,0.21,5
1289065315,CRPF Nagar lake 3,water,0.279,15
1289269136,Unnamed drain,drain,0.048,2
1289269137,Unnamed drain,drain,0.221,12
1289269138,Unnamed drain,drain,0.24,12
1289269168,Unnamed wetland,wetland,1.034,22
1289631729,Underpass,drain,0.018,2
1289631730,Underpass,drain,0.009,2
1289814513,Unnamed drain,drain,0.375,16
1289814514,Unnamed drain,drain,0.162,7
1289814517,Unnamed drain,drain,0.146,6
1290230925,Unnamed drain,drain,0.375,15
1290230926,Unnamed drain,drain,0.146,6
1290230927,Unnamed drain,drain,0.202,9
1290230928,Unnamed drain,drain,0.14,5
1290248752,Unnamed drain,drain,0.124,10
1290286329,Unnamed wetland,wetland,0.126,11
1290286336,Unnamed wetland,wetland,0.538,21
1290286338,Unnamed wetland,wetland,0.408,11
1290286347,Unnamed drain,drain,0.112,5
1290286348,Unnamed drain,drain,0.313,12
1290286349,Unnamed drain,drain,0.096,5
1290286350,Unnamed drain,drain,0.064,6
1290289918,AVV pond,water,0.121,5
1293433222,Puthagaram Thangal,water,1.012,21
1298345127,Virugambakkam Canal,drain,0.073,2
1298345128,Virugambakkam Canal,drain,0.012,2
1298345129,Virugambakkam Canal,drain,0.125,5
1298345130,Virugambakkam Canal,drain,0.025,2
1298345131,Virugambakkam Canal,drain,0.088,5
1298345132,Virugambakkam Canal,drain,0.011,2
1298345133,Virugambakkam Canal,drain,0.009,3
1298345134,Virugambakkam Canal,drain,0.011,2
1301438952,Unnamed canal,canal,0.043,2
1301947363,Thanthi Channel,drain,0.32,17
1301947366,Thanthi Channel,drain,1.046,48
1301947367,Thanthi Channel,drain,0.011,2
1301947374,Thanthi Channel,drain,0.244,11
1301947375,Thanthi Channel,drain,0.011,2
1301947378,Thanthi Channel,drain,0.052,2
1302997345,Unnamed drain,drain,0.049,3
1302997346,Unnamed drain,drain,0.013,2
1306698312,Unnamed water,water,0.356,55
1306698322,Unnamed water,water,0.196,21
1306724752,Unnamed wetland,wetland,0.139,5
1306967685,Unnamed water,water,0.604,17
1306967686,Unnamed wetland,wetland,0.293,6
1315244005,Unnamed wetland,wetland,0.081,10
1315462101,Unnamed wetland,wetland,0.438,9
1316676519,Unnamed drain,drain,0.006,2
1316676520,Unnamed drain,drain,0.421,10
1316676523,Unnamed drain,drain,0.242,10
1318082870,Unnamed water,water,0.02,6
1318241202,Unnamed water,water,1.055,32
1318749868,Unnamed water,water,0.881,30
1318919312,Unnamed canal,canal,0.481,8
1321929235,Unnamed water,water,0.07,10
1321929236,Unnamed water,water,0.116,14
1323146587,Unnamed drain,drain,0.485,5
1324096389,Unnamed drain,drain,0.817,28
1344560969,Unnamed water,water,0.244,9
1344560970,Unnamed water,water,0.242,11
1344560971,Unnamed water,water,1.793,19
1344560972,Unnamed water,water,0.508,19
1344560973,Unnamed water,water,1.056,128
1344560974,Unnamed water,water,0.3,49
1344560975,Unnamed water,water,0.407,45
1344560976,Unnamed water,water,0.255,39
1344560977,Unnamed water,water,0.202,28
1344560978,Unnamed water,water,0.148,22
1344560979,Unnamed water,water,0.265,36
1344560980,Unnamed water,water,0.136,19
1344560981,Unnamed water,water,0.146,19
1344560982,Unnamed water,water,0.115,13
1344560983,Unnamed water,water,0.088,16
1344560984,Unnamed water,water,0.115,18
1344560985,Unnamed water,water,0.301,44
1344560986,Unnamed water,water,0.243,22
1344560987,Unnamed water,water,0.347,33
1344560988,Unnamed water,water,0.93,91
1344560989,Unnamed water,water,0.173,16
1344560990,Unnamed water,water,0.292,26
1344560991,Unnamed water,water,0.527,39
1344561249,Unnamed water,water,3.868,38
1344561256,Unnamed water,water,2.931,19
1344561376,Unnamed water,water,0.178,9
1344561377,Unnamed water,water,0.763,20
1344685069,Unnamed water,water,0.72,22
1346832540,Unnamed ditch,ditch,0.105,4
1346832541,Unnamed ditch,ditch,0.007,2
1352802339,Unnamed water,water,0.879,10
1353938223,Pallikaranai Sadhuppunilam,wetland,0.701,8
1354435753,Unnamed wetland,wetland,0.408,6
1354435754,Unnamed wetland,wetland,0.484,5
1354435776,Unnamed wetland,wetland,0.383,10
1356673371,Unnamed drain,drain,0.016,2
1356673372,Unnamed drain,drain,0.024,2
1356673373,Unnamed drain,drain,0.011,2
1360153776,Unnamed water,water,0.26,14
1360153777,Unnamed water,water,0.481,19
1360153778,Unnamed water,water,0.562,22
1364549854,Unnamed water,water,0.039,6
1373636274,Unnamed water,water,0.286,7
1373908936,Unnamed wetland,wetland,0.062,5
1374351608,Unnamed water,water,2.015,12
1381324068,Unnamed water,water,7.282,283
1383489973,Unnamed water,water,0.236,21
1390444620,Unnamed water,water,0.294,5
1390444621,Unnamed water,water,1.817,73
1390445059,Unnamed water,water,0.39,14
1391070824,Unnamed water,water,0.226,19
1391070825,Unnamed water,water,0.177,5
1391093783,Unnamed water,water,0.134,37
1395170394,Unnamed water,water,0.243,31
1395170442,Unnamed water,water,0.523,92
1395170497,Unnamed water,water,0.251,40
1395181366,Unnamed water,water,0.196,17
1395181367,Unnamed water,water,0.2,17
1395181368,Unnamed water,water,0.206,28
1395181369,Unnamed water,water,0.203,22
1395181370,Unnamed water,water,0.131,17
1395181377,Unnamed water,water,0.118,18
1395181378,Unnamed water,water,0.164,19
1395181379,Unnamed water,water,0.21,20
1395181380,Unnamed water,water,0.137,17
1395181381,Unnamed water,water,0.087,11
1395181382,Unnamed water,water,0.222,18
1395181383,Unnamed water,water,0.114,15
1395181384,Unnamed water,water,0.107,17
1395181386,Unnamed water,water,1.166,64
1395181407,Unnamed water,water,0.129,19
1395181408,Unnamed water,water,0.286,31
1395181409,Unnamed water,water,0.111,20
1395181410,Unnamed water,water,0.137,21
1395181411,Unnamed water,water,0.341,21
1395181412,Unnamed water,water,0.229,19
1408255862,Unnamed water,water,1.329,34
1408255875,Unnamed stream,stream,0.163,3
1408255876,Unnamed water,water,4.714,134
1408255877,Unnamed water,water,0.44,35
1408255878,Unnamed drain,drain,0.485,10
1408255879,Unnamed drain,drain,0.126,8
1408255880,Unnamed drain,drain,0.013,2
1408255881,Unnamed drain,drain,0.277,9
1408255882,Unnamed drain,drain,0.015,4
1408255883,Unnamed drain,drain,0.127,9
1408255884,Unnamed drain,drain,0.023,2
1408255885,Unnamed drain,drain,4.054,138
1408255886,Unnamed drain,drain,0.017,2
1408255894,Unnamed drain,drain,0.061,8
1408255895,Unnamed drain,drain,0.006,2
1408255896,Unnamed drain,drain,0.017,2
1408255897,Unnamed stream,stream,1.452,35
1408255898,Unnamed drain,drain,0.088,12
1408255899,Unnamed drain,drain,0.204,19
1408255900,Unnamed drain,drain,0.015,4
1408255901,Unnamed drain,drain,0.021,8
1408255902,Unnamed drain,drain,0.011,2
1408255903,Unnamed drain,drain,0.167,18
1408255904,Unnamed drain,drain,0.006,3
1408255905,Unnamed drain,drain,0.009,2
1408255906,Unnamed stream,stream,0.508,34
1408255907,Unnamed stream,stream,0.006,2
1408255915,Unnamed water,water,0.192,44
1408255916,Unnamed drain,drain,2.621,120
1408255917,Unnamed drain,drain,0.026,2
1408255918,Unnamed drain,drain,0.004,2
1416435100,Unnamed water,water,0.177,19
1418928206,Chettiyar Agaram Lake,water,0.941,12
1419957521,Unnamed drain,drain,0.116,4
1419957522,Unnamed drain,drain,0.033,2
1421179224,Unnamed wetland,wetland,1.547,45
1421179225,Unnamed water,water,0.384,11
1425975795,Unnamed water,water,0.158,27
1426011362,Unnamed water,water,0.165,18
1426011363,Unnamed water,water,0.186,22
1426018464,Unnamed water,water,0.052,19
1426018479,Unnamed water,water,0.154,17
1426021596,Unnamed water,water,0.457,5
1426021641,Unnamed water,water,0.097,5
1426021642,Unnamed water,water,0.098,5
1426122478,Unnamed water,water,0.096,5
1426122481,Unnamed water,water,0.218,5
1426122492,Unnamed water,water,0.089,5
1426145597,Unnamed water,water,0.118,36
1426191011,Unnamed water,water,0.101,5
1426191012,Unnamed water,water,0.067,5
1426191013,Unnamed water,water,0.079,5
1426191014,Unnamed water,water,0.079,5
1426870784,Unnamed drain,drain,1.35,31
1426870785,Unnamed drain,drain,0.012,2
1427092760,Unnamed water,water,0.307,23
1427095726,Unnamed water,water,0.058,5
1427095727,Unnamed water,water,0.139,21
1427095728,Unnamed water,water,0.348,41
1427531921,Unnamed water,water,0.298,24
1427638114,Unnamed water,water,0.108,29
1427660626,Unnamed water,water,0.038,5
1427660660,Unnamed water,water,0.134,19
1427672702,Unnamed water,water,0.219,23
1427672703,Unnamed water,water,0.114,24
1427672704,Unnamed water,water,0.152,24
1427672705,Unnamed water,water,0.319,42
1427672708,Unnamed water,water,0.079,21
1428328070,Krishna temple pond,water,0.164,5
1431392478,Unnamed water,water,0.172,21
1431392586,Palnellore Pond,water,0.331,36
1434868914,Unnamed wetland,wetland,0.408,11
1443239261,Unnamed ditch,ditch,0.087,2
1443860379,Unnamed water,water,2.554,94
1447744750,Unnamed wetland,wetland,1.098,21
955974829,Unnamed unknown,unknown,0.62,32
383857983,Unnamed unknown,unknown,0.779,24
1075043310,Unnamed unknown,unknown,0.139,2
1075043308,Unnamed unknown,unknown,0.42,10
1075043309,Unnamed unknown,unknown,0.066,4
1075043311,Unnamed unknown,unknown,0.03,2
23047569,Unnamed unknown,unknown,33.541,780
955974830,Unnamed unknown,unknown,0.153,17
955974831,Unnamed unknown,unknown,0.066,12
955974832,Unnamed unknown,unknown,0.004,2
955974833,Unnamed unknown,unknown,0.041,12
82883565,Unnamed unknown,unknown,3.085,52
1311027962,Unnamed unknown,unknown,0.094,19
1311027967,Unnamed unknown,unknown,0.062,19
1236161501,Unnamed unknown,unknown,1.29,110
1236161502,Unnamed unknown,unknown,2.023,122
1021009995,Unnamed unknown,unknown,2.493,115
28260199,Unnamed unknown,unknown,1.185,1129
416884994,Unnamed unknown,unknown,1.196,1101
1021009994,Unnamed unknown,unknown,1.472,70
28260355,Unnamed unknown,unknown,1.43,10
875106647,Unnamed unknown,unknown,0.365,8
875106646,Unnamed unknown,unknown,0.424,9
875106648,Unnamed unknown,unknown,0.104,2
127574713,Unnamed unknown,unknown,0.567,27
23047572,Unnamed unknown,unknown,1.404,22
23047573,Unnamed unknown,unknown,0.723,13
111749064,Unnamed unknown,unknown,1.248,95
1076229586,Unnamed unknown,unknown,0.287,27
1076229597,Unnamed unknown,unknown,0.547,38
1076229598,Unnamed unknown,unknown,0.109,21
1076229599,Unnamed unknown,unknown,0.115,12
1076229601,Unnamed unknown,unknown,0.073,15
1076229604,Unnamed unknown,unknown,0.108,19
111749058,Unnamed unknown,unknown,1.492,243
111749083,Unnamed unknown,unknown,0.739,152
1076229591,Unnamed unknown,unknown,4.118,292
1356635273,Unnamed unknown,unknown,0.741,87
111749059,Unnamed unknown,unknown,0.552,105
1073741466,Unnamed unknown,unknown,0.153,29
1073741468,Unnamed unknown,unknown,0.066,13
28163842,Unnamed unknown,unknown,94.412,888
1381324123,Unnamed unknown,unknown,6.073,82
1381324125,Unnamed unknown,unknown,0.283,5
1381324120,Unnamed unknown,unknown,1.832,33
1381324124,Unnamed unknown,unknown,2.0,38
1381324117,Unnamed unknown,unknown,1.951,43
1381324121,Unnamed unknown,unknown,1.768,54
1381324122,Unnamed unknown,unknown,0.092,3
1381324114,Unnamed unknown,unknown,1.304,38
1381324118,Unnamed unknown,unknown,1.27,45
1381324119,Unnamed unknown,unknown,0.033,6
1381324116,Unnamed unknown,unknown,0.08,9
1381324065,Unnamed unknown,unknown,1.198,28
1381324115,Unnamed unknown,unknown,1.241,14
1381324063,Unnamed unknown,unknown,3.667,112
1381324066,Unnamed unknown,unknown,0.406,20
1381324067,Unnamed unknown,unknown,0.148,3
1232377005,Unnamed unknown,unknown,0.52,5
1232377006,Unnamed unknown,unknown,0.05,5
138307638,Unnamed unknown,unknown,1.629,22
459061876,Unnamed unknown,unknown,2.848,74
813634976,Unnamed unknown,unknown,0.167,6
813634977,Unnamed unknown,unknown,0.089,5
1272721014,Unnamed unknown,unknown,1.276,16
553897152,Unnamed unknown,unknown,0.55,9
95639902,Unnamed unknown,unknown,0.79,13
1306698325,Unnamed unknown,unknown,0.099,22
1306698326,Unnamed unknown,unknown,0.01,2
1306698327,Unnamed unknown,unknown,0.05,10
1306698328,Unnamed unknown,unknown,0.008,2
1306698329,Unnamed unknown,unknown,0.002,3
850175523,Unnamed unknown,unknown,22.245,796
1017189242,Unnamed unknown,unknown,59.104,531
1130788872,Unnamed unknown,unknown,9.15,243
1180952335,Unnamed unknown,unknown,4.993,151
657856726,Unnamed unknown,unknown,0.092,9
657856725,Unnamed unknown,unknown,1.138,31
127012075,Unnamed unknown,unknown,0.718,43
127012070,Unnamed unknown,unknown,0.045,7
127012077,Unnamed unknown,unknown,0.066,7
941826278,Unnamed unknown,unknown,8.261,70
941826280,Unnamed unknown,unknown,6.787,66
941826279,Unnamed unknown,unknown,5.379,67
133591396,Unnamed unknown,unknown,0.319,11
133591400,Unnamed unknown,unknown,3.53,32
133591402,Unnamed unknown,unknown,0.303,9
1408255890,Unnamed unknown,unknown,0.149,14
1408255892,Unnamed unknown,unknown,0.112,15
1408255891,Unnamed unknown,unknown,0.306,15
1408255893,Unnamed unknown,unknown,0.049,6
133591395,Unnamed unknown,unknown,0.396,11
133591403,Unnamed unknown,unknown,0.375,10
133591397,Unnamed unknown,unknown,1.564,18
700729810,Unnamed unknown,unknown,1.55,35
