category,osm_id,osm_type,lat,lon,name,amenity,healthcare,operator,capacity,beds,emergency,phone,website,priority
hospitals,248420920,node,13.0386493,80.2052158,Kalaignar Karunanidhi Nagar,hospital,hospital,Hospital,,,,,,medium
hospitals,248559397,node,13.0720236,80.1980375,Koyambedu,clinic,,,,,,,,medium
hospitals,248560797,node,13.122775,80.2960584,Kasimedu,hospital,hospital,,,,,,,medium
hospitals,258978416,node,13.0922007,80.2792912,Amrit Hospital,hospital,hospital,,,,,,http://www.amrithospital.com/,medium
hospitals,258978417,node,13.0985007,80.2796178,Vikram Hospital,hospital,hospital,,,,,,,medium
hospitals,262452334,node,13.08438,80.2160862,City Tower Hospitals,hospital,hospital,,,,,,http://www.citytowerhospitals.net/contact.asp,medium
hospitals,289486820,node,13.1289367,80.2905623,"Apollo Hospitals, Tondiarpet",hospital,hospital,Apollo Hospitals,,,,,https://www.apollohospitals.com/,medium
hospitals,295544111,node,13.0844424,80.2130723,K.H.M.Hospital,hospital,hospital,,,,,,https://khmhospital.com/,medium
hospitals,295552091,node,13.08217,80.2069819,Sundaram Medical Foundation,hospital,hospital,,,,,,,medium
hospitals,295552092,node,13.0887983,80.1994692,Sri Devi Speciality Hospial,hospital,hospital,,,,,,,medium
hospitals,303590777,node,13.0336624,80.2572467,Corporation Hospital,hospital,hospital,,,,,,,medium
hospitals,308811614,node,12.9787682,80.1846471,"Hindu Mission Health Services, Kanchipuram",hospital,hospital,,,,,,,medium
hospitals,310015097,node,13.0194622,80.1972947,Military Hospital,hospital,,,,,,,,medium
hospitals,310504820,node,13.0829605,80.281264,Goverment dental hospital & collage,hospital,hospital,,,,,,,medium
hospitals,310732936,node,13.0785984,80.2433369,Kilpauk Medical College,hospital,hospital,,,,,,,medium
hospitals,310909754,node,12.9847145,80.1905906,Hariharan Hospital,hospital,hospital,,,,,,http://hariharanhospitals.com/,medium
hospitals,310910945,node,12.9887616,80.1904116,BM Hospital,hospital,hospital,,,,,044-22670277,https://bmhospitals.com/,medium
hospitals,311429396,node,12.973463,80.1841397,K.F. Hospital,hospital,hospital,,,,,,,medium
hospitals,312000326,node,13.0061338,80.239884,Cancer Institute,hospital,hospital,,,,,,,medium
hospitals,313027868,node,13.0380979,80.1428047,Sri Ramachandra Medical Centre and Hospital,hospital,hospital,,,,,,,medium
hospitals,320275820,node,13.0720996,80.2589871,Govt Maternity Hospital,hospital,hospital,,,,,,,medium
hospitals,320275824,node,13.0735496,80.257025,Institute of Child Health,hospital,hospital,,,,,,,medium
hospitals,320275839,node,13.0735431,80.2591463,Institute of Obstetrics and Gynaecology dd,hospital,hospital,,,,,,,medium
hospitals,364650995,node,13.0211808,80.1858412,MIOT International,hospital,hospital,,,,,044 4200 2288,https://www.miotinternational.com/,medium
hospitals,367795605,node,13.0122733,80.196428,St. Thomas Hospital,hospital,hospital,,,,,,,medium
hospitals,370319221,node,13.0645397,80.243327,Apollo Pharmacy,pharmacy,pharmacy,,,,,,,medium
hospitals,370967673,node,13.009781,80.1949734,Unnamed,hospital,hospital,,,,,,,medium
hospitals,375668400,node,13.0293624,80.2440921,Venkataeswara Hospitals,hospital,hospital,,,,,,,medium
hospitals,378692897,node,13.0348418,80.2555018,Appolo,pharmacy,pharmacy,,,,,,,medium
hospitals,378692901,node,13.0386303,80.2517685,Sugam,pharmacy,pharmacy,,,,,,,medium
hospitals,378692904,node,13.039551,80.2502927,Sugam,pharmacy,pharmacy,,,,,,,medium
hospitals,378692907,node,13.0402754,80.2500307,Unnamed,pharmacy,pharmacy,,,,,,,medium
hospitals,378692910,node,13.0399682,80.2503287,Unnamed,doctors,doctor,,,,,,,medium
hospitals,378692913,node,13.0406602,80.2505675,Unnamed,doctors,doctor,,,,,,,medium
hospitals,442508332,node,12.9653846,80.2067733,Sarswathi Hospital,hospital,hospital,,,,,,,medium
hospitals,454206816,node,12.9881164,79.9704068,SVCE Clinic,pharmacy,pharmacy,,,,,,,medium
hospitals,459635161,node,13.05244,80.2041657,Apollo Clinic & Pharmacy,hospital,hospital,,,,,,,medium
hospitals,459642871,node,13.0540717,80.2040147,Abhirami Medicals,pharmacy,pharmacy,,,,,,,medium
hospitals,459648701,node,13.0483819,80.2070144,Vijaya Heart Centre,hospital,hospital,,,,,,,medium
hospitals,540658116,node,13.1181104,80.1499411,B.M.Orthopaedic Hospital,hospital,,,,,,,,medium
hospitals,560212205,node,12.9448586,80.1401655,Unnamed,pharmacy,pharmacy,,,,,,,medium
hospitals,560603709,node,12.9464913,80.1381423,Unnamed,pharmacy,pharmacy,,,,,,,medium
hospitals,560603714,node,12.9463512,80.1384651,Sreedevi,pharmacy,pharmacy,,,,,,,medium
hospitals,560636411,node,12.9459548,80.1382264,maduvai,pharmacy,pharmacy,,,,,,,medium
hospitals,582437601,node,12.94317,80.133977,Balaji scan,doctors,doctor,,,,,,,medium
hospitals,582775120,node,12.9515234,80.1423983,Nazeer,pharmacy,pharmacy,,,,,,,medium
hospitals,591555028,node,12.9447938,80.1405596,skandan nursing home,hospital,hospital,,,,,,,medium
hospitals,595662363,node,13.0570316,80.1939439,Geetha Pharmacy,pharmacy,pharmacy,,,,,,,medium
hospitals,595706154,node,13.0495316,80.211027,"Vasan Eye Care Hospital, Vadapalani",hospital,hospital,,,,,,,medium
hospitals,597590621,node,13.0571293,80.1942138,JJ Hospital,hospital,hospital,,,,,,,medium
hospitals,928070924,node,13.04426,80.2272823,Unnamed,pharmacy,pharmacy,,,,,,,medium
hospitals,934857903,node,13.039837,80.1859118,MedPlus,pharmacy,pharmacy,,,,,,,medium
hospitals,941471945,node,13.0750445,80.2151198,Appasamy Hospital,hospital,hospital,Appasamy Hospital,,,,,,medium
hospitals,941611681,node,13.073239,80.2148826,Appasamy Hospital,hospital,hospital,,,,,,,medium
hospitals,941621037,node,13.0892073,80.2178866,Appolo Clinic,hospital,hospital,,,,,,,medium
hospitals,968292927,node,12.8789559,80.0802579,Unnamed,pharmacy,pharmacy,,,,,,,medium
hospitals,983957837,node,12.965059,80.128212,"Sankara Eye Hospital, Kanchipuram",hospital,hospital,,,,,,,medium
hospitals,992583956,node,13.0529181,80.2039631,Om Medicals,hospital,hospital,,,,,,,medium
hospitals,992584083,node,13.0529181,80.2039636,Unnamed,pharmacy,pharmacy,,,,,,,medium
hospitals,1015571498,node,13.0331325,80.1810857,Srm Speciality Hospital,hospital,hospital,,,,,,,medium
hospitals,1015571601,node,13.0321291,80.1801201,SRM Dental Hospital,hospital,hospital,,,,,,,medium
hospitals,1018359157,node,13.029475,80.2539531,Apollo,pharmacy,pharmacy,,,,,,,medium
hospitals,1067496698,node,13.0279792,80.2638653,Capz and Tabz,pharmacy,pharmacy,,,,,,,medium
hospitals,1127285905,node,13.0554597,80.2118365,Aakash Fertility Centre & Hospital,hospital,hospital,,,,,,,medium
hospitals,1129195836,node,12.9445695,80.1210689,Unnamed,hospital,,,,,,,,medium
hospitals,1152858038,node,13.0508335,80.2434416,Rajan Eye Care Hospital,hospital,hospital,,,,,2834 0500/0300,https://rajaneyecare.com/,medium
hospitals,1182739082,node,13.1635998,80.2435516,MMC Govenment Hospital,hospital,,,,,,,,medium
hospitals,1185699253,node,13.1174941,80.1008132,Avadi Hospital,hospital,hospital,,,,,,,medium
hospitals,1315895438,node,13.0583046,80.211745,sree dhanalakshmi family clinic,hospital,,,,,,,,medium
hospitals,1330439616,node,12.9267155,80.2028228,Unnamed,pharmacy,pharmacy,,,,,,,medium
hospitals,1446415367,node,12.9663879,80.2474724,Bhadra Homeo,hospital,,,,,,,,medium
hospitals,1450869068,node,12.9738813,80.2581824,Meiyappan Medicals,pharmacy,pharmacy,,,,,,,medium
hospitals,1467471239,node,13.1417058,80.2371106,Ganapathy medicals,pharmacy,pharmacy,,,,,,,medium
hospitals,1472969165,node,13.0626045,80.2305209,Amma Hospital,hospital,hospital,,,,yes,,,critical
hospitals,1474055555,node,13.0787952,80.2405731,Right Hospitals,hospital,hospital,,,,yes,,,critical
hospitals,1560720462,node,13.0015307,80.2552541,Vasan Eye Care Hospital,hospital,hospital,,,,no,,,critical
hospitals,1597151538,node,13.0584072,80.2011738,Unnamed,hospital,,,,,,,,medium
hospitals,1621246558,node,13.1187083,80.1572422,Ashwini Eye Care,hospital,,,,,no,,,critical
hospitals,1640625235,node,12.9809069,80.2289781,Unnamed,pharmacy,pharmacy,,,,,,,medium
hospitals,1666841790,node,12.9294425,80.2029696,Saravana Medicals,pharmacy,pharmacy,,,,,,,medium
hospitals,1693548862,node,12.9214528,80.1665633,Sai Pharmacy,pharmacy,pharmacy,,,,,,,medium
hospitals,1697808540,node,13.0266818,80.270192,Periyandaver Pharmacy,pharmacy,pharmacy,,,,,,,medium
hospitals,1764130037,node,12.970622,80.2182562,Jayanthi Enterprise,pharmacy,pharmacy,,,,,,,medium
hospitals,1789987574,node,12.9799192,80.2044922,Prime Care Nursing Home,hospital,hospital,,,,,,,medium
hospitals,1833926660,node,13.0575206,80.127824,ACS Medical College And Hospital,hospital,,,,,yes,,,critical
hospitals,1895925529,node,12.94626,80.1970939,S L V Medicals,pharmacy,pharmacy,,,,,,,medium
hospitals,1896330825,node,13.1340563,80.1037102,Unnamed,hospital,,,,,,,,medium
hospitals,1896330827,node,13.1333249,80.1033668,Unnamed,hospital,,,,,,,,medium
hospitals,1921334902,node,12.9796042,80.1880567,Apollo Pharmacy,pharmacy,pharmacy,,,,,,,medium
hospitals,1926719654,node,12.9810527,80.1882119,Gokul Medicals,pharmacy,pharmacy,,,,,,,medium
hospitals,1948616260,node,13.0677233,80.2050055,Apollo Free Emergency Clinic,hospital,,,,,,,,medium
hospitals,1948616269,node,13.0677514,80.2050048,Apollo Pharmacy,pharmacy,pharmacy,,,,,,,medium
hospitals,1949461735,node,12.9486148,80.1852727,Unnamed,pharmacy,pharmacy,,,,,,,medium
hospitals,1955943159,node,13.0385656,80.2165845,Agarwal Hospital,hospital,hospital,,,,,,,medium
hospitals,1955943164,node,13.0346459,80.2163029,Rajan Opticals,pharmacy,pharmacy,,,,,,,medium
hospitals,1955943166,node,13.0385891,80.2166274,Agarwal,pharmacy,pharmacy,,,,,,,medium
hospitals,1957903721,node,13.0849671,80.2004752,Senthil Nursing Home,hospital,hospital,,,,,,,medium
hospitals,1957904106,node,13.0868667,80.1991661,I K Hospital,hospital,hospital,,,,,,,medium
hospitals,1979247767,node,12.9730642,80.1339663,B.P. Jain Hospital (Sri Sankara Health Centre),hospital,hospital,,,,yes,,,critical
hospitals,1993266486,node,12.9800456,80.2286587,Ortho clinic,hospital,hospital,,,,,,,medium
hospitals,2053800296,node,12.9464081,80.1950005,Unnamed,pharmacy,pharmacy,,,,,,,medium
hospitals,2053800304,node,12.9482745,80.1996675,Unnamed,pharmacy,pharmacy,,,,,,,medium
hospitals,2072479943,node,13.0358564,80.1644897,JK Hospital,hospital,,,,,no,,,critical
hospitals,2086712439,node,12.9559409,80.1855637,Unnamed,hospital,hospital,,,,,,,medium
hospitals,2086712440,node,12.9557845,80.1855889,Unnamed,pharmacy,pharmacy,,,,,,,medium
hospitals,2120763195,node,12.9933638,80.2009134,SP Hospital,hospital,hospital,,,,yes,,,critical
hospitals,2124734395,node,12.9321684,80.2337388,Fourtts India Laboratories,hospital,,,,,,,,medium
hospitals,2125931950,node,12.7960843,80.2155228,Chettinadu Hospital & Research Institute,hospital,,,,,,,,medium
hospitals,2126461371,node,12.9837958,80.1932105,Rotary Central Margaret Sidney Hospital,hospital,hospital,,,,,,,medium
hospitals,2145405955,node,12.9786524,80.1850278,Sri Chakra Hospital,hospital,hospital,,,,,,,medium
hospitals,2151933464,node,12.9860357,80.1885197,Apollo Pharmacy,pharmacy,pharmacy,,,,,,,medium
hospitals,2162769565,node,12.918328,80.187629,RA Usha's clinic,clinic,clinic,,,,,,,medium
hospitals,2162770047,node,12.917927,80.187478,SV clinic,clinic,clinic,,,,,,,medium
hospitals,2162771723,node,12.917897,80.187416,SV Lab,clinic,clinic,,,,,,,medium
hospitals,2162771900,node,12.917246,80.1873,V-Care Clinic,clinic,clinic,,,,,,,medium
hospitals,2162772403,node,12.917288,80.187317,RPT Medicals,pharmacy,pharmacy,,,,,,,medium
hospitals,2163785044,node,12.886344,80.188974,KK clinic,clinic,,,,,,,,medium
hospitals,2210056220,node,12.8928496,80.1835976,Rajan Hospital,hospital,,,,,no,,,critical
hospitals,2253361647,node,12.9842586,80.1886083,Dr. Janardhanan Multispeciality Dental Clinic,hospital,hospital,,,,,,,medium
hospitals,2253368679,node,12.9843945,80.188611,Ambhika Medicals,pharmacy,pharmacy,,,,,,,medium
hospitals,2258356173,node,12.9872328,80.1881281,MedPlus,pharmacy,pharmacy,,,,,,,medium
hospitals,2296731456,node,13.076782,80.268345,Dr Venugopals' Sundaram Clini,hospital,hospital,,,,,,,medium
hospitals,2296731781,node,13.0768734,80.2678381,Dr Kabir's Clinic,hospital,hospital,,,,,,,medium
hospitals,2296732187,node,13.0764345,80.2672427,Dr Sridhars'Clinic,hospital,hospital,,,,,,,medium
hospitals,2394694856,node,13.0904821,80.215805,Apollo Pharmacy,pharmacy,pharmacy,,,,,,,medium
hospitals,2485567524,node,13.0921812,80.2594411,Vepery Hospital,hospital,hospital,,,,,,,medium
hospitals,2517035814,node,12.9658002,80.191882,Vasan Eye care,hospital,hospital,,,,,,,medium
hospitals,2559180846,node,13.0929667,80.2236256,Jaws Dental Foundation,hospital,hospital,,,,yes,,,critical
hospitals,2587530810,node,13.0205681,80.2594702,Chennai Skin Foundation,hospital,hospital,,,,,,,medium
hospitals,2607437437,node,13.2772938,80.2598649,Venkata rathnam Hospital,hospital,,,,,yes,,,critical
hospitals,2669702938,node,12.9710287,80.2082964,Sukrthi Nursing Home,hospital,hospital,,,,yes,,,critical
hospitals,2669790528,node,13.0743875,80.2006671,Chennai Jayanth Acupuncture Clinic,,alternative,,,,,+91 77082 11515,https://chennaiacupuncture.com/,medium
hospitals,2676678607,node,13.024235,80.2231706,24 Hours Hospital,clinic,clinic,Private,,,yes,,,critical
hospitals,2794348661,node,13.0405941,80.1784622,A.N.N Hospital,hospital,,,,,yes,,,critical
hospitals,2878310971,node,12.9806725,80.1881307,Roja Medicals,pharmacy,pharmacy,,,,,,,medium
hospitals,2966142809,node,13.0705042,80.150612,Appolo Speciality Hospital Vanagram,hospital,,,,,,,,medium
hospitals,3118864398,node,13.0381705,80.2573008,Kauvery Hospital,hospital,hospital,,,,yes,+914440006000,https://www.kauveryhospital.com/,critical
hospitals,3157617785,node,12.9255743,80.1281333,Dr Mohan's Diabetes Hospital,hospital,hospital,,,,,,,medium
hospitals,3240606754,node,12.9886621,80.1903162,Shri Ganesh Pharmacy,pharmacy,pharmacy,,,,,,,medium
hospitals,3372786283,node,12.9862735,80.2298924,Velachery SABA Hospital,hospital,hospital,,,,,,,medium
hospitals,3397750866,node,13.022387,80.2230108,Dr. Reddi's Poly Clinic,clinic,clinic,,,,,,,medium
hospitals,3450053562,node,13.0249589,80.2204682,Appollo Pharmacy,pharmacy,pharmacy,,,,,,,medium
hospitals,3450059376,node,13.0248573,80.2204111,Sushil Medicals,pharmacy,pharmacy,,,,,,,medium
hospitals,3453282583,node,13.0250873,80.221673,Sri Ram Medicals,pharmacy,pharmacy,,,,,,,medium
hospitals,3453302326,node,13.0249743,80.2207562,Amman Medicals,pharmacy,pharmacy,,,,,,,medium
hospitals,3453302327,node,13.0249507,80.2203146,Ganesh Medicals,pharmacy,pharmacy,,,,,,,medium
hospitals,3453302328,node,13.0250178,80.2213774,Naga Medicals,pharmacy,pharmacy,,,,,,,medium
hospitals,3453302329,node,13.0248543,80.2208806,Sugam Poly Clinic,clinic,clinic,,,,,,,medium
hospitals,3453328189,node,13.0248243,80.2203784,24 Hours Health care centre,clinic,clinic,,,,,,,medium
hospitals,3453367856,node,13.0242117,80.2231695,Sri Karaneeswarar Medicals,pharmacy,pharmacy,,,,,,,medium
hospitals,3453898726,node,13.0222576,80.2211617,Udayam Medicals,pharmacy,pharmacy,,,,,,,medium
hospitals,3467526751,node,13.0216638,80.2194646,Sri Iyappa Medicals,pharmacy,pharmacy,,,,,,,medium
hospitals,3470834274,node,13.0221323,80.2245935,Unnamed,pharmacy,pharmacy,,,,,,,medium
hospitals,3470862093,node,13.0246739,80.2203223,"Dr. R. Gurusamy, ENT & General",doctors,doctor,,,,,,,medium
hospitals,3470862094,node,13.0252349,80.2227857,Rajesh Clinic,doctors,doctor,,,,,,,medium
hospitals,3470862095,node,13.0252375,80.2228534,Smile Care,dentist,dentist,,,,,,,medium
hospitals,3470914439,node,13.0395967,80.2213776,Jaya Medicals,pharmacy,pharmacy,,,,,,,medium
hospitals,3471088863,node,13.0242232,80.2231722,Tooth Craft,dentist,dentist,,,,,,,medium
hospitals,3485824671,node,13.0247344,80.2168255,MedPlus,pharmacy,pharmacy,,,,,,,medium
hospitals,3485824672,node,13.0221564,80.2207542,Saranya Medicals,pharmacy,pharmacy,,,,,,,medium
hospitals,3485824673,node,13.0222453,80.2206601,Saravana Medicals,pharmacy,pharmacy,,,,,,,medium
hospitals,3485824674,node,13.0218682,80.224325,Sayer Pharmacy,pharmacy,pharmacy,,,,,,,medium
hospitals,3485824675,node,13.0221953,80.2226021,Sindhu Pharmacy,pharmacy,pharmacy,,,,,,,medium
hospitals,3485824676,node,13.0222897,80.2199272,Vasantham Medicals,pharmacy,pharmacy,,,,,,,medium
hospitals,3485824677,node,13.0224517,80.2194413,Unnamed,pharmacy,pharmacy,,,,,,,medium
hospitals,3493034087,node,12.9867053,80.2243017,Unnamed,pharmacy,pharmacy,,,,,,,medium
hospitals,3494254196,node,13.0923775,80.2777601,Bohra Tooth Palace,dentist,dentist,,,,,,,medium
hospitals,3494254197,node,13.0922553,80.2777363,Unnamed,pharmacy,pharmacy,,,,,,,medium
hospitals,3508280901,node,12.9857194,80.2291961,Gandhi Pharmacy,pharmacy,pharmacy,,,,,,,medium
hospitals,3524770229,node,13.0242543,80.2185088,Maruthi Pharmacy,pharmacy,pharmacy,,,,,,,medium
hospitals,3614668683,node,13.0003975,80.2611458,JOGO Clinic,,psychotherapist,,,,,,,medium
hospitals,3664004950,node,12.9012946,80.1583761,Chellam Hospital,hospital,,Chellam Hosptial,,,,,,medium
hospitals,3680482049,node,13.041711,80.2285827,"Sri Meenakshi Nursing Home, Chennai",clinic,clinic,,,,,044 2345 5290,,medium
hospitals,3685002782,node,13.0419746,80.2249547,West Mambalam Pharmacy,pharmacy,pharmacy,,,,,,,medium
hospitals,3687711447,node,12.9767775,80.2223505,Kaya Skin clinic,hospital,hospital,,,,,,,medium
hospitals,3702797921,node,13.0859961,80.1870589,Madras Medical Mission Hospital - Institute of Cardio Vascular Diseases,hospital,hospital,,,,yes,044 2656 5991,http://www.madrasmedicalmission.org/,critical
hospitals,3735409816,node,13.0420421,80.2257791,Jeyalakshmi Medicals,pharmacy,pharmacy,,,,,,,medium
hospitals,3736313474,node,12.9519172,80.136095,Ramana Children's Hospital,clinic,clinic,,,,,,,medium
hospitals,3745022788,node,13.0391259,80.2212706,Vinodh Medicals,pharmacy,pharmacy,,,,,,,medium
hospitals,3749116734,node,12.9726559,80.1392073,Sathya Clinic,clinic,clinic,,,,,,,medium
hospitals,3749230043,node,12.9719221,80.1412126,MedPlus,pharmacy,pharmacy,,,,,,,medium
hospitals,3774546122,node,12.9991848,80.2563513,Andavar Medicals,pharmacy,pharmacy,,,,,,,medium
hospitals,3774546123,node,12.9992548,80.257968,Nagappa Pharmacy,pharmacy,pharmacy,,,,,,,medium
hospitals,3777708607,node,12.9991541,80.2566841,MedPlus,pharmacy,pharmacy,,,,,,,medium
hospitals,3800583777,node,13.0363292,80.2226905,Apollo Pharmacy,pharmacy,pharmacy,,,,,,,medium
hospitals,3800583778,node,13.0366726,80.2230223,Mumtaz Medicals,pharmacy,pharmacy,,,,,,,medium
hospitals,3800583779,node,13.0362675,80.2222656,Saravana Medicals,pharmacy,pharmacy,,,,,,,medium
hospitals,3810841790,node,13.0368258,80.2230191,Dhanalakshmi Medicals,pharmacy,pharmacy,,,,,,,medium
hospitals,3969967345,node,12.968197,80.1487307,Bawaa Medicals,pharmacy,pharmacy,,,,,,,medium
hospitals,3971391760,node,12.9859425,80.2282833,Unnamed,pharmacy,pharmacy,,,,,,,medium
hospitals,3971391761,node,12.9861154,80.2274512,Appolo Pharmacy,pharmacy,pharmacy,,,,,,,medium
hospitals,3982078512,node,13.1260907,80.2488406,Pavithra Hospital,hospital,hospital,,,,,,,medium
hospitals,4221573903,node,13.0642564,80.2497746,Shankara Netralaya Eye Hospital,hospital,hospital,,,,,,https://sankaranethralaya.org/,medium
hospitals,4238552590,node,13.0861416,80.2529597,Dr Aslam Yousuff Clinic,doctors,doctor,,,,,26423282,,medium
hospitals,4269972191,node,13.0610433,80.2765499,Shree devi medicals,pharmacy,pharmacy,,,,,7200935169,,medium
hospitals,4304184691,node,12.9511216,80.1457604,Surya Medical,pharmacy,pharmacy,,,,,,,medium
hospitals,4310359596,node,12.9868731,80.1163143,Balaji Medicals,pharmacy,pharmacy,,,,,,,medium
hospitals,4329387869,node,12.9733792,80.187599,Srinivasan Rajalakshmi Memorial Hospital,hospital,hospital,"Dr. S.Krishnan , MD.RT, Dr. Mrs. P. Radha [MD]",,,yes,"+91 98401 17136, +91 44 4504 6010",,critical
hospitals,4402711896,node,13.0111273,80.1530134,Sri Nanthish Medicals,pharmacy,pharmacy,,,,,+91 44 6450 6869,,medium
hospitals,4411841796,node,13.0286757,80.183588,Unnamed,clinic,,,,,,,,medium
hospitals,4411853996,node,13.0278142,80.1832579,Unnamed,clinic,,,,,,,,medium
hospitals,4411855589,node,13.026489,80.1829882,Unnamed,hospital,,,,,,,,medium
hospitals,4411855591,node,12.9745585,80.2201536,Unnamed,clinic,clinic,,,,,,,medium
hospitals,4417312196,node,13.0339283,80.2142544,Apollo Pharmacy,pharmacy,pharmacy,,,,,04424745946,https://www.apollopharmacy.in/,medium
hospitals,4421926391,node,13.0672454,80.2496008,Unnamed,clinic,clinic,,,,,,,medium
hospitals,4455385690,node,13.0594837,80.1694976,Unnamed,clinic,,,,,,,,medium
hospitals,4486583996,node,13.0380047,80.1889685,Chennai Medical Centre Hospital,hospital,hospital,,,,,,,medium
hospitals,4488082604,node,13.0515961,80.2114304,SRM Institutes For Medical Science,hospital,hospital,,,,,+91 44 2000 2001,https://www.simshospitals.com/,medium
hospitals,4488387389,node,13.0327786,80.2526813,Unnamed,clinic,clinic,,,,,04424346665,,medium
hospitals,4549736615,node,12.9645947,80.2111207,Unnamed,pharmacy,pharmacy,,,,,,,medium
hospitals,4549736618,node,12.9651772,80.2076115,Unnamed,pharmacy,pharmacy,,,,,,,medium
hospitals,4549736619,node,12.9651808,80.2070403,Unnamed,pharmacy,pharmacy,,,,,,,medium
hospitals,4549736620,node,12.9653086,80.2064949,Unnamed,pharmacy,pharmacy,,,,,,,medium
hospitals,4549736621,node,12.9654845,80.2065693,Unnamed,pharmacy,pharmacy,,,,,,,medium
hospitals,4554279725,node,13.1108976,80.0952836,Vivekanandha,hospital,,,,,,,,medium
hospitals,4580687657,node,13.0313209,80.2247278,Siva clinic,clinic,clinic,,,,,,,medium
hospitals,4580687658,node,13.0313163,80.2246668,Sri Krishna Medicals,pharmacy,pharmacy,,,,,,,medium
hospitals,4580688050,node,13.0366881,80.2230407,Sri Desikan Clinic,doctors,doctor,,,,,,,medium
hospitals,4639687857,node,12.921547,80.0920082,Amman Medicals,pharmacy,pharmacy,,,,,,,medium
hospitals,4639806075,node,12.9222811,80.0947731,Apollo Pharmacy,pharmacy,pharmacy,,,,,,,medium
hospitals,4740021911,node,13.0396163,80.2630412,Gokul XRAY,pharmacy,pharmacy,,,,,,,medium
hospitals,4740298624,node,12.9241666,80.1274453,government child health center,hospital,hospital,,,,yes,,,critical
hospitals,4740298625,node,12.9229715,80.1298204,Christdas hospital,hospital,hospital,,,,yes,,,critical
hospitals,4764302980,node,13.0135999,80.2395364,HEALTH,hospital,,,,,,,,medium
hospitals,4783864424,node,12.9001585,80.1422301,Unnamed,clinic,clinic,,,,,,,medium
hospitals,4813324323,node,13.1133021,80.2905249,Unnamed,hospital,hospital,,,,,+914425980998,,medium
hospitals,4911069621,node,12.9256804,80.1268179,Unnamed,clinic,clinic,,,,,,,medium
hospitals,4911075821,node,12.9261223,80.1265186,Unnamed,hospital,hospital,,,,,,,medium
hospitals,4911122921,node,12.92663,80.1278607,Unnamed,clinic,clinic,,,,,,,medium
hospitals,4911126521,node,12.9266488,80.1277701,Unnamed,pharmacy,pharmacy,,,,,,,medium
hospitals,4911144021,node,12.9270824,80.1273883,Unnamed,clinic,clinic,,,,,,,medium
hospitals,5040904305,node,12.9692614,80.1874944,MedPlus,pharmacy,pharmacy,,,,,,,medium
hospitals,5087492830,node,12.9224285,80.1501994,Vani Nursing Home,clinic,clinic,,,,,,,medium
hospitals,5087492831,node,12.923675,80.1277373,Dr padma clinic,clinic,clinic,,,,,,,medium
hospitals,5087493136,node,12.9230989,80.130824,Sugam homeopathic hospital,hospital,hospital,,,,,,,medium
hospitals,5087493227,node,12.9220657,80.1381329,Dr. KK eye care center,hospital,hospital,,,,,,,medium
hospitals,5087493324,node,12.9220102,80.1417788,Be Well Hospital,hospital,hospital,,,,yes,,,critical
hospitals,5087493921,node,12.9227777,80.1484099,CMC poly clinic,clinic,,,,,,,,medium
hospitals,5087493923,node,12.922702,80.1286181,MedPlus,pharmacy,pharmacy,,,,,,,medium
hospitals,5090924224,node,12.9237851,80.1589529,Chellam Super Speciality Center,hospital,hospital,,,,,,,medium
hospitals,5090925921,node,12.9224017,80.1625903,Apollo Pharmacy,pharmacy,pharmacy,,,,,,,medium
hospitals,5090926024,node,12.9225168,80.1522357,New Life Hospital,hospital,hospital,,,,yes,,,critical
hospitals,5098123367,node,12.8470907,80.2267617,Novel Dental Care,dentist,dentist,,,,,,,medium
hospitals,5225824334,node,13.0852758,80.0674867,Sri Ramachandra Hospital,hospital,hospital,,,,,,,medium
hospitals,5227833113,node,13.1232827,80.0591826,Grace Hospital,hospital,hospital,,,,,,,medium
hospitals,5227836679,node,13.1217696,80.0634217,Abirami Nursing Home,hospital,hospital,Ravi,,,,,,medium
hospitals,5229515285,node,13.0176941,80.2058832,Primary Health Center,,centre,,,,,,,medium
hospitals,5229996823,node,13.1155685,80.0632561,Gov Sub Urban Health Center,hospital,hospital,,,,,,,medium
hospitals,5230370413,node,13.0820389,80.1688148,Vishnu Eye Clinic,,optometrist,,,,,,http://vishnueyeclinic.com,medium
hospitals,5230405199,node,13.0812175,80.1647462,Dr.Agarwal's Eye Hospital,,optometrist,,,,,,https://www.dragarwal.com/,medium
hospitals,5234697495,node,12.9372721,80.1565903,Apollo Pharmacy,pharmacy,pharmacy,,,,,,,medium
hospitals,5234697496,node,12.937646,80.1561158,Unnamed,pharmacy,pharmacy,,,,,,,medium
hospitals,5234772952,node,12.9406026,80.1509194,Unnamed,pharmacy,pharmacy,,,,,,,medium
hospitals,5246751725,node,12.9262375,80.1479482,MedPlus,pharmacy,pharmacy,,,,,,,medium
hospitals,5246751826,node,12.9259189,80.1476043,Apollo Pharmacy,pharmacy,pharmacy,,,,,,,medium
hospitals,5258898327,node,12.9106573,80.1427813,Apollo Pharmacy,pharmacy,pharmacy,,,,,,,medium
hospitals,5258976324,node,12.885562,80.151595,Government Health Center,hospital,hospital,,,,,,,medium
hospitals,5258977224,node,12.8907407,80.1415224,Krishna Medicals,pharmacy,pharmacy,,,,,,,medium
hospitals,5259008321,node,12.8917407,80.1412614,Annai Therasa Hospital,hospital,hospital,,,,,,,medium
hospitals,5259088422,node,12.8855161,80.1522823,Government Veterinary Hospital,hospital,hospital,,,,,,,medium
hospitals,5259129922,node,12.9207467,80.1437903,Unnamed,hospital,hospital,,,,,,,medium
hospitals,5259141323,node,12.9201133,80.1443788,Unnamed,hospital,hospital,,,,,,,medium
hospitals,5263563022,node,13.1131363,80.2429369,Unnamed,hospital,hospital,,,,,,,medium
hospitals,5300479525,node,12.7939715,79.8175725,Unnamed,hospital,,,,,,,,medium
hospitals,5302938624,node,12.9203722,80.1443905,Kottakkal Arya Vaidhyasala,hospital,hospital,,,,no,04464553525,,critical
hospitals,5305752194,node,13.0856902,80.2030609,Sukham Pharmacy,pharmacy,pharmacy,,,,,,,medium
hospitals,5306591795,node,13.0857438,80.2029307,Sha Dental Clinic,dentist,dentist,,,,,,,medium
hospitals,5306596304,node,13.0862108,80.2048268,Neuro Clinic,clinic,clinic,,,,,04426164055,,medium
hospitals,5311605222,node,12.928561,80.1300913,Jeyaraj medicals,pharmacy,pharmacy,,,,,,,medium
hospitals,5318562365,node,13.0860731,80.1983714,Dr. Ram's Diabetes & Endocrine Clinic,clinic,clinic,,,,,9333193331,,medium
hospitals,5318565084,node,13.0856328,80.1983243,Heart Care Clinic,clinic,,,,,,,,medium
hospitals,5321368440,node,12.8369284,80.2275731,Marhura hospital,hospital,hospital,,,,,,,medium
hospitals,5321369027,node,12.8369119,80.2282256,Omega medicine,pharmacy,pharmacy,,,,,,,medium
hospitals,5321369825,node,12.8368628,80.2282319,Patanjali,,alternative,,,,,,,medium
hospitals,5332431685,node,12.9658654,80.2568782,Shifa Medicals,pharmacy,pharmacy,,,,,,,medium
hospitals,5332436330,node,12.9752059,80.2588333,Apollo Pharmacy,pharmacy,pharmacy,,,,,,,medium
hospitals,5332437283,node,12.9738038,80.2584682,Sri Meyyappa Medicals,pharmacy,pharmacy,,,,,,,medium
hospitals,5332445810,node,12.9870178,80.2582033,Family Dentistry Center,dentist,dentist,,,,,,,medium
hospitals,5336394298,node,13.1026223,80.2090829,S.R. Medicals,pharmacy,pharmacy,,,,,04426180992,,medium
hospitals,5336395126,node,13.1026662,80.2089167,MedPlus,pharmacy,pharmacy,,,,,,,medium
hospitals,5336542921,node,13.0527235,80.2727336,The Cresent Hospital,hospital,hospital,,,,,,,medium
hospitals,5338508432,node,13.1058085,80.2077881,Swami Eye Clinic & Surgi Center,clinic,clinic,,,,,,,medium
hospitals,5338508433,node,13.105724,80.2076852,Sri Bhagavan Medicals,pharmacy,pharmacy,,,,,,,medium
hospitals,5338512294,node,13.1076791,80.2061087,Sri Azhagu Medicals,pharmacy,pharmacy,,,,,,,medium
hospitals,5338522331,node,13.1092819,80.2062148,Thai Medical and Generals,pharmacy,pharmacy,,,,,,,medium
hospitals,5338591947,node,13.1036499,80.2075899,Gurudev Pharmacy,pharmacy,pharmacy,,,,,,,medium
hospitals,5338616494,node,13.0847337,80.2122632,Narayanappah Pharmacy,pharmacy,pharmacy,,,,,,,medium
hospitals,5359076843,node,13.0852419,80.199355,Sathya Pharmacy,pharmacy,pharmacy,,,,,,,medium
hospitals,5367950021,node,13.0590329,80.2375326,Biocosmo Healthcare,hospital,hospital,,,,,7200080075,,medium
hospitals,5370532387,node,13.0857391,80.1925899,A.R.R. Pharmacy,pharmacy,pharmacy,,,,,9444629833,,medium
hospitals,5370536481,node,13.085025,80.1924583,MedPlus,pharmacy,pharmacy,,,,,,,medium
hospitals,5372752957,node,13.0855051,80.192537,Anbu Dental Implant & Maxillofacial Clinic,clinic,clinic,,,,,9940753151,,medium
hospitals,5400380244,node,13.0873798,80.1974921,Coopertive Medicals,pharmacy,pharmacy,,,,,,,medium
hospitals,5400382372,node,13.0349633,80.2123839,Ashok Medicals,pharmacy,pharmacy,,,,,,,medium
hospitals,5489143545,node,13.0200088,80.1422946,Keerthi clinic,clinic,,,,,,9003052532,,medium
hospitals,5492573024,node,13.0799682,80.1805593,VSR Hospital,hospital,,,,,,,,medium
hospitals,5492577281,node,13.0800478,80.1804976,New Life Family Hospitals,hospital,,,,,,044 26566823,http://newlifehospitals.com/,medium
hospitals,5500158687,node,13.0497391,80.2083222,Vijaya Group of Hospital,hospital,hospital,,,,,044 6664 6600,https://vijayahospital.org/,medium
hospitals,5525433061,node,13.0142256,80.2181845,King Institute of Preventive Medicine and Research,,centre,,,,,044-22501520,https://www.kipmr.org.in/,medium
hospitals,5547728024,node,13.0615207,80.275747,ஹிபா சிறப்பு மருத்துவமனை,hospital,hospital,,,,,,,medium
hospitals,5570522545,node,12.9856999,80.2293536,ARK Hospital,hospital,hospital,,,,,,,medium
hospitals,5570584568,node,12.9814619,80.2293617,Nanomed Clinical Lab,pharmacy,pharmacy,,,,,,,medium
hospitals,5631872265,node,13.0298741,80.2217057,Viji Clinic,clinic,clinic,viyashankar,,,,,,medium
hospitals,5631872266,node,13.031147,80.2228983,Annamalai Hospital,hospital,hospital,Annamalai,,,,,,medium
hospitals,5631872277,node,13.0319539,80.2207913,Ezhil Hospital,hospital,hospital,Durairaj,,,yes,,,critical
hospitals,5792664046,node,12.9794,80.2043658,"Qure Ortho Clinic, Physiotherapy, X Ray & Pharmacy",hospital,hospital,,,,,095000 06644,,medium
hospitals,5892971290,node,13.0258358,80.039844,Point B,hospital,hospital,,,,,,,medium
hospitals,5910074596,node,13.0770009,80.2387258,The Guest Pharmacy,pharmacy,pharmacy,,,,,,,medium
hospitals,6015237085,node,13.0860154,80.2798104,Unnamed,pharmacy,pharmacy,,,,,,,medium
hospitals,6036525834,node,13.105607,80.2099301,VM Medicals,pharmacy,pharmacy,,,,,,,medium
hospitals,6036592551,node,13.108615,80.2077057,MedPlus,pharmacy,pharmacy,,,,,,,medium
hospitals,6036687186,node,13.1055632,80.2098688,GK Clinic,clinic,clinic,,,,,,,medium
hospitals,6045880759,node,13.0354034,80.2504161,City Primary Healthcare Centre,,centre,,,,,,,medium
hospitals,6057943093,node,13.0291736,80.2474284,Diabetes and Heart Care Clinic,clinic,clinic,,,,,,,medium
hospitals,6131954385,node,13.0199102,80.2697182,Unnamed,clinic,clinic,,,,,,,medium
hospitals,6138546488,node,12.929761,80.1200478,"Dr.Agarwal's Eye Hospital Ltd, Tambaram",hospital,hospital,,,,,094449 64237,https://www.dragarwal.com/,medium
hospitals,6167503411,node,13.057865,80.2362823,BK ENT care,clinic,clinic,,,,,+91 44 2817 1314,,medium
hospitals,6167503412,node,13.055823,80.2348714,Suman Clinic,clinic,clinic,,,,,+91 44 2817 4422,,medium
hospitals,6185882385,node,13.0289663,80.2085951,Nivas Skin Clinic,hospital,hospital,,,,,,,medium
hospitals,6187367787,node,13.0723143,80.2530089,Unnamed,clinic,,,,,,"9841214222,9962222266",,medium
hospitals,6237693085,node,13.0853754,80.2520126,Unnamed,pharmacy,pharmacy,,,,,,,medium
hospitals,6274294885,node,13.0636828,80.2773224,Unnamed,pharmacy,pharmacy,,,,,,,medium
hospitals,6274320987,node,13.0651517,80.2739292,Unnamed,pharmacy,pharmacy,,,,,,,medium
hospitals,6274344085,node,13.0634397,80.274789,Unnamed,pharmacy,pharmacy,,,,,,,medium
hospitals,6324654184,node,13.0464568,80.2457288,Aryan Clinic,clinic,clinic,,,,,,,medium
hospitals,6640623885,node,13.0682794,80.2604397,Unnamed,doctors,doctor,,,,,,,medium
hospitals,6681271185,node,13.0708359,80.2657441,Unnamed,clinic,clinic,,,,,,,medium
hospitals,6822194645,node,13.0566406,80.1437839,Tamilnadu Test House,,laboratory,Prabhu Shankar,,,,044 26493005,https://www.tamilnadutesthouse.com/,medium
hospitals,6886285315,node,12.9493001,80.2095059,Dr.Kamatchi Memorial and Blood Component Research Centre,,blood_donation,,,,,,,medium
hospitals,6886285316,node,12.9810509,80.195537,Rotary Blood Bank - Chennai,,blood_donation,,,,,,,medium
hospitals,6886285317,node,13.0098682,80.2182251,The Tamil Nadu Dr. MGR Medical University Blood Bank,,blood_donation,,,,,,http://www.tnmgrmu.ac.com,medium
hospitals,6886285320,node,13.0337515,80.2451004,Apollo Cancer Centres,hospital,hospital,,,,,,https://apollocancercentres.com/,medium
hospitals,6893114494,node,13.10995,80.282059,Sree Venkateswara Blood Bank,,blood_donation,,,,,,,medium
hospitals,6914280086,node,13.0329888,80.230346,Raju Hospitals,hospital,hospital,,,,,,,medium
hospitals,6914280087,node,13.1193228,80.2254523,"Raju Nursing Home, Chennai",clinic,clinic,,,,,,,medium
hospitals,6914280093,node,13.042307,80.177473,Rakshith Hospitals,hospital,,,,,,,,medium
hospitals,6914280100,node,13.0844879,80.1876882,"Raj Nursing Home, Tiruvallur",clinic,clinic,,,,,,,medium
hospitals,6914280107,node,13.0855408,80.2504653,Hitech Diagnostic Centre,,laboratory,,,,,,,medium
hospitals,6914764645,node,12.9439622,80.1388438,Dr. A. L. Annamalais Ent Care Centre,hospital,hospital,,,,,,,medium
hospitals,6914764653,node,13.0063976,80.2507134,Sri Kalyan Hospital,hospital,hospital,,,,,,,medium
hospitals,6914767985,node,12.9504411,80.1438314,A G Chrompet Health And Maternity Centre,hospital,hospital,,,,,,,medium
hospitals,6914767986,node,13.0793555,80.2560469,Sundaravadanan Nursing Home,clinic,clinic,,,,,,,medium
hospitals,6914768001,node,13.1105649,80.2418775,Sen Hospital,hospital,hospital,,,,,,,medium
hospitals,6914768012,node,13.1116559,80.2847452,"Angel Nursing Home, Washermenpet",clinic,clinic,,,,,,,medium
hospitals,6914768046,node,13.0757435,80.2272588,Billroth Hospitals,hospital,hospital,,,,,,https://www.billrothhospitals.com/,medium
hospitals,6914768062,node,12.9223261,80.0961417,Mano Hospital,hospital,hospital,,,,,,,medium
hospitals,6914768063,node,13.1026603,80.2112943,Cauvery Trust Hospital,hospital,hospital,,,,,,,medium
hospitals,6914768069,node,13.0229098,80.1670808,Kedar Hospital,hospital,hospital,,,,,,,medium
hospitals,6914768085,node,13.0829726,80.1796965,Srinivas Eye Hospital,hospital,hospital,,,,,,,medium
hospitals,6914768086,node,13.0835957,80.2156462,Soundarapandian Bone and Joint Hospital Research Institute Pvt. Ltd.,hospital,hospital,,,,,,,medium
hospitals,6914768088,node,13.079494,80.2572808,Dr. U. Mohan Rau Memorial Hospital - Chennai,hospital,hospital,,,,,,,medium
hospitals,6914880505,node,13.0477799,80.2065495,Vijaya Institute Of Trauma and Orthopadics,clinic,clinic,,,,,,,critical
hospitals,6914880538,node,13.0762935,80.234026,Chennai Cancer Care,hospital,hospital,,,,,,,medium
hospitals,6914880539,node,12.9789449,80.2246302,Chennai Eye Care Hospital,hospital,hospital,,,,,,,medium
hospitals,6914880540,node,13.0917939,80.2410534,Chennai Heart Centre,hospital,hospital,,,,,,,medium
hospitals,6914880546,node,13.0268492,80.2558082,Chennai Kaliappa Hospital,hospital,hospital,,,,,,,medium
hospitals,6914880552,node,13.0833606,80.2341561,Mots Hospital,hospital,hospital,,,,,,,medium
hospitals,6914880558,node,13.0223545,80.2042052,"Mother and Child Care Clinic, Chennai",clinic,,,,,,,,medium
hospitals,6914880574,node,13.1025336,80.2090412,"Mohan Nursing Home, Tiruvallur",clinic,clinic,,,,,,,medium
hospitals,6914880584,node,13.0723588,80.2157642,Vasanthi Orthopaedic Hospital,hospital,hospital,,,,,,,medium
hospitals,6914894005,node,13.0074586,80.206874,Mina Nursing Home,clinic,,,,,,,,medium
hospitals,6914896192,node,13.0440054,80.2355951,R.M.D. Nursing Home,clinic,clinic,,,,,,,medium
hospitals,6914896212,node,13.0788127,80.2481786,R.K. Gynaec And Maternity Hospital,hospital,hospital,,,,,,,medium
hospitals,6914896213,node,12.945698,80.1416239,"R.K. Nursing Home, Kanchipuram",clinic,clinic,,,,,,,medium
hospitals,6914896214,node,13.0240792,80.2278288,R.G. Stone Urological Research Institute,hospital,hospital,,,,,,,medium
hospitals,6914896215,node,13.0485912,80.2311788,R. K. Eye Centre,hospital,hospital,,,,,,,medium
hospitals,6914896269,node,13.0714757,80.2317998,Psymed Hospiyal,hospital,hospital,,,,,,,medium
hospitals,6914896280,node,13.1122071,80.2496512,"Priya Nursing Home, Perambur",clinic,,,,,,,,medium
hospitals,6914896281,node,13.1192888,80.2889456,"Priya Nursing Home, Chennai",clinic,clinic,,,,,,,medium
hospitals,6914911759,node,13.1990395,80.1760313,Vanaja Hospital,hospital,,,,,,,,medium
hospitals,6914911764,node,13.0433091,80.2187696,"Vasanthram Hospital (P) Ltd.,",hospital,hospital,,,,,,,medium
hospitals,6914927162,node,13.0516559,80.2133146,Vadapalani Multispeciality Hospital,hospital,hospital,,,,,,,medium
hospitals,6914937617,node,13.0378713,80.1402023,Sri Ramachandra Hospital,hospital,,,,,,,,medium
hospitals,6914937645,node,13.0425395,80.2430315,Sri Ramana Eye Center,clinic,clinic,,,,,,,medium
hospitals,6914937661,node,13.1173689,80.2315973,Sri Sai Sankara Dental Clinic And Orthodontic Cent,clinic,clinic,,,,,,,medium
hospitals,6914937681,node,13.0422887,80.2665116,Sri Sayee Poly Clinic,clinic,clinic,,,,,,,medium
hospitals,6914981225,node,13.0224512,80.2639461,Prakriti Ayurvedic Center,clinic,clinic,,,,,,,medium
hospitals,6915117046,node,13.1232306,80.2876528,"M N Eye Hospital Private Limited, Tondiarpet",hospital,hospital,,,,,,https://www.mneyehospitals.com/,medium
hospitals,6915134068,node,13.0838812,80.2502386,Doctor Rexs Hospitals,hospital,hospital,,,,,,,medium
hospitals,6915201226,node,12.9855882,80.2189144,Helios Hospital Pvt Ltd,hospital,hospital,,,,,,,medium
hospitals,6915211726,node,12.9850289,80.1891057,Sriram Dental Clinic and Orthodontic Centre,clinic,clinic,,,,,,,medium
hospitals,6915218991,node,13.0995855,80.2605303,Deepam Muthu Hospital,hospital,hospital,,,,,,,medium
hospitals,6915219120,node,12.9701888,80.1479395,"Lakshmi Nursing Home, Kanchipuram",clinic,clinic,,,,,,,medium
hospitals,6915222815,node,13.1217763,80.2858047,M.K. Nursing Home,clinic,clinic,,,,,,,medium
hospitals,6915231638,node,12.971439,80.1378152,Devibala Maternity,hospital,hospital,,,,,,,medium
hospitals,6915323752,node,13.0727703,80.2343653,Padmini Nursing Home,clinic,clinic,,,,,,,medium
hospitals,6915413133,node,12.9289316,80.1170864,S K Nursing Home Pvt Ltd,hospital,hospital,,,,,,,medium
hospitals,6915463333,node,13.1238765,80.2899749,Malligai Hospital,hospital,hospital,,,,,,,medium
hospitals,6915520031,node,13.0459064,80.1136042,D.R.R. Eye Hospital,hospital,,,,,,,,medium
hospitals,6915563707,node,12.9294095,80.1174378,Deepam Hospital,hospital,hospital,,,,,,,medium
hospitals,6915804195,node,13.0213249,80.2596237,Raja Annamalai Puram Dispensary No.6,clinic,centre,,,,,,http://nb.bsf.gov.in/CGHS%20DIspenseries.pdf,medium
hospitals,6915813496,node,13.0813437,80.2588713,Joseph Eye Clinic,clinic,clinic,,,,,,,medium
hospitals,6915836812,node,13.0282655,80.235353,Huma Specialists Hospital and Research Centre Pvt Ltd,hospital,hospital,,,,,,https://humahospital.com/,medium
hospitals,6915842017,node,13.0057455,80.2044077,Dr Radha Rajendran Nursing Home Pvt Ltd,clinic,clinic,,,,,,,medium
hospitals,6915850074,node,13.0863886,80.2339844,Regina Nursing Home,clinic,clinic,,,,,,,medium
hospitals,6916036301,node,13.028161,80.2681853,The Surgical Clinic and Nursing Home,clinic,clinic,,,,,,,medium
hospitals,6916036803,node,12.9644392,80.187601,Divya Hospital,hospital,hospital,,,,,,http://chennaipregnancycare.blogspot.com/,medium
hospitals,6916164281,node,12.9959072,80.2586031,Balaji Nursing Home - Chennai,clinic,clinic,,,,,,,medium
hospitals,6916178396,node,13.1418442,80.2485046,Noor`S Hospital,hospital,hospital,,,,,,,medium
hospitals,6916205172,node,13.1177888,80.2287099,"Vasan Eye Care Hospital, Perambur",hospital,hospital,,,,,,,medium
hospitals,6925987220,node,13.0247168,80.1493795,Getwel Dental Clinic,clinic,,,,,,,,medium
hospitals,6926045316,node,12.9815305,80.2207484,Ramana Clinic And Nursing Home,clinic,clinic,,,,,,,medium
hospitals,6926045326,node,13.0379843,80.2163241,Sri Sai Krs Hospital,hospital,hospital,,,,,,,medium
hospitals,6926049936,node,13.1197159,79.9132325,Grace Medical Centre,hospital,,,,,,,,medium
hospitals,6926049961,node,12.9779713,80.1883923,"Gowri Nursing Home, Kanchipuram",hospital,hospital,,,,,,,medium
hospitals,6926049968,node,13.0490968,80.2576214,Gopalapuram Dispensary,clinic,centre,,,,,,http://nb.bsf.gov.in/CGHS%20DIspenseries.pdf,medium
hospitals,6926055599,node,12.9214137,80.127482,Christudas Orthopaedic Speciality Hospital,hospital,hospital,,,,,,https://www.cosh.in/,medium
hospitals,6926055600,node,13.0813959,80.2469972,Satish Eye Hospital,hospital,hospital,,,,,,,medium
hospitals,6926055919,node,13.0854776,80.2034474,Uma Eye Clinic Pvt.Ltd,clinic,clinic,,,,,,,medium
hospitals,6926055920,node,13.0741442,80.220515,"A.K. Hospital, Chennai",hospital,hospital,,,,,,,medium
hospitals,6926055921,node,12.9264396,80.1117714,Gajanan Hospitals Pvt Ltd,hospital,hospital,,,,,,,medium
hospitals,6926055922,node,13.0331935,80.2159045,Ammayi Eye Hospital,hospital,hospital,,,,,,http://www.ammayieyehospital.com/,medium
hospitals,6926055923,node,13.0379671,80.2013517,K.M. Speciality Hospital,hospital,hospital,,,,,,,medium
hospitals,6926060954,node,13.1113868,80.2923493,Subha Hospital,hospital,hospital,,,,,,,medium
hospitals,6926072169,node,13.0177421,80.2712363,Apollo Cosmetic Clinic,clinic,,,,,,,,medium
hospitals,6926082101,node,12.943659,80.1437791,I Care Eye Care Eye Institute,hospital,hospital,,,,,,,medium
hospitals,6926107781,node,13.0339283,80.2394965,Radhatri Nethralaya,hospital,hospital,,,,,,,medium
hospitals,6926113511,node,12.8881721,80.0259362,Sayee Hospitals,hospital,,,,,,,,medium
hospitals,6926118208,node,13.0400969,80.2044211,"S M Hospital, Chennai",hospital,hospital,,,,,,,medium
hospitals,6926173267,node,13.0012687,80.2001283,Cu Shah Sankara Netralaya,hospital,hospital,,,,,,,medium
hospitals,6926176409,node,13.1118191,80.2419198,Subiksha Nursing Home,clinic,clinic,,,,,,,medium
hospitals,6926280322,node,13.0924039,80.2090184,Aashiana Hospital,hospital,hospital,,,,,,http://www.aashianachennai.com/p/home.html,medium
hospitals,6926368877,node,13.0473231,80.2127641,SMV Nursing Home,clinic,clinic,,,,,,,medium
hospitals,6926411928,node,13.0847009,80.2498054,"Ayesha Hospital, Kilpauk",hospital,hospital,,,,,,,medium
hospitals,6926421019,node,13.1272912,80.2461,Fathima Nursing Home,clinic,clinic,,,,,,,medium
hospitals,6926437405,node,13.0323531,80.2517212,Frontline Eye Hospital,hospital,hospital,,,,,,,medium
hospitals,6926437416,node,13.0477722,80.2744473,Fousiya Hospital,hospital,hospital,,,,,,,medium
hospitals,6926437422,node,13.0420156,80.237081,Dr Iravathams Laboratory,,laboratory,,,,,,,medium
hospitals,6926437428,node,13.0764653,80.2274586,Hande Hospital,hospital,hospital,,,,,,https://www.handehospital.org/,medium
hospitals,6926437438,node,13.0780413,80.2415872,Halsted Surgical Clinic,clinic,clinic,,,,,,,medium
hospitals,6926437454,node,13.0374924,80.2381137,Dr Gurusekaran Hospital Pvt Ltd,hospital,hospital,,,,,,,medium
hospitals,6926437460,node,13.010217,80.2217737,Guindy Dispensary,clinic,centre,,,,,,http://nb.bsf.gov.in/CGHS%20DIspenseries.pdf,medium
hospitals,6926437476,node,12.9569773,80.1867561,Grace Multipeciality Hospital,hospital,hospital,,,,,,,medium
hospitals,6926494055,node,12.9952982,80.2068955,G. R. Hospital & Fertility Centre,hospital,hospital,,,,,,http://www.grfertilitycentre.com/,medium
hospitals,6926494067,node,13.0899919,80.2585199,G K M Hospital Pvt Ltd,hospital,hospital,,,,,,,medium
hospitals,6926808792,node,12.9864526,80.2601581,Starlight Hospitals Pvt Ltd,hospital,hospital,,,,,,,medium
hospitals,6926953017,node,13.0274616,80.2566481,Kaliappa Renal Center,hospital,hospital,,,,,,,medium
hospitals,6926953024,node,12.9911179,80.1986745,K P Childrens Hospital And Neuro Centre,hospital,hospital,,,,,,,medium
hospitals,6927054448,node,13.050709,80.0960022,"Mangalam Hospital, Tiruvallur",hospital,hospital,,,,,,,medium
hospitals,6927267098,node,13.0760812,80.2107431,Ayur Kshetra ( A Unit Of Institute Of Ayurvedic Research Pvt Ltd),hospital,,,,,,,,medium
hospitals,6927292449,node,13.0343985,80.2339764,Krishna Eye And Ent Hospitals,hospital,hospital,,,,,,,medium
hospitals,6927308315,node,13.0842894,80.2230605,Vishnu Eye Clinic and Laser Foundation,hospital,hospital,,,,,,,medium
hospitals,6927326555,node,13.0290932,80.2775791,Fathimah Eye Clinic,clinic,clinic,,,,,,,medium
hospitals,6927359623,node,13.0099884,80.1223294,Kanaga Hospital,hospital,hospital,,,,,,,medium
hospitals,6927380447,node,13.0476871,80.2646568,"Santhigiri Ayurveda and Siddha Hospital, Chennai",hospital,hospital,,,,,,,medium
hospitals,6927647007,node,13.054729,80.2110462,Vijaya Heart Foundation - Vijaya Hospital,hospital,hospital,,,,,,,medium
hospitals,6927769046,node,12.995229,80.2691898,Santosh Hospital Pvt Ltd,hospital,hospital,,,,,,,medium
hospitals,6928030150,node,13.1162231,80.0967247,Dr. Agarwal's Eye Hospital,hospital,hospital,Dr. Agarwal's Eye Hospital,,,,,,medium
hospitals,6928042666,node,13.0847414,80.2219681,"Dr.Agarwal's Eye Hospital Ltd., Anna Nagar",hospital,hospital,Dr. Agarwal's Eye Hospital,,,,,https://www.dragarwal.com/,medium
hospitals,6928094720,node,12.9762711,80.2222002,Athipathi Hospital and Research Centre,hospital,hospital,,,,,,,medium
hospitals,6928167787,node,13.0349787,80.2519137,Girishwari Hospital Pvt Ltd,hospital,hospital,,,,,,https://girishwarihospital.com/,medium
hospitals,6928327073,node,13.1152895,80.2923614,Sri Kumaran Multi Speciality Hospital,hospital,hospital,,,,,,,medium
hospitals,6928330765,node,12.9278474,80.1118621,Sri Kumaran Hospital,hospital,hospital,,,,,,,medium
hospitals,6928330859,node,13.0840124,80.1691809,Dr. Arvind Vision Care,hospital,hospital,,,,,,,medium
hospitals,6928384708,node,13.0407013,80.2618016,Dr. K Ravi Eye Care,hospital,hospital,,,,,,,medium
hospitals,6928444701,node,13.0896987,80.1877418,"SKS Hospital, Chennai",hospital,,,,,,,,medium
hospitals,6928481484,node,12.9220372,80.1382443,Dr. K.K. Surgical and Paediatric Centre Pvt Ltd,hospital,hospital,,,,,,,medium
hospitals,6928727073,node,13.0268688,80.2541439,Madras Ent Research Foundation,hospital,hospital,,,,,,,medium
hospitals,6928752799,node,13.0541946,80.257671,Dr. Mohans Mv Diabetes Specialities Centre - Chennai,hospital,hospital,,,,,,,medium
hospitals,6928752800,node,13.086608,80.2468979,Dr. Meera Nursing Home,clinic,clinic,,,,,,,medium
hospitals,6928779096,node,12.9109406,80.228211,Chettinad Super Speciality Hospital,hospital,hospital,,,,,,http://www.chettinadhealthcity.com/,medium
hospitals,6928779097,node,13.0614296,80.2456105,Lister Metropolis Laboratory and Research Centre Pvt. Ltd.,,laboratory,,,,,,,medium
hospitals,6928800364,node,13.0449508,80.2388835,Dr V Rathna Prabhu,doctors,doctor,,,,,,,medium
hospitals,6928800365,node,13.1175413,80.1539406,Dr.Bhats Eye Hospital,hospital,,,,,,,,medium
hospitals,6928859584,node,13.0828407,80.1800171,Nivaren Maternity Clinic,clinic,clinic,,,,,,,medium
hospitals,6928878284,node,13.0780204,80.2336988,Lifeline Rigid Hospital,hospital,hospital,,,,,,,medium
hospitals,6928899364,node,13.0748591,80.2299839,Dr. Seshiah Diabetes Research Institute and Dr. Balaji Diabetes Care Centre,hospital,hospital,,,,,,,medium
hospitals,6928920472,node,13.0022187,80.2520867,Dr.Kamakshi Memorial Hospital,hospital,hospital,,,,,,https://www.drkmh.com/,medium
hospitals,6928920473,node,13.034051,80.2279374,Dr.Duraiswami Eye Hospital,hospital,hospital,,,,,,,medium
hospitals,6928936138,node,13.0991061,80.2836885,Dr.C. Satheesh,doctors,doctor,,,,,,,medium
hospitals,6928936148,node,12.9832366,80.217509,Dr.Agarwals Eye Hospital - Velacherry,hospital,hospital,Dr. Agarwal's Eye Hospital,,,,,,medium
hospitals,6928936149,node,12.9827844,80.1891661,"Dr.Agarwal's Eye Hospital Ltd, Nanganallur",hospital,hospital,,,,,,,medium
hospitals,6928936160,node,13.0465492,80.2422899,Dr. Udhaya Rajas Dental Centre,hospital,hospital,,,,,,,medium
hospitals,6929229178,node,12.9393262,80.1279768,National Institute Of Siddha Department Of Ayush,hospital,hospital,,,,,,,medium
hospitals,6929234791,node,13.0027257,80.2469087,Voluntary Health Services Medical Centre,clinic,,,,,,,,medium
hospitals,6929250392,node,13.0973284,80.1942193,Dhanvantari Eye Care,hospital,hospital,,,,,,,medium
hospitals,6929255218,node,13.1183119,80.2318051,Sri Bala Nursing Home,hospital,hospital,,,,,,,medium
hospitals,6929257550,node,13.1638346,80.2581659,"Anand Hospital, Chennai",hospital,hospital,,,,,,,medium
hospitals,6929259906,node,13.0314888,80.2218689,Lakshmi Hospital,hospital,hospital,,,,,,,medium
hospitals,6929264393,node,12.9743958,80.2200463,Aarthi Priyas Tooth Care Clinic,clinic,clinic,,,,,,,medium
hospitals,6929266356,node,12.9326457,80.2320063,Nanthini Hospital,hospital,hospital,,,,,,,medium
hospitals,6929359056,node,12.9646856,80.1522294,B.M. Silver Jubilee Multi Speciality Hospital,hospital,hospital,,,,,,,medium
hospitals,6929359057,node,13.0480981,80.245015,Bharathirajaa Hospital and Research centre,hospital,hospital,,,,,,,medium
hospitals,6929359073,node,13.0699812,80.2444142,Bethany Health Care Centre,hospital,hospital,,,,,,,medium
hospitals,6929359074,node,12.9217796,80.1450997,Bethesda Hospital and Child Care Centre,hospital,hospital,,,,,,,medium
hospitals,6929359084,node,13.1105084,80.2917197,Bhagwan Mahaveer Eye Hospital,hospital,hospital,,,,,,,medium
hospitals,6929372894,node,13.1102609,80.2376792,Bharani Nursing Home,clinic,clinic,,,,,,,medium
hospitals,6929372895,node,12.982659,80.1959534,Bharat Specialities Lab,,laboratory,,,,,,,medium
hospitals,6929372896,node,12.9823277,80.1937835,Bharath Hospital,hospital,hospital,,,,,+91 44 2224 6481;+91 44 2224 6789;+91 98419 72378,http://www.bharathhospital.in,medium
hospitals,6929395441,node,12.9866317,80.189842,Warriers Dental Care,dentist,dentist,,,,,,,medium
hospitals,6929398895,node,13.0382607,80.2582785,Trinity Acute Care Hospital - Chennai,hospital,hospital,,,,,,,medium
hospitals,6929592168,node,13.0274436,80.2269866,Balakrishna Eye Hospital,hospital,hospital,,,,,,,medium
hospitals,6929592183,node,12.9378832,80.2082151,Balagandhara Varma Nursing Home and Research Center,clinic,clinic,,,,,,,medium
hospitals,6929592184,node,13.0533846,80.2374941,Bagdi Nursing Home,clinic,clinic,,,,,,,medium
hospitals,6929599461,node,13.1190773,80.1504859,Dr Rabindran's Health Care Center,hospital,,,,,,,,medium
hospitals,6929625889,node,12.9294917,80.1194769,Babu's Maternity Hospital,hospital,hospital,,,,,,,medium
hospitals,6929625895,node,13.026013,80.2655232,B.S.S. Hospital,hospital,hospital,,,,yes,,,critical
hospitals,6929625900,node,12.9343227,80.1384374,B.S. Hospital,hospital,hospital,,,,,,,medium
hospitals,6929625901,node,13.0519442,80.2454831,B.R.S. Hospital Pvt. Ltd.,hospital,hospital,,,,,,,medium
hospitals,6929731466,node,13.037303,80.2558136,Harvey Healthcare Limited,hospital,hospital,,,,,,,medium
hospitals,6929737121,node,13.0518247,80.2476483,Chitra's Ent Laser Hospital,hospital,hospital,,,,,,,medium
hospitals,6929910241,node,13.0874336,80.2177075,"Krishna Dental Clinic, Chennai",dentist,dentist,,,,,,,medium
hospitals,6929922974,node,12.9893694,80.1422824,Das Nursing Home,clinic,clinic,,,,,,,medium
hospitals,6929969774,node,13.0395483,80.2313016,Kottakkal Arya Vaidya Sala,hospital,hospital,,,,,,,medium
hospitals,6930010121,node,13.0863304,80.2583543,C.U. Shah Clinic And Diagnostic Center,clinic,clinic,,,,,,,medium
hospitals,6930080547,node,13.1512288,80.2998984,"Rohit Hospital, Tiruvallur",hospital,hospital,,,,,,,medium
hospitals,6930163091,node,13.0405732,80.2146873,Je Nesam Hospital,hospital,hospital,,,,,,,medium
hospitals,6930163175,node,13.0376198,80.2619625,Chennai Meenakshi Multispeciality Hospital Ltd,hospital,hospital,,,,,,,medium
hospitals,6930188138,node,13.0210394,80.2592924,Chennai Skin Foundation and Yesudian Research Institute,hospital,hospital,,,,,,,medium
hospitals,6930405963,node,12.7971558,80.2175961,Chettinad Hospital,hospital,,,,,,,,medium
hospitals,6930464973,node,13.0459338,80.1131429,Chinnammal Ent Hospital,hospital,,,,,,,,medium
hospitals,6930467954,node,13.0743327,80.228278,Dr.Mu.Va.Hospital,hospital,hospital,,,,,,,medium
hospitals,6930489015,node,13.0844527,80.1798642,Cholayil Sanjeevanam Ayurveda,hospital,hospital,,,,,,,medium
hospitals,6931010523,node,13.1456863,80.2927141,"Vandana Hospital, Tiruvallur",hospital,hospital,,,,,,,medium
hospitals,6931435323,node,12.9512606,80.1384495,Dr.Kumar'S Ortho Clinic,clinic,clinic,,,,,,,medium
hospitals,6931566251,node,13.0641326,80.2705644,Mysaan Hospital,hospital,hospital,,,,,,,medium
hospitals,6931658649,node,13.0462892,80.1979979,V H M Hospitals Pvt Ltd,hospital,hospital,,,,,,,medium
hospitals,6931772821,node,13.0815684,80.2587748,Ritherdon Nursing Home,clinic,clinic,,,,,,,medium
hospitals,6931772941,node,13.0807741,80.1989025,Robin and Robin Health Care,hospital,hospital,,,,,,,medium
hospitals,6932068862,node,13.0850496,80.215956,West Madras Medical Centre,hospital,hospital,,,,,,,medium
hospitals,6932077905,node,13.1098612,80.2909854,Rathina Clinic,clinic,clinic,,,,,,,medium
hospitals,6932103990,node,13.0390564,80.2568208,"Kauvery Hospital, Chennai",hospital,hospital,,,,,,,medium
hospitals,6932138889,node,13.0916495,80.2179844,Rathi Med Speciality Hospital,hospital,hospital,,,,,,,medium
hospitals,6932142269,node,13.1113476,80.284929,Rathenam Nursing Home,clinic,clinic,,,,,,,medium
hospitals,6932203729,node,12.9507835,80.255186,Santhi Hospital,hospital,hospital,Private,,,yes,,,critical
hospitals,6932453594,node,13.1294292,79.9098006,Dr Agarwals Eye Hospital Ltd,hospital,,,,,,,,medium
hospitals,6932623618,node,13.1311793,79.9093902,"Suriya Hospital, Tiruvallur",hospital,,,,,,,,medium
hospitals,6932706544,node,13.0331886,80.258056,Suraksha Ent Care Centre,clinic,,,,,,,,medium
hospitals,6932740110,node,13.08497,80.2159721,Sunder Eye Hospital,hospital,hospital,,,,,,,medium
hospitals,6932938089,node,13.0435469,80.2636349,Laksha Hospital,hospital,hospital,,,,,,http://www.lakshahospitals.com/,medium
hospitals,6932938090,node,13.1368213,80.2087516,"Lake View Hospital, Tiruvallur",hospital,hospital,,,,,,,medium
hospitals,6932966221,node,13.0893773,80.2547595,Narayanaa Hospital,hospital,hospital,,,,,,,medium
hospitals,6932966227,node,12.9574752,80.1859635,Lakshmi Clinic,clinic,clinic,,,,,,,medium
hospitals,6932999583,node,12.9300969,80.1188466,NN Hospital,hospital,hospital,,,,,,,medium
hospitals,6933010451,node,13.0269457,80.2623196,Janamma Hospital,hospital,,,,,,,,medium
hospitals,6933010456,node,13.0970567,80.2821958,Janaki E.N.T. Nursing Home,clinic,clinic,,,,,,http://www.janakient.com/,medium
hospitals,6933010476,node,12.7995425,80.0237341,J.S. Hospital,hospital,hospital,,,,,,,medium
hospitals,6933016136,node,13.0821536,80.253244,"Noble Hospital, Chennai",hospital,hospital,,,,,,,medium
hospitals,6933038486,node,13.1354513,80.2934799,"J.K. Hospital, Chennai",hospital,hospital,,,,,,,medium
hospitals,6933038519,node,13.1129411,80.2822602,Ishwarya Nursing Home,clinic,clinic,,,,,,,medium
hospitals,6933038566,node,13.0222055,80.2622388,Indira Eye Hospital,hospital,hospital,,,,,,,medium
hospitals,6933038567,node,13.0766658,80.2057502,Indian Hospitals,hospital,,,,,,,,medium
hospitals,6933105884,node,13.1168517,80.2279428,Sheeba Multi Speciality Clinic,clinic,clinic,,,,,,,medium
hospitals,6933130958,node,13.1119458,80.2952072,Diabetes Research Centre and M.V.Hospital For Diabetes,hospital,hospital,,,,,,https://www.mvdiabetes.com/,medium
hospitals,6933279103,node,12.9504267,80.2551001,"Vasan Eye Care Hospital, Neelankarai",hospital,hospital,,,,,,,medium
hospitals,6933332545,node,13.12374,79.9112396,"Subam Hospital, Tiruvallur",hospital,,,,,,,,medium
hospitals,6933334832,node,12.9926586,80.20008,Sarathy Nursing Home,clinic,,,,,,,,medium
hospitals,6933370913,node,13.0776912,80.2459216,Apollo First Medical Foundation,hospital,hospital,,,,,,,medium
hospitals,6933371794,node,12.9247038,79.8787352,Anitha Nursing Home,clinic,,,,,,,,medium
hospitals,6933510835,node,12.9461162,80.1399234,Jyothsana Nursing Home,clinic,clinic,,,,,,,medium
hospitals,6933510845,node,13.1063124,80.2506946,Julian Nursing Home,clinic,clinic,,,,,,,medium
hospitals,6933510851,node,13.0739408,80.2357346,Josephs Nursing Home,hospital,hospital,,,,,,,medium
hospitals,6933510862,node,12.9548325,80.141636,Jip Diabetic and Heart Care Centre,hospital,hospital,,,,,,,medium
hospitals,6933510877,node,12.9958562,80.2603345,Jayam Polyclinc,hospital,hospital,,,,,,,medium
hospitals,6933510882,node,13.122272,80.2894968,Jayam Nursing Home,clinic,clinic,,,,,,,medium
hospitals,6933514287,node,13.0778545,80.2415295,Jayadev Polyclinic Hospital,hospital,hospital,,,,,,,medium
hospitals,6933514302,node,12.9701785,79.9520655,"Jaya Hospital, Chennai",hospital,,,,,,,https://www.jayahospital.com/,medium
hospitals,6933514307,node,13.0265892,80.2699743,Jaya Eye Clinic,clinic,clinic,,,,,,,medium
hospitals,6933514313,node,12.9335502,80.123004,"Jawahar Hospital, Kanchipuram",hospital,hospital,,,,,,,medium
hospitals,6933514323,node,12.9194987,80.1388706,Janani Nursing Home Pvt Ltd,clinic,clinic,,,,,,,medium
hospitals,6933522070,node,13.0600349,80.2302911,Kummaran Eye Speciality Centre,hospital,hospital,,,,,,http://www.kumaraneyecare.in/,medium
hospitals,6933523232,node,13.1282303,80.2421558,Kvt Health Centre,hospital,hospital,,,,,,,medium
hospitals,6933621323,node,13.0313072,80.2097064,Maya Nursing Home Pvt Ltd,clinic,clinic,,,,,,,medium
hospitals,6933737012,node,13.1302259,80.2916855,Ezhil Hospital,hospital,hospital,,,,,,,medium
hospitals,6933746497,node,13.1165682,80.2263898,Eswari Nursing Home,clinic,clinic,,,,,,,medium
hospitals,6933748976,node,13.1232006,80.1461421,Essvee Hospital,hospital,,,,,,,,medium
hospitals,6933757130,node,13.0842489,80.220851,Premier Health Center,hospital,hospital,,,,,,,medium
hospitals,6933770688,node,13.0335088,80.2366854,Endocrine Diagnostic And Research Centre,,laboratory,,,,,,,medium
hospitals,6933794368,node,13.0731975,80.2527237,Vasantha Subramanian Hospitals Pvt Ltd,hospital,hospital,,,,,,,medium
hospitals,6933797537,node,13.0498729,80.0922444,"Vasan Eye Care Hospital, Tiruvallur",hospital,hospital,,,,,,,medium
hospitals,6933802716,node,13.1109009,80.2812195,"Vasan Eye Care Hospital, Tondiarpet",hospital,hospital,,,,,,,medium
hospitals,6933828333,node,13.0461063,80.2220044,Madras Poly Clinic and R.R. Scan,hospital,hospital,,,,,,,medium
hospitals,6933831617,node,13.0411063,80.1747546,"Vasan Eye Care Hospital, Valasaravakkam",hospital,,,,,,,,medium
hospitals,6933833903,node,13.11005,79.9113858,Logidasan's Hospital,hospital,,,,,,,,medium
hospitals,6933833912,node,13.0644964,80.2730508,Lister Nursing Home,clinic,clinic,,,,,,,medium
hospitals,6933833922,node,13.0007709,80.2575208,"Lifeline Cliniq , Adyar",clinic,clinic,,,,,,,medium
hospitals,6933833923,node,13.0535505,80.2576911,Life Medhospital,hospital,hospital,,,,,,,medium
hospitals,6933869777,node,13.0884107,80.2421169,"K.M. Hospitals, Chennai",hospital,hospital,,,,,,,medium
hospitals,6933875088,node,13.0741955,80.2357775,Zubeda Hospitals Ltd.,hospital,hospital,,,,,,,medium
hospitals,6933881025,node,13.1089757,80.2481371,Sree Narayana Nursing Home,clinic,clinic,,,,,,,medium
hospitals,6933910999,node,13.0584745,80.2740124,RR Multispeciality Hospital,hospital,hospital,,,,,,,medium
hospitals,6933973123,node,13.0350165,80.2392798,"Dr.N. Nagajothi,M.D",doctors,doctor,,,,,,,medium
hospitals,6933998001,node,13.0743836,80.2367672,Dr.Manju Kulkarni Hospital,hospital,hospital,,,,,,,medium
hospitals,6934017797,node,13.0395058,80.1712127,Sri Hanu Nursing Home,clinic,,,,,,,,medium
hospitals,6934018732,node,13.0455758,80.1854472,Sri Ganesa Eye Clinic,clinic,clinic,,,,,,,medium
hospitals,6934018827,node,13.0388943,80.2137016,Vaman Clinic Eye and Ent Care,clinic,clinic,,,,,,,medium
hospitals,6934018868,node,13.0473239,80.2241461,S.V. Bone And Joint Hospital,hospital,hospital,,,,,,,medium
hospitals,6934018874,node,12.969346,80.2573344,S.S Nursing Home,clinic,clinic,,,,,,,medium
hospitals,6934031649,node,12.9652266,80.1927643,Sri G.M. Hospital,hospital,hospital,,,,,,,medium
hospitals,6934036697,node,13.0981213,80.2362643,Sri Eshodha Hospital,hospital,hospital,,,,,,,medium
hospitals,6934061609,node,12.97853,80.1851381,Srichakara Multispeciality Hospital,hospital,hospital,,,,,,,medium
hospitals,6934089837,node,13.0696298,80.2159499,"Peoples Nursing Home, Chennai",clinic,clinic,,,,,,,medium
hospitals,6934098007,node,13.1160177,80.2328438,Abhijay Hospital,hospital,hospital,,,,,,https://www.abhijayhospital.com/,medium
hospitals,6934139598,node,12.9731392,80.1371252,Arvind Sai Eye Hospital,hospital,hospital,,,,,,,medium
hospitals,6934146446,node,13.0350623,80.2778479,"Sinus And Nose Hospital - Mylapore, Chennai",hospital,hospital,,,,,,,medium
hospitals,6934155951,node,12.9206582,80.1434009,Sindu Hospital,hospital,hospital,,,,,,,medium
hospitals,6934163318,node,12.9697917,80.1904562,Sibi Hospital,hospital,hospital,,,,,,,medium
hospitals,6934172291,node,13.1101185,80.2819745,"Shyamala Nursing Home, Chennai",clinic,clinic,,,,,,,medium
hospitals,6934186203,node,12.9857914,80.185987,Sri Venkateshwara`s C.M. Hospital,hospital,hospital,,,,,,https://cmhospital.in/,medium
hospitals,6934246102,node,13.1100467,80.2466847,Srinivas Priya Hospital (P) Ltd,hospital,hospital,,,,,,,medium
hospitals,6934270989,node,12.9637407,80.1880047,Anjakha Hospital,hospital,hospital,,,,,+91 44 2247 0405;+91 44 2247 0406,https://anjakhahospitals.com/,medium
hospitals,6934271042,node,12.9521441,80.1438126,M.S.M. Skin and Hair Care Clinic,hospital,hospital,,,,,,,medium
hospitals,6934271069,node,13.0725279,80.2195783,"M.R. Hospital, Chennai",hospital,hospital,,,,,,,medium
hospitals,6934271075,node,13.0810328,80.2336653,M. N. Orthopaedic Hospital,hospital,hospital,,,,yes,+914426442279,https://www.mnorthohosp.com/,critical
hospitals,6934271086,node,13.0452205,80.1861023,M.L Dental Clinic,clinic,clinic,,,,,,,medium
hospitals,6934271106,node,13.1121574,80.2956927,M V Hospital For Diabetes Pvt Ltd,hospital,,,,,,,,medium
hospitals,6934271111,node,12.996767,80.2603599,M N Eye Hospital,hospital,hospital,,,,,,,medium
hospitals,6934301423,node,13.1170802,80.2864189,"A.V. Hospital, Chennai",hospital,hospital,,,,,,,medium
hospitals,6934325847,node,12.998194,80.2079885,N.K Clinic,clinic,clinic,,,,,,,medium
hospitals,6934325848,node,13.1122162,80.2309737,N.R. Hospital,hospital,hospital,,,,,,,medium
hospitals,6934325849,node,13.0965878,80.2597135,N.R. Medical Home Private Limited,hospital,hospital,,,,,,,medium
hospitals,6934325866,node,13.117412,80.289427,Nagamani Hospitals Private Limited,hospital,hospital,,,,,,,medium
hospitals,6934325876,node,13.1184216,80.2610184,Nalamm Hospital Pvt Ltd,hospital,hospital,,,,,,,medium
hospitals,6934325881,node,13.0576423,80.2723642,Nambi Nursing Home and Research Centre,clinic,,,,,,,,medium
hospitals,6934325882,node,13.0328516,80.2615173,Nandalala Medical Foundation,hospital,hospital,,,,,,,medium
hospitals,6934326572,node,13.1308907,80.2138799,Sri Kumaran Health Centre,hospital,hospital,,,,,,,medium
hospitals,6934340587,node,13.0154215,80.1932403,Nandambakkam Dispensary,clinic,centre,,,,,,http://nb.bsf.gov.in/CGHS%20DIspenseries.pdf,medium
hospitals,6934340601,node,12.9784706,80.2247932,Nandhini Hospital,hospital,hospital,,,,,,,medium
hospitals,6934340623,node,13.0265108,80.2607878,Navasuja Sankara Nethralaya,hospital,hospital,,,,,,,medium
hospitals,6934340638,node,13.083452,80.2030747,Neomed Hospital - Chennai,hospital,hospital,,,,,,,medium
hospitals,6934340658,node,13.0316469,80.2311185,"New Balaji Hospital, Chennai",hospital,hospital,,,,,,,medium
hospitals,6934340659,node,13.0777579,80.2414826,New Hope Indian Specilaity Hospital,hospital,hospital,,,,,,,medium
hospitals,6934340664,node,13.0776821,80.2415201,New Hope Medical Centre Pvt. Ltd,hospital,hospital,,,,,,,medium
hospitals,6934340665,node,13.111251,80.2940284,Nichani Health Centre,hospital,hospital,,,,,,,medium
hospitals,6934340684,node,13.0666173,80.2481747,Nungambakkam Dispensary CandB Block,clinic,centre,,,,,,http://nb.bsf.gov.in/CGHS%20DIspenseries.pdf,medium
hospitals,6934340710,node,13.1184222,80.1507749,Om Shakthi Hospital,hospital,,,,,,,,medium
hospitals,6934340749,node,13.0390564,80.2086724,Orthopedic and Specialities Hospital,hospital,hospital,,,,,,,medium
hospitals,6934340750,node,13.0768865,80.2351539,Padma Clinic And Nursing Home,clinic,clinic,,,,,,,medium
hospitals,6934340766,node,12.9996223,80.2537027,Padmapriya Hospital Pvt. Ltd.,hospital,hospital,,,,,,,medium
hospitals,6934340781,node,13.0122123,80.2235084,Palani Balaji Fertility Centre,hospital,,,,,,,,medium
hospitals,6934340782,node,13.0420391,80.2126005,Pallava Hospital,hospital,hospital,,,,,,,medium
hospitals,6934340783,node,13.0479576,80.2124181,P&G Nursing Home,clinic,clinic,,,,,,,medium
hospitals,6934340789,node,12.9801472,80.1835965,Pankajam Memorial Hospital,hospital,hospital,,,,,,,medium
hospitals,6934347087,node,13.060131,80.2523656,Apollo Childrens Hospital,hospital,hospital,,,,,,http://www.apollohospitals.com/Apollo_Children/,medium
hospitals,6934347093,node,13.0356881,80.2337551,Anuradha Maternity Centre,hospital,hospital,,,,,,,medium
hospitals,6934407803,node,13.0919709,80.2511633,Shri Balaji Hospital - Chennai,hospital,hospital,,,,,,,medium
hospitals,6934407826,node,12.7595919,80.0053301,Muthu Ganapathy Hospital,hospital,hospital,,,,,,,medium
hospitals,6934408780,node,13.0373853,80.2318856,Shree Sai Krupa Dental Care,dentist,dentist,,,,,,,medium
hospitals,6934477070,node,13.0939374,80.2008538,Shivas Eye Care,clinic,,,,,,,,medium
hospitals,6934610015,node,13.1255776,80.2260934,Shepherd Nursing Home,clinic,clinic,,,,,,,medium
hospitals,6934689509,node,13.0976393,80.2594614,Perambur Dispensary,clinic,centre,,,,,,http://nb.bsf.gov.in/CGHS%20DIspenseries.pdf,medium
hospitals,6934737010,node,12.8210402,80.0479585,Srm Medical College Hospital And Research Centre,hospital,,,,,,,,medium
hospitals,6934768345,node,12.9512004,80.1475489,K. H. Nursing Home,clinic,clinic,,,,,,,medium
hospitals,6934884999,node,13.1220029,80.1469266,Teja Hospital,hospital,,,,,,,,medium
hospitals,6934897845,node,13.0710341,80.222632,Tamil Nadu Urological Research Centre,hospital,hospital,,,,,,,medium
hospitals,6934903332,node,13.1577727,80.3018933,Sss Hospital,hospital,hospital,,,,,,,medium
hospitals,6934912413,node,13.0029165,80.2463347,Vhs Diabeted Research Centre,clinic,,,,,,,,medium
hospitals,6935067323,node,12.9892035,80.2554783,Ponraj Eye Clinic,clinic,clinic,,,,,,,medium
hospitals,6935159758,node,12.9673347,80.1867983,Thirimoorthys Heart Care Hospital,hospital,hospital,,,,,,,medium
hospitals,6935224404,node,13.0517176,80.2300054,"Thulasi Krishna Nursing Home, Kodambakkam",hospital,hospital,,,,,,,medium
hospitals,6935224405,node,13.1652175,80.3032967,"Sugam Hospital, Tiruvallur",hospital,hospital,,,,,,,medium
hospitals,6935248992,node,13.0633102,80.2743041,Star Bone Joint Center,clinic,clinic,,,,,,,medium
hospitals,6935272552,node,13.074266,80.2382156,Dr. Agarwal's Eye Hospital,hospital,hospital,Dr. Agarwal's Eye Hospital,,,,,,medium
hospitals,6935274089,node,13.0850183,80.2244673,Selvarangam Hospital,hospital,hospital,,,,,,,medium
hospitals,6936134766,node,12.9498348,80.1690781,Unnamed,hospital,hospital,,,,,,,medium
hospitals,6936134771,node,13.0670837,80.2505444,"Sankara Nethralaya, Chennai",hospital,hospital,,,,,,,medium
hospitals,6936147552,node,13.0836428,80.2462569,Akn Nursing Home,clinic,clinic,,,,,,,medium
hospitals,6936147848,node,13.0365779,80.2728282,Sampat Nursing Home,clinic,clinic,,,,,,,medium
hospitals,6936149808,node,12.953421,80.1411398,Rrase Nursing Home,clinic,clinic,,,,,,,medium
hospitals,6936244762,node,13.0449677,80.1846506,Royal Hospital - Chennai,hospital,hospital,,,,,,,medium
hospitals,6936264375,node,13.0309126,80.1715896,Viganesh Hospital,hospital,,,,,,,,medium
hospitals,6936271569,node,12.9640779,80.2461429,Sri Lakshmi Multi Speciality Hospital Pvt Ltd,hospital,,,,,,,,medium
hospitals,6936275517,node,13.1135903,80.2270764,Dr Agarwal Eye Hospital Ltd,hospital,hospital,,,,,,,medium
hospitals,6936294078,node,13.1665521,80.3043053,Karthik Hospital,hospital,hospital,,,,,,,medium
hospitals,6936310669,node,13.0404661,80.2244103,Sulochana Dental Care Center,dentist,dentist,,,,,,,medium
hospitals,6936315219,node,13.0834455,80.1749497,Spandana Surgical Centre,hospital,hospital,,,,,,,medium
hospitals,6936316468,node,13.0827016,80.2424652,Tosh Hospitals Private Limited,hospital,hospital,,,,,,,medium
hospitals,6936324681,node,13.0341895,80.2325615,Dr Vas Dental Clinic,clinic,clinic,,,,,,,medium
hospitals,6936328118,node,13.1164154,80.146014,Sri Vaishnavi Nursing Home,clinic,,,,,,,,medium
hospitals,6936339685,node,12.9284225,80.1184121,Sundar Health Centre,clinic,clinic,,,,,,,medium
hospitals,6936339695,node,13.07604,80.2366224,Sundaram Cancer Centre,hospital,hospital,,,,,,,medium
hospitals,6936339711,node,13.0483992,80.2040416,R.R. Eye Instutute and Laser Foundation,hospital,hospital,,,,,,,medium
hospitals,6936339747,node,13.084629,80.2247456,Rajalakshmi Nursing Home,clinic,clinic,,,,,,,medium
hospitals,6936339753,node,13.0439283,80.2727732,Rajan Dental Institute Pvt. Ltd.,dentist,dentist,,,,,,,medium
hospitals,6936339822,node,13.0441485,80.2637114,Avm Medical Ent Research Foundation Pvt Ltd,hospital,hospital,,,,,,https://avmmerf.in/contact.php,medium
hospitals,6936356289,node,13.0806801,80.2486159,"Aditya Hospital, Chennai",hospital,hospital,,,,,,https://www.adityahospital.co.in/,medium
hospitals,6936359923,node,13.0430125,80.2371521,Laser and Laparascopic Hospital,hospital,hospital,,,,,,https://www.drashokchennai.com/,medium
hospitals,6936359934,node,13.0477067,80.185183,Lalitha Nurshing Home,clinic,clinic,,,,,,,medium
hospitals,6936359940,node,12.9938673,80.2528444,Lakshmi Maternity Hospital,hospital,hospital,,,,,,,medium
hospitals,6936359972,node,13.0790289,80.2490893,Kumaran Hospital Pvt.Ltd.,hospital,hospital,,,,,,https://kumaranhospitals.com/Index.html,medium
hospitals,6936359973,node,12.9833542,80.2220687,Kumaran Diagnostic Centre,,laboratory,,,,,,,medium
hospitals,6936359992,node,13.1225671,80.224244,Kts Nursing Home,clinic,clinic,,,,,,,medium
hospitals,6936369001,node,13.1217887,80.1996361,D R J Hospital P. Ltd.,hospital,,,,,,,,medium
hospitals,6936386662,node,13.0381353,80.1619336,"Dr Agarwals Eye Hospital Ltd, Chennai",hospital,,,,,,,,medium
hospitals,6936391765,node,13.0177957,80.2711008,Apollo Specialty Hospitals Private Limited,hospital,,,,,,,,medium
hospitals,6936395127,node,13.0883153,80.2162363,Darshan Eye Clinic,clinic,clinic,,,,,,,medium
hospitals,6936411410,node,13.0877615,80.2423476,Deepam Eye Hospital,hospital,hospital,,,,,,http://www.deepameyehospital.com/,medium
hospitals,6936415699,node,13.0685338,80.2579902,Dr. A. Ramachandran's Diabetes Hospital,hospital,hospital,,,,,,,medium
hospitals,6936434314,node,13.0353484,80.1822808,"Srushti Hospital, Kanchipuram",hospital,,,,,,,,medium
hospitals,6936469837,node,13.0843952,80.2182426,Veecare Eye Hospital,hospital,hospital,,,,,,,medium
hospitals,6936482969,node,13.1242872,80.0266014,A. G. Nursing Home,clinic,,,,,,,,medium
hospitals,6936488132,node,13.1169712,80.2883984,Sanjeevini Nursing Home,clinic,clinic,,,,,,,medium
hospitals,6936663153,node,12.9763914,80.2114016,Velachery K S Hospital,hospital,hospital,,,,,,,medium
hospitals,6936663164,node,13.1168268,80.2876957,Vasantha Nursing Home,clinic,clinic,,,,,,,medium
hospitals,6936669886,node,13.0790015,80.25267,K.J. Hospital,hospital,hospital,,,,,,http://kjhospital.net/kjhospital/Welcome.aspx,medium
hospitals,6936681265,node,13.0440365,80.2336198,Sathya Physiotherapy Centre,hospital,hospital,,,,,,,medium
hospitals,6936681271,node,13.0257935,80.2227634,Sri Balaji Ent And Maternity Clinic,clinic,clinic,,,,,,,medium
hospitals,6936684311,node,13.0788382,80.2469368,Kensington Hospital,hospital,hospital,,,,,,,medium
hospitals,6936684328,node,12.9925116,80.2061465,Ponmalligai Hospital Pvt Ltd,hospital,,,,,,,,medium
hospitals,6936684362,node,12.9512057,79.9389294,Deepika Eye Care Hospital,hospital,,,,,,,,medium
hospitals,6936684391,node,13.0389519,80.2290894,Pdr Othopaedic Hospital,hospital,hospital,,,,,,,medium
hospitals,6936695102,node,12.7605506,80.0025071,Sree Sakthi Hospital,hospital,hospital,,,,,,,medium
hospitals,6936695116,node,13.1252733,80.141872,"Durga Nursing Home, Tiruvallur",clinic,,,,,,,,medium
hospitals,6936695126,node,13.0427786,80.2706811,E V Kalyani Medical Centre,hospital,hospital,,,,,,,medium
hospitals,6936695137,node,13.0266147,80.2283525,Vijay's Nursing Home,clinic,clinic,,,,,,,medium
hospitals,6936695143,node,13.1584009,80.301336,Vinayak Clinic,clinic,clinic,,,,,,,medium
hospitals,6936695172,node,13.0269877,80.2631588,Yogi Vedha Kumari Hospital,hospital,,,,,,,,medium
hospitals,6936695177,node,12.9833895,80.2181782,Xcellent Care Superspeciality Hospital,hospital,hospital,,,,,,,medium
hospitals,6936695178,node,13.0478465,80.2329075,Women and Children Foundation,hospital,hospital,,,,,,,medium
hospitals,6936695205,node,13.0473037,80.1121954,Subamathi Clinic,clinic,,,,,,,,medium
hospitals,6936695215,node,12.9740991,80.1387607,Subhiksha Hospital,hospital,hospital,,,,,,,medium
hospitals,6936695225,node,13.0390577,80.1931438,Sucha Eye Cure,clinic,clinic,,,,,,,medium
hospitals,6936695226,node,13.0791504,80.2541493,"Sudha Hospital, Chennai",hospital,hospital,,,,,,,medium
hospitals,6936696196,node,13.0816938,80.2522811,V.K. Hospital,hospital,hospital,,,,,,,medium
hospitals,6936696229,node,13.0838857,80.2252632,U.K. Hospitals Pvt. Ltd.,hospital,hospital,,,,,,,medium
hospitals,6936696239,node,13.0892193,80.2415402,"Trust Hospital, Chennai",hospital,hospital,,,,,,,medium
hospitals,6936696240,node,13.082343,80.2076291,Titan Eye,hospital,hospital,,,,,,,medium
hospitals,6936708005,node,13.0332775,80.2371645,Sai Ortho Care Hospital,hospital,hospital,,,,,,,medium
hospitals,6936708052,node,13.0373801,80.1130088,Sri Kamatchi Nursing Home,clinic,,,,,,,,medium
hospitals,6936708989,node,13.0481888,80.2035199,Sooriya Hospital,hospital,hospital,,,,,,,medium
hospitals,6936709005,node,13.097668,80.2415751,Amruth Siddha and Ayurvedic Clinic,clinic,clinic,,,,,,,medium
hospitals,6936709049,node,13.0607823,80.2217676,Siva Sakthi Nursing Home,clinic,,,,,,,,medium
hospitals,6936709086,node,13.0496502,80.2410582,Centre For Blood Disorder,hospital,hospital,,,,,+91 44 2834 0668;+91 44 2834 5161,,medium
hospitals,6936709093,node,13.037934,80.2170509,Csm Nursing Home,clinic,clinic,,,,,,,medium
hospitals,6936709111,node,12.9830693,79.9379463,Kshetropasna Medical Trust Ayurveda Hospital,hospital,,,,,,,,medium
hospitals,6936738654,node,13.1166714,80.2803303,Roselin Gandhi Hospital,hospital,hospital,,,,,,,medium
hospitals,6936740122,node,12.9063092,80.0946544,Manushree Nursing Home,clinic,clinic,,,,,,,medium
hospitals,6936854953,node,13.0838165,80.236031,Sree Sai Krishna Poly Clinic Hospital,clinic,clinic,,,,,,,medium
hospitals,6936874933,node,13.0475826,80.2069719,Paterson Cancer Center / Vijaya Health Centre Premises,hospital,hospital,,,,,,,medium
hospitals,6936891601,node,13.0346684,80.2576784,Aarthi Scans,clinic,,,,,,,,medium
hospitals,6936953154,node,13.0558855,80.2481343,Fertility Research Centre,hospital,hospital,,,,,,,medium
hospitals,6936976871,node,13.047269,80.2187347,Spot Hospital,hospital,hospital,,,,,,,medium
hospitals,6936994823,node,13.1184203,80.204346,B B Hospital,hospital,,,,,,,,medium
hospitals,6937025938,node,13.0312145,80.2321847,Sri Visa Clinic,clinic,clinic,,,,,,,medium
hospitals,6937055902,node,12.9758647,80.2205016,Appasamy Krishna Hospital and Medical Research Centre,hospital,hospital,,,,,,,medium
hospitals,6937067452,node,13.0606718,80.2432201,"Medindia Hospitals, Chennai",hospital,hospital,,,,,,,medium
hospitals,6937109075,node,13.1694824,80.304324,"Aakash Hospital, Tiruvallur",hospital,hospital,,,,,,,medium
hospitals,6937111102,node,13.1450072,80.2398249,K.M. Multi Speciality Hospital,hospital,hospital,,,,,,,medium
hospitals,6937320470,node,13.1228878,80.293498,Rudhra-Chella Clinicare`N`Cure Services,hospital,hospital,,,,,,,medium
hospitals,6937351599,node,13.0781955,80.2452886,K.K.R. ENT Hospital and Research Institute(P) Ltd,hospital,hospital,,,,,+91 44 2641 1444,https://www.kkrenthospital.org/,medium
hospitals,6937390213,node,13.0352086,80.2164307,Sri Hari Clinic,clinic,clinic,,,,,,,medium
hospitals,6937398987,node,13.0345893,80.1836944,Roy's Heart Foundation,hospital,,,,,,,,medium
hospitals,6937420406,node,13.0438892,80.2387923,Sri Viveka Institute Of Dental Health,dentist,dentist,,,,,,,medium
hospitals,6937434309,node,13.0503377,80.2299377,"Srinivasa Hospital P P N, Chennai",hospital,hospital,,,,,,,medium
hospitals,6937467152,node,13.0394065,80.2507684,Gastro Cre Hospital,hospital,hospital,,,,,,,medium
hospitals,6937478253,node,13.0768382,80.2354315,Dr. A.G. Arumugam Nursing Home,clinic,clinic,,,,,,,medium
hospitals,6937497904,node,13.0463676,80.1865241,Aaditya Kamaraja Eye Hospital,hospital,hospital,,,,,,,medium
hospitals,6937550378,node,12.9513926,80.1463768,Surya Physiotherapy Clinic,clinic,clinic,,,,,,,medium
hospitals,6937570093,node,13.0872141,80.2596062,Dr Ravishankars Eye Clinic and Nursing Home,clinic,clinic,,,,,,,medium
hospitals,6937594692,node,13.0489087,80.2645898,Seethapathy Nursing Home,clinic,clinic,,,,,,,medium
hospitals,6937630622,node,12.9269402,80.1146503,"Kasthuri Hospital, Chennai",hospital,hospital,,,,,,,medium
hospitals,6950278739,node,12.9460718,80.146928,S.G.S. Nursing Home,clinic,clinic,,,,,,,medium
hospitals,6950288001,node,12.9531897,80.2541614,Sahishnatha Indtitute Of Maternal And Child Health,hospital,hospital,,,,,,,medium
hospitals,6950427127,node,13.1162117,80.1065513,Immanuel Hosptal,hospital,,,,,,,,medium
hospitals,7045971385,node,13.0025112,80.2568577,Unnamed,pharmacy,pharmacy,,,,,,,medium
hospitals,7045972385,node,12.9909409,80.256108,Unnamed,pharmacy,pharmacy,,,,,,,medium
hospitals,7099721389,node,13.0063273,80.2567379,Unnamed,pharmacy,pharmacy,,,,,,,medium
hospitals,7130311850,node,13.1636875,80.2540769,Farmatodo,pharmacy,pharmacy,,,,,,,medium
hospitals,7169412006,node,13.0105569,80.1960206,Sri Kandan Medicals,pharmacy,pharmacy,,,,,,,medium
hospitals,7169425322,node,13.0109087,80.1961641,Patanjali Pharmacy,pharmacy,pharmacy,,,,,,,medium
hospitals,7177259685,node,12.9751829,80.1956824,Unnamed,dentist,dentist,,,,,,,medium
hospitals,7177268687,node,12.9739445,80.1916658,Glow Dental,dentist,dentist,,,,,,,medium
hospitals,7181579342,node,12.991685,80.2533312,Adyar Dispensary,clinic,centre,,,,,,http://nb.bsf.gov.in/CGHS%20DIspenseries.pdf,medium
hospitals,7181684162,node,13.0619796,80.2741693,Siva E N T Hospital,hospital,hospital,,,,,,,medium
hospitals,7181711080,node,13.0476113,80.2650954,"Vinayagam Laser Hospital, Chennai",hospital,hospital,,,,,,,medium
hospitals,7181721033,node,13.0524884,80.2736449,"Dr Agarwals Eye Hospital, Triplicane",hospital,hospital,,,,,,,medium
hospitals,7181722911,node,13.0432085,80.259169,"Dr.Agarwal's Eye Hospital Ltd., Gopala Puram",hospital,hospital,Dr. Agarwal's Eye Hospital,,,,,https://www.dragarwal.com/,medium
hospitals,7181734862,node,13.1216418,80.2436035,Dr. M. Mohamed Meeran Clinic,clinic,clinic,,,,,,,medium
hospitals,7181744123,node,13.0782438,80.2456386,Ramarau Polyclinic,clinic,clinic,,,,,,,medium
hospitals,7181748147,node,13.0380111,80.2013205,Bharani Hospital,hospital,hospital,,,,,,,medium
hospitals,7181795816,node,13.1738112,80.294082,Vasantha Hospital,hospital,hospital,,,,,,,medium
hospitals,7181812928,node,13.0368,80.2079107,K.K. Nagar Dispensary and Polyclinic,clinic,clinic,,,,,,http://nb.bsf.gov.in/CGHS%20DIspenseries.pdf,medium
hospitals,7181812944,node,12.9813316,80.1248614,Dr Sugumar Nursing Home,clinic,clinic,,,,,,,medium
hospitals,7194755479,node,13.0675771,80.2580238,Rajiv Scans,,laboratory,,,,,,,medium
hospitals,7206206386,node,12.9233733,80.1301931,மோகன் பல் மருத்துவமனை,dentist,dentist,,,,,,,medium
hospitals,7210884259,node,13.0474655,80.2042377,Fortis Vadapalani Hospital,hospital,hospital,,,,,,,medium
hospitals,7210895386,node,13.0748708,80.2147555,Tamil Nadu Urological Research Centre Best Kidney Stone Clinic,hospital,hospital,,,,,,,medium
hospitals,7210899888,node,13.1992282,80.1786155,Sree Sanjeevi Rayan Hospital,hospital,,,,,,,,medium
hospitals,7210911300,node,13.0290525,80.2636265,Sri Ranga Hospitals,hospital,hospital,,,,,,,medium
hospitals,7210925002,node,12.9672419,79.9456429,Sri Devi Hospital,hospital,,,,,,,,medium
hospitals,7210948177,node,13.0297278,80.2446245,Chamiers Day Care Center,hospital,hospital,,,,,,,medium
hospitals,7213394742,node,12.9609724,80.2421492,London Harley Street Women And Fertility Centre,hospital,,,,,,,,medium
hospitals,7213449201,node,13.0032895,80.25373,Doctor kannan,doctors,doctor,,,,,,,medium
hospitals,7213449202,node,13.003026,80.2540981,Gas Hospital,hospital,hospital,,,,,,,medium
hospitals,7213449203,node,13.0017764,80.2518544,Adyar Ortho Clinic,clinic,clinic,,,,,,,medium
hospitals,7213449204,node,13.0012776,80.2498239,Siloam Hospital,clinic,clinic,,,,,,,medium
hospitals,7213449205,node,13.0015495,80.2497784,Dr VK Jayalakshmi - Vishnu Fertility Centre,clinic,clinic,,,,,,,medium
hospitals,7213492568,node,13.0465056,80.2423799,Dr.Bala Subramanian,hospital,hospital,,,,,,,medium
hospitals,7213542262,node,13.0882891,80.1989896,Prakash Hospial,hospital,hospital,,,,,,,medium
hospitals,7213542263,node,13.0888482,80.2046966,Central Government Health Scheme Dispensary & Health Scheme,,centre,,,,,,http://nb.bsf.gov.in/CGHS%20DIspenseries.pdf,medium
hospitals,7252256149,node,13.13478,80.243553,"UHP, Kodungaiyur 1",,centre,,,,,,,medium
hospitals,7252256151,node,13.2080012,79.8761199,Poondi PHC,,centre,,,,,,,medium
hospitals,7252256155,node,13.2910908,79.8868873,"PHC, Katchur",,centre,,,,,,,medium
hospitals,7252256156,node,13.2032865,80.1730356,Padianallur PHC,,centre,,,,,,,medium
hospitals,7252256158,node,13.163539,80.2430669,Madhavaram Government Hospital,hospital,,,,,,,,medium
hospitals,7252256159,node,13.1308512,80.2517777,Shri Pooja Maternity Clinic,clinic,clinic,,,,,,,medium
hospitals,7252256160,node,13.18013,80.302246,Urban Health Poly Clinic,clinic,clinic,,,,,,,medium
hospitals,7252256161,node,13.1535102,79.8212618,Pattaraiperumbudur PHC,,centre,,,,,,,medium
hospitals,7252256163,node,13.23408,80.207149,"PHC, Budur",,centre,,,,,,,medium
hospitals,7252256166,node,13.3329987,80.1972536,Ponneri Government Hospital,hospital,,,,,,,,medium
hospitals,7252256167,node,13.2097678,80.1121208,"Govt Hospital, Alamathi",hospital,,,,,,,,medium
hospitals,7252256169,node,13.13262,80.2863,Jeeva Nagar North UPHC,,centre,,,,,,,medium
hospitals,7252256171,node,13.3118579,80.0430858,Periyapalayam PHC,,centre,,,,,,,medium
hospitals,7252256172,node,13.20386,79.756264,"PHC, Kanakamma Chatram",,centre,,,,,,,medium
hospitals,7252256174,node,13.2611991,80.2935261,"PHC, Athipet",,centre,,,,,,,medium
hospitals,7252256176,node,13.15422,80.072922,Morai PHC,,centre,,,,,,,medium
hospitals,7252256177,node,13.1297134,80.2506039,Swasthik Health Care center,hospital,hospital,,,,,,,medium
hospitals,7252256180,node,13.1480849,80.2300992,"PHC, Madhavaram",,centre,,,,,,,medium
hospitals,7252256181,node,13.3327639,79.8983401,"Government Hospital, Uthukottai",hospital,,,,,,,,medium
hospitals,7252256182,node,13.21429,80.32011,"PHC, Kathivakkam",,centre,,,,,,,medium
hospitals,7252256183,node,13.1609788,79.9410528,Kalayanakuppam PHC,,centre,,,,,,,medium
hospitals,7252256184,node,13.13468,80.243196,NRV Hospital,hospital,hospital,,,,,,,medium
hospitals,7252256186,node,13.2068783,80.2742231,Manali New Town PHC,,centre,,,,,,,medium
hospitals,7252256189,node,13.1895524,80.3038611,"UHPC, Ernavur",,centre,,,,,,,medium
hospitals,7252256191,node,13.1277558,79.9109831,Thiruvallur Urban PHC,,centre,,,,,,,medium
hospitals,7252256194,node,13.1685958,80.3042862,Sugam Hospital,hospital,hospital,,,,,,,medium
hospitals,7252256196,node,13.2852999,80.1484943,Panchetti PHC,,centre,,,,,,,medium
hospitals,7252256197,node,13.2177207,80.0117462,"Government Hospital, Velliyur",hospital,,,,,,,,medium
hospitals,7252256198,node,13.16156,80.112802,"PHC, Kollumedu",,centre,,,,,,,medium
hospitals,7252256199,node,13.1297876,80.1536771,Oragadam PHC,,centre,,,,,,,medium
hospitals,7252256203,node,13.2769146,80.2591436,Minjur PHC,,centre,,,,,,,medium
hospitals,7252256205,node,13.1590229,80.0161764,Puliyur PHC,,centre,,,,,,,medium
hospitals,7252256208,node,13.2532524,80.0146215,Vengal PHC,,centre,,,,,,,medium
hospitals,7252256209,node,13.16868,80.25812,Manali PHC,,centre,,,,,,,medium
hospitals,7252256210,node,13.1309288,80.131225,Thirumullaivoyal PHC,,centre,,,,,,,medium
hospitals,7252256211,node,13.2882764,79.995986,"PHC, Enambakkam",,centre,,,,,,,medium
hospitals,7252256212,node,13.1949928,80.2121565,Vilangadupakkam PHC,,centre,,,,,,,medium
hospitals,7252256214,node,13.13079,80.258508,"UHP, Kodungaiyur 2",,centre,,,,,,,medium
hospitals,7252256215,node,13.1783047,80.0612608,Government Hospital Kadhavoor,hospital,,,,,,,,medium
hospitals,7252256216,node,13.3356835,80.0859775,"PHC, Arani",,centre,,,,,,,medium
hospitals,7252333312,node,13.1044386,80.2748161,Irch Uhp,,centre,,,,,,,medium
hospitals,7252333313,node,13.1228129,80.2870743,Korukkupet UPHC,,centre,,,,,,,medium
hospitals,7252333314,node,13.07832,80.243753,Govt Kilpauk Medical College Hospital,hospital,hospital,,,,,,,medium
hospitals,7252333316,node,13.0583373,80.2012267,Sakthi Nursing Home,clinic,,,,,,,,medium
hospitals,7252333317,node,13.0747057,80.01998,"Government Hospital, Nemam",hospital,,,,,,,,medium
hospitals,7252333318,node,13.12038,80.285818,Rasi Hospital,hospital,hospital,,,,,,,medium
hospitals,7252333320,node,13.0991743,80.2301988,Government Maternity And Child Hospital,hospital,hospital,,,,,,,medium
hospitals,7252333321,node,13.0433937,80.2461174,Cloudnine Hospital - Chennai,hospital,hospital,,,,,,,medium
hospitals,7252333322,node,13.0731831,80.2429769,Mangalapuram PHC,,centre,,,,,,,medium
hospitals,7252333323,node,13.118812,79.995109,Perumalpattu PHC,,centre,,,,,,,medium
hospitals,7252333324,node,13.0528882,80.2621371,Krishnampet UPHC,,centre,,,,,,,medium
hospitals,7252333327,node,13.051891,80.1968567,Virugambakkam PHC,,centre,,,,,,,medium
hospitals,7252333328,node,13.11399,80.235509,Sembium PHC,,centre,,,,,,,medium
hospitals,7252333329,node,13.04065,80.21578,Nallankuppam UPHC,,centre,,,,,,,medium
hospitals,7252333330,node,13.061988,80.2745135,Shifa Hospital And Reasearch Centre,hospital,hospital,,,,,,,medium
hospitals,7252333333,node,13.0605437,80.2217663,Siva Sakthi Nursing Home,clinic,,,,,,,,medium
hospitals,7252333334,node,13.0482814,80.2353519,S.M.Nagar PHC,,centre,,,,,,,medium
hospitals,7252333336,node,13.0559665,79.9584529,Papparampakkam PHC,,centre,,,,,,,medium
hospitals,7252333337,node,13.10618,80.286804,Govt. Stanley Hospital,hospital,hospital,,,,,,,medium
hospitals,7252333338,node,13.1231681,80.2529369,Urban Primary Health Center,,centre,,,,,,,medium
hospitals,7252333339,node,13.0551882,80.2603077,Zambazar PHC,,centre,,,,,,,medium
hospitals,7252333340,node,13.1008845,80.2383559,Nagammaiar Nagar North PHC,,centre,,,,,,,medium
hospitals,7252333341,node,13.0469783,80.1895003,Subam Specialities Hospitals,hospital,hospital,,,,,,,medium
hospitals,7252333342,node,13.0711841,80.2679271,Pudupet PHC,,centre,,,,,,,medium
hospitals,7252333343,node,13.12222,80.223972,Kts Nursing Home,clinic,clinic,,,,,,,medium
hospitals,7252333344,node,13.05381,80.20915,UPHC Vadapalani West,,centre,,,,,,,medium
hospitals,7252333345,node,13.091086,80.2656825,Choolai UPHC,,centre,,,,,,,medium
hospitals,7252333346,node,13.0692631,80.1799109,Srisaihospital With Matrinity Facility,hospital,,,,,,,,medium
hospitals,7252333347,node,13.1153048,80.2233851,Govt Peripheral Hospital Periyar Nagar,hospital,hospital,,,,,,,medium
hospitals,7252333348,node,13.0887868,80.2566885,Perumalpet PHC,,centre,,,,,,,medium
hospitals,7252333349,node,13.0431134,80.2453103,Be Well Hospital,hospital,hospital,,,,,,,medium
hospitals,7252333352,node,13.0508643,80.1922458,Hera Hospital,hospital,hospital,,,,,,,medium
hospitals,7252333353,node,13.05943,80.194729,SBS Hospital Nursing Home,clinic,,,,,,,,medium
hospitals,7252333354,node,13.1129012,80.2957982,Government Unani Hospital,hospital,hospital,,,,,,,medium
hospitals,7252333356,node,13.0586646,80.2428501,Meenakshi Hospital & Childrens Hospital,hospital,hospital,,,,,,,medium
hospitals,7252333357,node,13.1034047,80.1040655,"UPHC, Avadi",,centre,,,,,,,medium
hospitals,7252333358,node,13.0776301,80.2259431,"PHC, Shenoy Nagar",,centre,,,,,,,medium
hospitals,7252333360,node,13.05774,80.273916,Subam Clinic,clinic,clinic,,,,,,,medium
hospitals,7252333362,node,13.1190934,80.2066309,"PHC, Kolathur",,centre,,,,,,,medium
hospitals,7252333363,node,13.0556052,80.0563447,Thirumalazhisai PHC,,centre,,,,,,,medium
hospitals,7252333365,node,13.1186161,80.2873816,Sanjeevirayanpet UHP,,centre,,,,,,,medium
hospitals,7252333366,node,13.0947437,80.1783856,Padi UCHC,,centre,,,,,,,medium
hospitals,7252333367,node,13.0707695,80.1128806,Thiruverkadu PHC,,centre,,,,,,,medium
hospitals,7252333368,node,13.1157648,80.1098061,Paruthipattu Uphc,,centre,,,,,,,medium
hospitals,7252333369,node,13.09041,80.175293,Tanker Dialysis Foundation Unit,hospital,hospital,,,,,,,medium
hospitals,7252333370,node,13.0859683,80.2633216,Periyar Thidal PHC,,centre,,,,,,,medium
hospitals,7252333371,node,13.0616195,80.275793,Hiba Hospital,hospital,hospital,,,,,,,medium
hospitals,7252333372,node,13.0508818,80.2735131,A.R.A Hospital For Women,hospital,hospital,,,,,,,medium
hospitals,7252333373,node,13.0824777,80.1862979,Mugapair PHC,,centre,,,,,,,medium
hospitals,7252333375,node,13.0594024,80.1954415,Priyas Medical Centre,hospital,,,,,,,,medium
hospitals,7252333376,node,13.1043408,80.2743222,"PHC, Kondithope",,centre,,,,,,,medium
hospitals,7252333377,node,13.0999769,80.2011892,Villiwakkam PHC,,centre,,,,,,,medium
hospitals,7252333378,node,13.044837,80.2475507,Dr. Rai Memorial Medical Centre,hospital,hospital,,,,,,,medium
hospitals,7252333380,node,13.0535971,80.2275376,Medway Hospitals,hospital,hospital,,,,,,,medium
hospitals,7252333381,node,13.0993782,80.2825418,Seven Wells Hospital,hospital,hospital,,,,,,,medium
hospitals,7252333383,node,13.068807,80.2672078,Government Hospital,hospital,hospital,,,,,,,medium
hospitals,7252333384,node,13.1192346,80.2857643,Ranga Nursing Home,clinic,clinic,,,,,,,medium
hospitals,7252333388,node,13.0524675,80.1898468,Standard Hospital,hospital,hospital,,,,,,,medium
hospitals,7252333389,node,13.1142928,80.2844517,Chennai Corporation Hospital,hospital,hospital,,,,,,,medium
hospitals,7252333390,node,13.0410091,80.1964532,Guru Raghavendra Hospital,hospital,hospital,,,,,,,medium
hospitals,7252333391,node,13.0621485,80.2745047,RIDA Physiotherapy Clinic,clinic,clinic,,,,,,,medium
hospitals,7252333392,node,13.1126809,80.153358,Varadarajapuram Government Hospitals,hospital,,,,,,,,medium
hospitals,7252333393,node,13.0855035,80.2396927,Urban Primary Health Centre,,centre,,,,,,,medium
hospitals,7252333394,node,13.0487028,80.2645448,Seethapathy clinic & Hospital,hospital,hospital,,,,,,,medium
hospitals,7252333396,node,13.1267531,80.2489796,Kvt Health Speciality Hospital,hospital,hospital,,,,,,,medium
hospitals,7252333397,node,13.0572714,80.2757357,Sakthi Hospital &Reasearch Centre Helath Care Organization,hospital,hospital,,,,,,,medium
hospitals,7252333398,node,13.0480821,80.2329957,Women And Children Foundation Hospitals T-Nagar,hospital,hospital,,,,,,,medium
hospitals,7252333399,node,13.05562,80.124419,Dr.Rai Cbcc Centre,hospital,,,,,,,,medium
hospitals,7252333402,node,13.0538856,80.1927125,Annai multispeciality hospital,hospital,hospital,,,,,,,medium
hospitals,7252333403,node,13.0916464,80.2139939,Firm Hospital,hospital,hospital,,,,,,,medium
hospitals,7252333405,node,13.11573,80.026717,Thiruninravur Government Hospital,hospital,,,,,,,,medium
hospitals,7252333406,node,13.0535089,80.2195494,The Best Hospital Private Ltd,hospital,hospital,,,,,,,medium
hospitals,7252333407,node,13.0887,80.256712,Chennai Corporation Hospital,hospital,hospital,,,,,,,medium
hospitals,7252333408,node,13.0665829,80.2136697,M.M.D.A. Colony UPHC,,centre,,,,,,,medium
hospitals,7252333409,node,13.060986,80.2747981,Triplicane Government Hospital,hospital,hospital,,,,,,,medium
hospitals,7252333411,node,13.0511322,80.2190929,Urban Public Health Center,,centre,,,,,,,medium
hospitals,7252333413,node,13.1069544,80.2796126,Hemakamal Nursing Home,clinic,clinic,,,,,,,medium
hospitals,7252333414,node,13.05073,80.2722891,Mirsh Aibpet PHC,,centre,,,,,,,medium
hospitals,7252333415,node,13.1245741,80.2625243,Vyasarpadi North PHC,,centre,,,,,,,medium
hospitals,7252333416,node,13.0590564,80.1928218,Government Hospital For Ladies And Children,hospital,,,,,,,,medium
hospitals,7254940229,node,13.0566709,80.2350491,Dr. Premkumar's Orthopedic Clinic,clinic,clinic,,,,,,,medium
hospitals,7255706468,node,13.0561828,80.2478331,SIMS Hospital,hospital,hospital,,,,,,,medium
hospitals,7255751980,node,13.0538477,80.2494072,Human Health,,laboratory,,,,,,,medium
hospitals,7257289020,node,12.9174209,80.0801055,Samyuktaa Maternity Hospital,hospital,hospital,,,,,,,medium
hospitals,7257289021,node,12.7847085,79.8034304,"Goverment Hospital, Avaloor",hospital,,,,,,,,medium
hospitals,7257289029,node,12.8751861,80.2106332,Semmancheri PHC,,centre,,,,,,,medium
hospitals,7257289034,node,12.8515647,80.0666869,Christhudass Hospital,hospital,hospital,,,,,,,medium
hospitals,7257289035,node,12.7988384,80.0239066,Vanavil Medical Centre,hospital,hospital,,,,,,,medium
hospitals,7257289040,node,12.7947227,79.8162415,APJ Hospital,hospital,,,,,,,,medium
hospitals,7257289041,node,12.90526,80.097643,Peerkankaranai PHC,,centre,,,,,,,medium
hospitals,7257289045,node,12.842395,80.0576052,K.R. Hospital,hospital,hospital,,,,,,,medium
hospitals,7257289046,node,12.768651,80.1089783,Othivakkam PHC,,centre,,,,,,,medium
hospitals,7257289047,node,12.9311248,79.8815031,"Thirumangalam, PHC",,centre,,,,,,,medium
hospitals,7257289050,node,12.7644845,79.7577375,"PHC, Koyambakkam",,centre,,,,,,,medium
hospitals,7257289058,node,12.8083218,79.7627079,"PHC, Ayyampettai",,centre,,,,,,,medium
hospitals,7257289060,node,12.8601332,80.1358744,Tagore Medical College Hospital,hospital,,,,,,,,medium
hospitals,7257289061,node,12.7913063,80.032987,Maraimalai Nagar PHC,,centre,,,,,,,medium
hospitals,7257289067,node,12.9223124,80.1503334,Vani Nursing Home,clinic,clinic,,,,,,,medium
hospitals,7257289073,node,12.928407,80.1183968,Sundar Health clinic,clinic,clinic,,,,,,,medium
hospitals,7257289075,node,12.9142715,80.1918308,Primary Health Centre,,centre,,,,,,,medium
hospitals,7257289076,node,12.76464,79.935152,Reddipalayam PHC,,centre,,,,,,,medium
hospitals,7257289080,node,12.9114903,80.1438428,Janani Nursing Home,clinic,,,,,,,,medium
hospitals,7257289090,node,12.846693,80.1972613,Shri Isari Velan Hospital,hospital,hospital,,,,,,,medium
hospitals,7257289094,node,12.9011837,80.1568634,Paduvancheri PHC,,centre,,,,,,,medium
hospitals,7257289095,node,12.9308128,80.1166485,"Panchayath Well, Ranganathapuram UPHC",,centre,,,,,,,medium
hospitals,7257289097,node,12.7637722,80.0025698,Singaperumalkoil PHC,,centre,,,,,,,medium
hospitals,7257289108,node,12.9242,80.127446,Poondi Bazaar PHC,,centre,,,,,,,medium
hospitals,7257289110,node,12.85051,79.91207,Panrutti PHC,,centre,,,,,,,medium
hospitals,7257289121,node,12.9275229,80.1125421,Vn Allergy & Asthma Research Centre,hospital,hospital,,,,,,,medium
hospitals,7257289122,node,12.76057,80.002486,Sakthi Hospital,hospital,hospital,,,,,,,medium
hospitals,7257289123,node,12.9107782,80.1967559,Suraj Hospital,hospital,hospital,,,,,,,medium
hospitals,7257289126,node,12.92622,80.102998,Bethesda Medical Mission Hospital,hospital,hospital,,,,,,,medium
hospitals,7257289134,node,12.8455261,80.0620008,"UPHC, Nandhivaram",,centre,,,,,,,medium
hospitals,7257289136,node,12.79002,80.220564,"PHC, Kelambakkam",,centre,,,,,,,medium
hospitals,7257421525,node,13.0246229,80.0173334,Saveetha Medical College Hospital,hospital,,,,,,,,medium
hospitals,7257421527,node,13.0352508,79.8115856,Perambakkam CHC,,centre,,,,,,,medium
hospitals,7257421528,node,13.0209496,80.1670655,"Urban Primary Health Center, Mugalivakkam",,hospital,Government of Tamil Nadu,,,,,,medium
hospitals,7257421530,node,12.9654914,79.9452452,Pandian Hospital,hospital,,,,,,,,medium
hospitals,7257421531,node,13.0348047,80.2246285,Shree Chakra Maternity Clinic and Nursing Home,clinic,clinic,,,,,,,medium
hospitals,7257421533,node,13.01822,80.108873,Sri Muthukumaran Medical College Hospital & Research Institute,hospital,,,,,,,,medium
hospitals,7257421536,node,13.0340836,80.2419057,Kavitha Clinic,clinic,clinic,,,,,,,medium
hospitals,7257421538,node,12.9881799,80.1894953,"Palavanthangal, UPHC",,centre,,,,,,,medium
hospitals,7257421540,node,13.0319129,80.2099892,Sunrays Laproscopic Centre,hospital,hospital,,,,,,,medium
hospitals,7257421541,node,13.0298958,80.1911357,Hirsh Nursing Home,clinic,clinic,,,,,,,medium
hospitals,7257421543,node,12.9854281,80.192207,Acharya Clinic,clinic,clinic,,,,,,,medium
hospitals,7257421544,node,13.0374439,80.1444537,Sriramachandra Hospital,hospital,,,,,,,,medium
hospitals,7257421548,node,12.9485752,80.2410198,Okkiyamthuraipakkam PHC,,centre,,,,,,,medium
hospitals,7257421549,node,13.0369528,80.169935,Chinna Porur Government Hospital,hospital,,,,,,,,medium
hospitals,7257421551,node,13.0230199,80.2401457,Kotturpuram UPHC,,centre,,,,,,,medium
hospitals,7257421555,node,12.9408644,80.1828683,Arun Hospital,hospital,hospital,,,,,,,medium
hospitals,7257421557,node,13.0312006,80.2511993,Motherhood Hospital,hospital,hospital,,,,,,,medium
hospitals,7257421559,node,12.9979497,80.2562121,"Government Hospital, Adyar",hospital,hospital,,,,,,,medium
hospitals,7257421563,node,12.9521921,80.1442251,Shree Eye & Maternity Hospital,hospital,hospital,,,,,,,medium
hospitals,7257421565,node,12.97456,80.18147,"UPHC, Nanganallur",,centre,,,,,,,medium
hospitals,7257421566,node,13.0298709,80.1114175,Mangadu PHC,,centre,,,,,,,medium
hospitals,7257421569,node,13.0374624,80.2389389,Gunasekaran Hospitals Pvt.Ltd,hospital,hospital,,,,,,,medium
hospitals,7257421570,node,12.97103,79.976397,Annaii Medical College & Hospital,hospital,hospital,,,,,,,medium
hospitals,7257421571,node,13.0204311,80.2240903,Saidapet West PHC,,centre,,,,,,,medium
hospitals,7257421572,node,12.9694033,80.1851002,Moovarasampet Primary Health Center (PHC),,centre,Government of Tamil Nadu,,,,,,medium
hospitals,7257421573,node,12.94505,80.13456,"Government Hospital, Tambaram",hospital,hospital,,,,,,,medium
hospitals,7257421575,node,12.96358,80.150665,Pallavaram UPHC,,centre,,,,,,,medium
hospitals,7257421578,node,12.98744,80.136138,Pozhichalur PHC,,centre,,,,,,,medium
hospitals,7257421581,node,13.00279,80.24698,VHS PHC,,centre,,,,,,,medium
hospitals,7257421582,node,12.95866,80.187198,Vijayam Hospital & Fertility Centre,hospital,hospital,,,,,,,medium
hospitals,7257421583,node,13.03968,80.21204,Kumaran Specialities Hospital,hospital,hospital,,,,,,,medium
hospitals,7257421584,node,12.98032,80.256452,Thiruvanmiyur PHC,,centre,,,,,,,medium
hospitals,7257421585,node,13.0283419,80.2162268,Saidapet PHC,,centre,,,,,,,medium
hospitals,7257421586,node,13.0374234,80.190944,Arokiya hospital,hospital,hospital,,,,,,,medium
hospitals,7257421587,node,12.978523,80.1438285,Pammal Uphc,,centre,,,,,,,medium
hospitals,7257421589,node,13.036525,80.1567342,Parvathy Hospital,hospital,,,,,,,,medium
hospitals,7257421591,node,13.0353537,80.250612,"PHC, Beemannanpet",,centre,,,,,,,medium
hospitals,7257421592,node,12.96558,80.2425099,UCHC Perungudi,,centre,,,,,,,medium
hospitals,7257421593,node,13.034922,80.2465468,Genesis Womens Hospital,hospital,hospital,,,,,,,medium
hospitals,7257421595,node,12.9895104,80.2087752,"PHC, Arambakkam",,centre,,,,,,,medium
hospitals,7257421596,node,13.0342203,80.2398192,Radhatri Nethralaya,hospital,hospital,,,,,,,medium
hospitals,7257421599,node,12.9888801,80.2063149,"Adambakkam, UPHC",,centre,,,,,,,medium
hospitals,7257421600,node,12.9548446,79.8141213,"PHC, Maduramangalam",,centre,,,,,,,medium
hospitals,7257421601,node,13.038362,80.2572398,Kavery Hospital,hospital,hospital,,,,,,,medium
hospitals,7257421602,node,13.0298989,80.2261208,Kanamapet Government Hospital,hospital,hospital,,,,,,,medium
hospitals,7257421603,node,13.037967,80.2162727,Sri Sai Krs Hospital,hospital,hospital,,,,,,,medium
hospitals,7257421607,node,12.9488228,80.1376942,Agash Nursing Home,clinic,clinic,,,,,,,medium
hospitals,7257421608,node,13.0371,80.169936,Porur PHC,,centre,,,,,,,medium
hospitals,7257421610,node,12.9959652,80.0975672,"PHC, Kundrathur",,centre,,,,,,,medium
hospitals,7257421611,node,12.96346,80.150374,Zamin Pallavaram Government Urban PHC,,centre,,,,,,,medium
hospitals,7257421613,node,13.0048164,80.2025432,Government Hospital Alandur,hospital,hospital,,,,,,,medium
hospitals,7257421614,node,12.9863165,80.2299051,Velachery PHC,,centre,,,,,,,medium
hospitals,7257421615,node,13.0313233,80.1909256,Janani Hospital,hospital,hospital,,,,,,,medium
hospitals,7257421617,node,12.9831971,80.1290808,"PHC, Anakaputhur",,centre,,,,,,,medium
hospitals,7257421618,node,13.03102,80.224117,Kumaran Nagar UPHC,,centre,,,,,,,medium
hospitals,7257421619,node,12.9342227,80.1807557,T.K.R. Hospital,hospital,hospital,,,,,,,medium
hospitals,7257421620,node,12.9771173,80.2040772,Ram Skin Clinic,clinic,clinic,,,,,,,medium
hospitals,7257545868,node,13.0550736,80.232573,Sri Sumathi Vishal Jain Dialysis Centre,,dialysis,,,,,,,medium
hospitals,7261129235,node,13.084566,80.2335309,Kalyanaraman Consulting Room,,doctor,,,,,,,medium
hospitals,7261553318,node,13.0585997,80.2422913,Padma Chandrasekharan Clinic,doctors,clinic,Dr. S. Chandrasekharan,,,,,,medium
hospitals,7263990020,node,13.054776,80.2499299,Pulp Dental Hospital,dentist,dentist,,,,,,,medium
hospitals,7266259287,node,12.7956393,79.8183483,Unnamed,hospital,,,,,,,,medium
hospitals,7312136856,node,13.0570676,80.2436601,Scans World,,laboratory,,,,,"044 4000 0008, 9791007777",http://www.scansworld.in,medium
hospitals,7320948885,node,13.0753606,80.21879,Unnamed,hospital,hospital,,,,,,,medium
hospitals,7652446229,node,13.0239396,80.116819,Taj Hospital,hospital,hospital,,,,,,,medium
hospitals,7652449745,node,12.964259,80.1981286,Apollo Pharmacy,pharmacy,pharmacy,,,,,,,medium
hospitals,7652449746,node,12.9645886,80.1958518,Malar Clinic,hospital,hospital,Dr. Arun,,,no,,,critical
hospitals,7653041585,node,13.1207073,79.9960294,Primary health Center,hospital,hospital,Primary hospital,,,,,,medium
hospitals,7658575241,node,12.967751,80.2375289,Annai Pharmacy,pharmacy,pharmacy,,,,,,,medium
hospitals,7677310685,node,13.1057366,80.2076677,Unnamed,dentist,dentist,,,,,9688867716,,medium
hospitals,7816669284,node,13.002843,80.1181707,Yaathum.Life,,alternative,Yaathum.Life,,,,,https://www.bodhisays.com/,medium
hospitals,7818702350,node,13.33067,80.188076,Swift Clinic,clinic,,,,,,,,medium
hospitals,7818702352,node,13.2792646,80.2595386,RP Multispeciality Dental Clinic,clinic,clinic,,,,,,,medium
hospitals,7818702354,node,13.2831001,80.2611331,Aaleyah Clinic,clinic,clinic,,,,,,,medium
hospitals,7818702355,node,13.1534531,80.2533929,Memisa Skin Clinic,clinic,,,,,,,,medium
hospitals,7818702356,node,13.167576,80.246488,Sri Jayakala Clinic,clinic,clinic,,,,,,,medium
hospitals,7818702357,node,13.156154,80.301391,Prasad Multispeciality Hospital,hospital,hospital,,,,,,,medium
hospitals,7818702358,node,13.1345397,80.2058879,Uma Hospital,hospital,hospital,,,,,,,medium
hospitals,7818702359,node,13.131644,80.2121709,Maaya Nursing Home,clinic,clinic,,,,,,,medium
hospitals,7818702361,node,13.2786682,80.2608979,M N Eye Hospital,hospital,hospital,,,,,,,medium
hospitals,7818702362,node,13.1523024,80.3007588,M.A. Nursing Home,clinic,clinic,,,,,,,medium
hospitals,7818702363,node,13.2793062,80.2577503,"ESI Hospital, Minjur",hospital,hospital,Employees' State Insurance,,,,,,medium
hospitals,7818702364,node,13.1521212,80.3009641,Gowtham Clinic,clinic,clinic,,,,,,,medium
hospitals,7818702365,node,13.1651744,80.2098306,Acharya Tulsi Clinic,clinic,,,,,,,,medium
hospitals,7818702366,node,13.3348563,80.1941403,PMS Hospital,hospital,,,,,,,,medium
hospitals,7818702367,node,13.1503301,80.2984201,Suman Hospital,hospital,hospital,,,,,,,medium
hospitals,7818702368,node,13.1724224,80.200226,Mahalakshmi Clinic,clinic,,,,,,,,medium
hospitals,7818702369,node,13.1517568,80.3012914,Dr. Anupama Roshan Skin Specialist,clinic,clinic,,,,,,,medium
hospitals,7818702370,node,13.170706,80.199551,Sri Kannan Clinic,clinic,,,,,,,,medium
hospitals,7818702372,node,13.332976,80.19451,Thangam Hospital,hospital,hospital,,,,,,,medium
hospitals,7818702376,node,13.1327627,80.2073327,Dr. Ezhilarasi Clinic,clinic,clinic,,,,,,,medium
hospitals,7818702377,node,13.1554438,80.2569022,Smile Care Multispeciality Dental Clinic,dentist,dentist,,,,,,,medium
hospitals,7818702379,node,13.2769935,80.2602026,Raju Nursing Home,clinic,,,,,,,,medium
hospitals,7818702380,node,13.3369595,80.1934118,Thirumala Clinic,clinic,,,,,,,,medium
hospitals,7818702381,node,13.328241,80.187248,Sri Krishna Clinic,clinic,,,,,,,,medium
hospitals,7818702383,node,13.3348758,80.190578,Sushrutha Surgical Hospital,hospital,,,,,,,,medium
hospitals,7818702384,node,13.1520648,80.3012826,Dr. Merwin Clinic,clinic,clinic,,,,,,,medium
hospitals,7818702385,node,13.1346648,80.2099619,Sunil's Dental Care,dentist,dentist,,,,,,,medium
hospitals,7818702386,node,13.1463416,80.2978175,Ropheka Polyclinic,clinic,clinic,,,,,,,medium
hospitals,7818702388,node,13.279224,80.260049,Care and Cure Clinic,clinic,clinic,,,,,,,medium
hospitals,7818702389,node,13.1625945,80.2594403,Kvm Physiotherapy Clinic,clinic,clinic,,,,,,,medium
hospitals,7818702390,node,13.3310556,80.1951783,V.V. Homoeopathic Clinic,clinic,,,,,,,,medium
hospitals,7818702391,node,13.1675158,80.247696,Srs Healthcare Clinic,clinic,clinic,,,,,,,medium
hospitals,7818702392,node,13.337998,80.1928478,Hasini Eye Care Clinic and General Hospital,hospital,,,,,,,,medium
hospitals,7818702393,node,13.165259,80.25871,Sankara Eye Hospital,hospital,hospital,,,,,,,medium
hospitals,7818702394,node,13.3342331,80.1954472,Jeyam Multi Speciality Hospitals,hospital,,,,,,,,medium
hospitals,7818702395,node,13.1537616,80.3006482,G S Hospital,hospital,hospital,,,,,,,medium
hospitals,7818702396,node,13.3306875,80.1887374,Welcare Hospital,hospital,,,,,,,,medium
hospitals,7818702399,node,13.1702776,80.193567,Md Hussain Hospital,hospital,,,,,,,,medium
hospitals,7818702400,node,13.3357903,79.9084828,Julia Hospital,hospital,,,,,,,,medium
hospitals,7818702403,node,13.1628639,80.2604165,TJ Dental Clinic,dentist,dentist,,,,,,,medium
hospitals,7818702404,node,13.285932,80.248656,S M D Clinic,clinic,clinic,,,,,,,medium
hospitals,7818702406,node,13.1521728,80.3002146,Esha Hospital,hospital,hospital,,,,,,,medium
hospitals,7818702407,node,13.2607297,80.2891549,Manon Clinic,clinic,,,,,,,,medium
hospitals,7818702409,node,13.1486276,80.2982812,Annai Hospital,hospital,hospital,,,,,,,medium
hospitals,7818702410,node,13.2403414,80.144056,Joseph Nursing Home,clinic,,,,,,,,medium
hospitals,7818702411,node,13.156041,80.3009519,Prasad ENT,clinic,clinic,,,,,,,medium
hospitals,7818702412,node,13.3369379,80.1938828,Jerusha Physio Clinic,clinic,,,,,,,,medium
hospitals,7818702413,node,13.1358049,80.2092573,Dr. Saravana's Ortho Clinic,clinic,clinic,,,,,,,medium
hospitals,7818702414,node,13.1621341,80.205369,Sri Malar Clinic,clinic,,,,,,,,medium
hospitals,7818702417,node,13.2787221,80.2599741,Dr. K.V.M. Jaganathan Clinic,clinic,clinic,,,,,,,medium
hospitals,7818702418,node,13.1711581,80.2000625,GK Shree Health Clinic,clinic,,,,,,,,medium
hospitals,7818702419,node,13.1523333,80.2998808,Sekar Hospital,hospital,hospital,,,,,,,medium
hospitals,7818702420,node,13.161861,80.204431,St. Anthony's Hospital,hospital,,,,,,,,medium
hospitals,7818702421,node,13.151965,80.299566,I Smile Dental Care,dentist,dentist,,,,,,,medium
hospitals,7818702423,node,13.1602832,80.2584421,Sri Vishnu Clinic,clinic,clinic,,,,,,,medium
hospitals,7818702424,node,13.329233,80.187201,Dr.Bala Lakshmi Hospital,hospital,,,,,,,,medium
hospitals,7819840728,node,13.0497791,80.1146142,S.S Clinic,clinic,,,,,,,,medium
hospitals,7819840729,node,13.139584,79.906791,Janani Hospital,hospital,,,,,,,,medium
hospitals,7819840730,node,13.0341953,80.1238143,Dhanvantari Multispeciality Clinic,clinic,,,,,,,,medium
hospitals,7819840731,node,13.1433504,79.8754025,Annai Siddha Ayurvedha Hospital,hospital,,,,,,,,medium
hospitals,7819840732,node,13.131715,79.928058,Herbocare Hospital,hospital,,,,,,,,medium
hospitals,7819840733,node,13.0779178,80.0263338,Sastha Clinic,clinic,,,,,,,,medium
hospitals,7819840734,node,13.1439414,79.9052155,Dr.Prabhu Shankar Child Care,hospital,,,,,,,,medium
hospitals,7819840735,node,13.0507828,80.1009762,Neha Clinic and Diagnostic centre,clinic,clinic,,,,,,,medium
hospitals,7819840736,node,13.031324,79.85549,Saveetha Rural Health Centre,hospital,,,,,,,,medium
hospitals,7819840737,node,13.0469121,80.1843538,Dr. Tamilarasi Dental Clinic,dentist,dentist,,,,,,,medium
hospitals,7819840739,node,13.1167548,79.9112778,Arjuna Hospital,hospital,,,,,,,,medium
hospitals,7819840740,node,13.1307363,79.9106285,MJ Orthocare Hospital,hospital,,,,,,,,medium
hospitals,7819840741,node,13.0509177,80.0994192,DPS Hospital,hospital,hospital,,,,,,,medium
hospitals,7819840743,node,13.044839,80.078007,Cure Well Hospital,hospital,,,,,,,,medium
hospitals,7819840744,node,13.1439516,79.908917,Valarmathi Hospital,hospital,,,,,,,,medium
hospitals,7819840745,node,13.0471845,80.184358,Kannimaram Hospital,hospital,hospital,,,,,,,medium
hospitals,7819840746,node,13.0471927,80.1814527,Yagnyaa Diabetes Clinic,clinic,,,,,,,,medium
hospitals,7819840748,node,13.0401817,80.1803453,Vasanthi Dental Hospital,hospital,,,,,,,,medium
hospitals,7819840750,node,13.0456848,80.1858062,Maf Clinic,clinic,clinic,,,,,,,medium
hospitals,7819840754,node,13.1370025,79.9102783,Vaagai Clinic,clinic,,,,,,,,medium
hospitals,7819840755,node,13.0447838,80.1844199,Sri Venkatesvara Physio and Obesity Centre,clinic,clinic,,,,,,,medium
hospitals,7819840756,node,13.143569,79.9088701,Vijayalakshmi Hospital,hospital,,,,,,,,medium
hospitals,7819840758,node,13.1343166,79.9118306,Raju Surgery Clinic,clinic,,,,,,,,medium
hospitals,7819840760,node,13.0312709,79.8535026,Sai Multispeciality Hospital,hospital,,,,,,,,medium
hospitals,7819840762,node,13.1353374,79.9172158,Sandhiya's Clinic,clinic,,,,,,,,medium
hospitals,7819840763,node,13.1363359,79.9086732,SM Hospital,hospital,,,,,,,,medium
hospitals,7819840764,node,13.144271,79.899066,Thiruvallur Urban Maternity Centre,hospital,,,,,,,,medium
hospitals,7819840766,node,13.0456183,80.1820026,Latha Ravichandran Clinic,clinic,,,,,,,,medium
hospitals,7819840767,node,13.0532913,80.1249542,Aravind Eye Hospital,hospital,hospital,Aravind Eye Hospitals,,,yes,+91 44 4095 6100,https://aravind.org/,critical
hospitals,7819840768,node,13.047776,80.185283,Dr. N Suresh Kumar,doctors,doctor,,,,,,,medium
hospitals,7819840769,node,13.0442533,80.184247,Jeevan Women Care Clinic,clinic,clinic,,,,,,,medium
hospitals,7819840771,node,13.14463,79.909159,CSI Hospital,hospital,,,,,,,,medium
hospitals,7819840772,node,13.0494837,80.1028024,Champa Clinic,clinic,clinic,,,,,,,medium
hospitals,7819840773,node,13.1442541,79.9090126,JVP Multispeciality Clinic,clinic,,,,,,,,medium
hospitals,7819840775,node,13.0506409,80.0986929,Be Well Hospital,hospital,hospital,,,,,,,medium
hospitals,7819840782,node,13.139915,79.9078323,Thendral Skin and Dental Hospital,hospital,,,,,,,,medium
hospitals,7819840784,node,13.1110614,79.9106022,Dr. Nesam Multispeciality Dental Hospital,hospital,,,,,,,,medium
hospitals,7819840785,node,13.0426113,80.0723617,Sri Jayendra Saraswati Ayurveda Hospital,hospital,,,,,,,,medium
hospitals,7819840786,node,13.0382058,80.1807184,Udhaya Sai Clinic,clinic,,,,,,,,medium
hospitals,7819840787,node,13.1512645,79.9136354,Sri Ramanujam Herbal Siddha Clinic,clinic,,,,,,,,medium
hospitals,7819840788,node,13.131197,79.909378,Vasan Eyes Care Hospital,hospital,,,,,,,,medium
hospitals,7819840793,node,13.1236572,79.964507,The Royal Mayush Hospital,hospital,,,,,,,,medium
hospitals,7819840795,node,13.1086082,79.9104426,G.K. Hospital,hospital,,,,,,,,medium
hospitals,7819840797,node,13.0472622,80.1815603,Meenakshi Mission Hospital,hospital,,,,,,,,medium
hospitals,7819840798,node,13.144957,79.908587,Vignesh Clinic,clinic,,,,,,,,medium
hospitals,7819840799,node,13.0508209,80.1133058,ESI Dispensary,,centre,,,,,,,medium
hospitals,7819840800,node,13.1449677,79.9070108,Lk Physiotherapy Care Clinic,clinic,,,,,,,,medium
hospitals,7819840802,node,13.1141777,79.9092471,ESI Dispensary,,centre,,,,,,,medium
hospitals,7819840803,node,13.0502479,80.0910986,Ramdas Hospital,hospital,hospital,,,,,,,medium
hospitals,7819840804,node,13.1444936,79.903447,Dr. Sarojini Hospital,hospital,,,,,,,,medium
hospitals,7819840806,node,13.0470409,80.1841129,Shanthi Hospital,hospital,hospital,,,,,,,medium
hospitals,7820652127,node,12.9314954,79.8743875,Get Well Clinic,clinic,,,,,,,,medium
hospitals,7820652133,node,12.9671208,79.9453721,Rukshandra Multi Speciality Clinic,clinic,,,,,,,,medium
hospitals,7820652136,node,12.9256426,79.8814855,Pandiyan Hospital,hospital,,,,,,,,medium
hospitals,7820652138,node,12.9691309,79.9452782,MPS Paediatric Health Care Centre,hospital,,,,,,,,medium
hospitals,7820652144,node,12.9252156,79.8769385,Sagundaladevi Hospital,hospital,,,,,,,,medium
hospitals,7820652147,node,12.8875617,80.0237609,ESI Hospital,hospital,,,,,,,,medium
hospitals,7820652149,node,12.9257633,79.8797713,Shanmuga Hospital,hospital,,,,,,,,medium
hospitals,7820652151,node,12.8856859,80.0135635,Primary Health Centre,,centre,,,,,,,medium
hospitals,7820652152,node,12.982638,80.015081,R.K. Hospital,hospital,,,,,,,,medium
hospitals,7820652156,node,12.929514,79.875752,Shifa Hospital,hospital,,,,,,,,medium
hospitals,7820652163,node,12.9279755,79.877669,Sri Devi Hospital,hospital,,,,,,,,medium
hospitals,7820652164,node,12.8870998,80.0250194,Robust Health Care Centre,hospital,,,,,,,,medium
hospitals,7820652165,node,12.9322908,79.8742851,Bon Secours Hospital,hospital,,,,,,,,medium
hospitals,7820652166,node,12.949675,80.036597,Rehoboth Healthcare Centre,hospital,,,,,,,,medium
hospitals,7820652168,node,12.9774062,79.9581107,Unnamed,clinic,clinic,,,,,,,medium
hospitals,7820652169,node,12.8870832,80.0243038,Saravana Hospital,hospital,,,,,,,,medium
hospitals,7820652171,node,12.8865923,80.0211679,Muthaiah Clinic,clinic,,,,,,,,medium
hospitals,7820652174,node,12.9672732,79.9467967,Sri Sharada Hospital,hospital,,,,,,,,medium
hospitals,7820652176,node,12.9671091,79.952084,Virutcham Siddha Clinic,clinic,,,,,,,,medium
hospitals,7820652179,node,12.8854535,80.0222819,Baba Physiotherapy Clinic,clinic,,,,,,,,medium
hospitals,7820652183,node,12.964631,79.944409,Raghav's Clinic,clinic,,,,,,,,medium
hospitals,7820652185,node,12.9698307,79.9512569,Thejes Ayurvedic Clinic,clinic,,,,,,,,medium
hospitals,7820652188,node,12.887959,80.0198129,Sri Sastha Clinic,clinic,,,,,,,,medium
hospitals,7820652189,node,12.9303616,79.8745841,Sugam Bone and Family Clinic,clinic,,,,,,,,medium
hospitals,7820652193,node,12.8875885,80.0243868,Saradha Hospital,hospital,,,,,,,,medium
hospitals,7820652196,node,12.9697594,79.9424188,Hitech Hospital,hospital,,,,,,,,medium
hospitals,7820652198,node,12.965585,79.9450698,Sri Vasavi Clinic and Pharmacy,clinic,,,,,,,,medium
hospitals,7820802350,node,12.7560995,80.0091891,Arokia Annai Hospital,hospital,hospital,,,,,,,medium
hospitals,7820802352,node,12.7605075,80.0061896,Dr. C.N.C. Clinic,clinic,clinic,,,,,,,medium
hospitals,7820802357,node,12.7872962,80.0367537,Vijay Ortho Clinic,clinic,,,,,,,,medium
hospitals,7820802363,node,12.7626492,80.0035704,Anandha Clinic,clinic,clinic,,,,,,,medium
hospitals,7820802364,node,12.7961969,80.0262959,Punnagai Dental Clinic,dentist,dentist,,,,,,,medium
hospitals,7820802366,node,12.7577542,80.0029118,Unnamed,dentist,dentist,,,,,,,medium
hospitals,7820802367,node,12.763835,80.004044,Sulaiman Memorial Dental and Child Care,hospital,hospital,,,,,,,medium
hospitals,7820802368,node,12.7993493,80.0235318,Acu Touch and Varma Clinic,clinic,clinic,,,,,,,medium
hospitals,7820802369,node,12.7599373,80.0040774,Krishna Hospital,hospital,hospital,,,,,,,medium
hospitals,7820802374,node,12.7618855,80.002589,Sri Venkateshwara Hospital,hospital,hospital,,,,,,,medium
hospitals,7820802375,node,12.7576358,80.0028549,"Dr. Skin, Cosmetology and Hair Clinic",clinic,clinic,,,,,,,medium
hospitals,7820802376,node,12.7607913,80.0037308,Sri Balaji Hospital,hospital,hospital,,,,,,,medium
hospitals,7820802378,node,12.7910623,80.0291152,ESI Dispensary,,centre,,,,,,,medium
hospitals,7820802379,node,12.8182181,80.0398579,Raga Dental Clinic,dentist,dentist,,,,,,,medium
hospitals,7820802380,node,12.7939241,80.02557,Sri Child Care Clinic and Vaccination Centre,clinic,clinic,,,,,,,medium
hospitals,7820802383,node,12.7596428,80.0055226,Dr. Dilip,doctors,doctor,,,,,,,medium
hospitals,7820802385,node,12.7599521,80.0053617,Vasavi Dental Clinic,dentist,dentist,,,,,,,medium
hospitals,7820802386,node,12.7957691,80.027597,Dr. Karthikeyan,doctors,doctor,,,,,,,medium
hospitals,7820802387,node,12.79639,80.025556,Annam Dental Clinic,dentist,dentist,,,,,,,medium
hospitals,7820802393,node,12.7970996,80.0292055,S S Clinic,clinic,clinic,,,,,,,medium
hospitals,7820802394,node,12.7990975,80.0241996,Nirahhs Health Centre,hospital,hospital,,,,,,,medium
hospitals,7820802395,node,12.7967233,80.0248907,Shri Dhanwantari Dental Clinic,dentist,dentist,,,,,,,medium
hospitals,7820802397,node,12.7939533,80.0240443,Dr. Srinath's Dental Zone,dentist,dentist,,,,,,,medium
hospitals,7820802398,node,12.7935765,80.0270741,Naveen Hospital,hospital,hospital,Dr. A M Mohan,,,,,,medium
hospitals,7820802405,node,12.796262,80.026283,Devaki Memorial Eye Clinic,clinic,clinic,,,,,,,medium
hospitals,7820802408,node,12.7962013,80.022447,Akshaya Sida Hospital,hospital,hospital,,,,,,,medium
hospitals,7820802409,node,12.8128181,80.0299255,Sub Health Centre,,centre,,,,,,,medium
hospitals,7820802418,node,12.798589,80.023464,Reva Dental Clinic,dentist,dentist,,,,,,,medium
hospitals,7820802425,node,12.786869,80.014689,Sanjeevi Health Care,hospital,hospital,,,,,,,medium
hospitals,7820802427,node,12.7998826,80.0241862,SRM Urban Health Centre,hospital,hospital,,,,,,,medium
hospitals,7820802428,node,12.7938408,80.0274957,Naturo Shifa Homeopathic Clinic,clinic,clinic,,,,,,,medium
hospitals,7820802429,node,12.7607515,80.0031328,Vijaya Lakshmi Dental Clinic,dentist,dentist,,,,,,,medium
hospitals,7820874202,node,12.84604,80.061486,S.K.S. Clinic,clinic,clinic,,,,,,,medium
hospitals,7820874203,node,12.8467495,80.0869154,Arokya Annai Hospital,hospital,hospital,,,,,,,medium
hospitals,7820874204,node,12.8409901,80.0561022,Mohan's Ent Clinic,clinic,clinic,,,,,,,medium
hospitals,7820874205,node,12.84764,80.063379,Cure Advanced Dental Care,dentist,dentist,,,,,,,medium
hospitals,7820874206,node,12.8554409,80.0537082,Sree Annai Dental Clinic,dentist,dentist,,,,,,,medium
hospitals,7820874207,node,12.9057364,80.0935673,Chitalekha Nursing Home,clinic,clinic,,,,,,,medium
hospitals,7820874208,node,12.8498789,80.0538937,Esskay Speciality Clinic,clinic,,,,,,,,medium
hospitals,7820874209,node,12.8435375,80.0584534,Homeopathic Clinic,clinic,clinic,,,,,,,medium
hospitals,7820874210,node,12.8440063,80.0587969,Kasturi Clinic,clinic,clinic,,,,,,,medium
hospitals,7820874211,node,12.9089473,80.0946476,Healing Hands Speciality Clinic,clinic,clinic,,,,,,,medium
hospitals,7820874212,node,12.8507219,80.0656915,Dr. V. Arunagiri Nathan Clinic,clinic,clinic,,,,,,,medium
hospitals,7820874213,node,12.8934911,80.0811754,Devi Medical Clinic,clinic,clinic,,,,,,,medium
hospitals,7820874214,node,12.8433152,80.0609119,Dr. Kumaran's Clinic,clinic,clinic,,,,,,,medium
hospitals,7820874215,node,12.8484563,80.1428788,Vinayaga Homeo Clinic,clinic,,,,,,,,medium
hospitals,7820874216,node,12.8426583,80.0579775,Nirmal's Eye Clinic,clinic,clinic,,,,,,,medium
hospitals,7820874217,node,12.850128,80.140347,Sri Meenachi Hospital,hospital,,,,,,,,medium
hospitals,7820874218,node,12.8673887,80.0710231,Sabari Physiotherapy Clinic,clinic,clinic,,,,,,,medium
hospitals,7820874219,node,12.8387381,80.064632,Dr. Ganesh,doctors,doctor,,,,,,,medium
hospitals,7820874220,node,12.867641,80.0760446,Nithya Gurru Hospital,hospital,hospital,,,,,,,medium
hospitals,7820874221,node,12.8428242,80.0589828,Siva Dental Clinic,dentist,dentist,,,,,,,medium
hospitals,7820874222,node,12.9059312,80.0929551,Ayur Med Life Hospital,clinic,clinic,,,,,,,medium
hospitals,7820874223,node,12.8400457,80.0560074,Thangam Hospital,hospital,hospital,,,,,,,medium
hospitals,7820874224,node,12.9168535,80.0880494,Shiva Sakthi Dental Clinic,dentist,dentist,,,,,,,medium
hospitals,7820874225,node,12.851445,80.139755,AS Poly Clinic,clinic,,,,,,,,medium
hospitals,7820874226,node,12.8143321,80.0770019,G.V. Hospital,hospital,,,,,,,,medium
hospitals,7820874227,node,12.8588635,80.0560942,Suriya Ayurveda Hospital,hospital,hospital,,,,,,,medium
hospitals,7820874228,node,12.8429838,80.0582683,Sai Multi Speciality Clinic,clinic,clinic,,,,,,,medium
hospitals,7820874229,node,12.843353,80.059497,Adarsh Dental Care,dentist,dentist,,,,,,,medium
hospitals,7820874230,node,12.8432697,80.0604225,Senthil Clinic,clinic,clinic,,,,,,,medium
hospitals,7820874231,node,12.8518348,80.0683987,Dr. R. Hemalatha,doctors,doctor,,,,,,,medium
hospitals,7820874232,node,12.8441025,80.0587314,"Rishika Ortho, Spine and Joint Speciality Centre",hospital,hospital,,,,,,,medium
hospitals,7820874233,node,12.9126291,80.0925319,SK Clinic,clinic,clinic,,,,,,,medium
hospitals,7820874234,node,12.82684,80.166309,Sugam Hospital,hospital,,,,,,,,medium
hospitals,7820874235,node,12.8441953,80.0588213,Sri Satya Sai Homeo Clinic,clinic,clinic,,,,,,,medium
hospitals,7820874236,node,12.9128654,80.0925254,Dr. Karthik,doctors,doctor,,,,,,,medium
hospitals,7820874237,node,12.8391042,80.0569385,Joseph Dentcare,dentist,dentist,,,,,,,medium
hospitals,7820874238,node,12.9186976,80.0866455,Kayathri Dental Clinic,dentist,dentist,,,,,,,medium
hospitals,7820874239,node,12.9082022,80.0943472,Primary Health Centre,,centre,,,,,,,medium
hospitals,7820874240,node,12.9050035,80.0929742,Sri Kamatchi Hospital,hospital,hospital,,,,,,,medium
hospitals,7820874241,node,12.866317,80.074451,Sri Ram Dental Care,dentist,dentist,,,,,,,medium
hospitals,7820874242,node,12.8473288,80.0597822,Siddha Ayurveda Clinic,clinic,clinic,,,,,,,medium
hospitals,7820874243,node,12.8593698,80.0737808,Jeeva Clinic,clinic,clinic,,,,,,,medium
hospitals,7820874245,node,12.838733,80.0576307,Dhanwanthri Physiotherapy Centre,clinic,clinic,,,,,,,medium
hospitals,7820874246,node,12.8499003,80.0651148,Dakshan Skin Clinic,clinic,clinic,,,,,,,medium
hospitals,7820874247,node,12.8483415,80.0631272,Agaram Siddha Clinic,clinic,clinic,,,,,,,medium
hospitals,7820874248,node,12.8576412,80.0694728,Magna Open Health Service,hospital,hospital,,,,,,,medium
hospitals,7820874249,node,12.9178607,80.0590957,Mahesh Hospital,hospital,,,,,,,,medium
hospitals,7820874250,node,12.8846426,80.0741846,Arokia Annaii Clinic,clinic,clinic,,,,,,,medium
hospitals,7820874251,node,12.8429954,80.0606316,Sri Vinayaga Clinic,clinic,clinic,,,,,,,medium
hospitals,7820874252,node,12.8432217,80.0582429,Child Care Clinic,clinic,clinic,,,,,,,medium
hospitals,7820874253,node,12.8599548,80.0623129,Vasantham Clinic,clinic,clinic,,,,,,,medium
hospitals,7820874254,node,12.8421733,80.0612804,M.M Clinic,clinic,clinic,,,,,,,medium
hospitals,7820874255,node,12.8319745,80.0708395,Arokya Hospital,hospital,,,,,,,,medium
hospitals,7820874256,node,12.8226797,80.0777538,Lakshmi Clinic and Diagnostics,clinic,,,,,,,,medium
hospitals,7820874257,node,12.8467277,80.0613827,Sabari Clinic,clinic,clinic,,,,,,,medium
hospitals,7820874258,node,12.8417166,80.0578041,Optique Netralaya,clinic,clinic,,,,,,,medium
hospitals,7820874259,node,12.8515801,80.082912,Shree Chelly's Clinic,clinic,clinic,,,,,,,medium
hospitals,7820874260,node,12.9080949,80.0926779,Saradha Hospital,hospital,hospital,,,,,,,medium
hospitals,7820874261,node,12.8101142,80.2279039,Grace Dental,dentist,dentist,,,,,,,medium
hospitals,7820874262,node,12.8470635,80.0609595,Aram Poly Clinic,clinic,clinic,,,,,,,medium
hospitals,7820874263,node,12.8678478,80.0648625,Arokia Annai Hospital,hospital,hospital,,,,,,,medium
hospitals,7820874264,node,12.908723,80.094653,BM Physiotherapy and Stroke Rehab Clinic,clinic,clinic,,,,,,,medium
hospitals,7820874265,node,12.8451975,80.0605927,Sri Bhavani Dental Clinic,dentist,dentist,,,,,,,medium
hospitals,7820874266,node,12.804836,80.2241181,Manav Dental Care,dentist,dentist,,,,,,,medium
hospitals,7820874267,node,12.8431543,80.0605129,Dr. Rajesh Kumar Clinic,clinic,clinic,,,,,,,medium
hospitals,7820874268,node,12.8471514,80.0632047,Deepam Hospital,hospital,hospital,,,,,,,medium
hospitals,7820874269,node,12.9053184,80.0963507,Wellness Clinic and Diabetes Centre,clinic,clinic,,,,,,,medium
hospitals,7820874270,node,12.833454,80.069363,Assana Speciality Clinic,clinic,clinic,,,,,,,medium
hospitals,7820874271,node,12.907759,80.09293,Narbhavi Clinic,clinic,clinic,,,,,,,medium
hospitals,7820874272,node,12.867578,80.0674859,Krithic Dental Care,dentist,dentist,,,,,,,medium
hospitals,7820874273,node,12.84935,80.141738,Kathir Memorial Hospital,hospital,,,,,,,,medium
hospitals,7820874274,node,12.908513,80.094856,Prithvi Clinic,clinic,clinic,,,,,,,medium
hospitals,7820874275,node,12.8487115,80.0634034,Biswas Clinic,clinic,clinic,,,,,,,medium
hospitals,7820874276,node,12.817871,80.2221711,Punarjeevan Hospital,hospital,hospital,,,,,,,medium
hospitals,7820874277,node,12.8934752,80.0834234,Accupuncture Clinic,clinic,clinic,,,,,,,medium
hospitals,7820874278,node,12.8413152,80.0562967,Radiant Dental Care,dentist,dentist,,,,,,,medium
hospitals,7820874279,node,12.827101,80.166036,Sri Sai Clinic,clinic,,,,,,,,medium
hospitals,7820874280,node,12.8427807,80.0574582,K.S. Child Care Hospital,hospital,hospital,,,,,,,medium
hospitals,7820874281,node,12.8389063,80.0636321,Jaya Clinic,clinic,clinic,,,,,,,medium
hospitals,7820874282,node,12.8054378,80.224703,Thulasi Clinic Centre,clinic,clinic,,,,,,,medium
hospitals,7820874283,node,12.8054706,80.2247264,Padur Clinic,clinic,clinic,,,,,,,medium
hospitals,7820874284,node,12.8063158,80.2244216,Supreme Speciality Hospitals,hospital,hospital,,,,,,,medium
hospitals,7820874285,node,12.8820866,80.0765632,Sri Multi Speciality Homeopathy Clinic,hospital,hospital,,,,,,,medium
hospitals,7820874286,node,12.8410178,80.0570283,Shri Lakshmi Dental Care,dentist,dentist,,,,,,,medium
hospitals,7820874287,node,12.911081,80.0964005,Sri Raghav Child Care Centre,hospital,hospital,,,,,,,medium
hospitals,7820874288,node,12.8662405,80.0780594,Thalir Hospital,hospital,hospital,,,,,,,medium
hospitals,7820874289,node,12.8694008,80.0829085,Hosanna Hospital,hospital,,,,,,,,medium
hospitals,7820874290,node,12.8510492,80.0693519,Dr. T.J. Kishore Narayanan,doctors,doctor,,,,,,,medium
hospitals,7820874291,node,12.8276172,80.0738506,Vikvin Physiotherapy,clinic,,,,,,,,medium
hospitals,7820874292,node,12.8671807,80.0688182,Kaveri Clinic,clinic,clinic,,,,,,,medium
hospitals,7820874293,node,12.8065833,80.2244334,AKM ENT Clinic,clinic,,,,,,,,medium
hospitals,7820874294,node,12.8430963,80.0583147,Natural Smile A Complete Family Dental Clinic,dentist,dentist,,,,,,,medium
hospitals,7820874295,node,12.8469882,80.0629364,Ortho and Neuro Physiotherapy Clinic,clinic,clinic,,,,,,,medium
hospitals,7821906812,node,12.9285127,80.1139064,Sanjeevi's Ayush Hospital,hospital,hospital,,,,,,,medium
hospitals,7821906813,node,12.9286041,80.1318966,Sai Suguna Dental and Physiotherapy Clinic,dentist,dentist,,,,,,,medium
hospitals,7821906814,node,12.9252184,80.1125391,AG Multi Speciality Hospital,hospital,hospital,,,,,,,medium
hospitals,7821906815,node,12.9258135,80.1018282,AJ Multi Speciality Dental Clinic,dentist,dentist,,,,,,,medium
hospitals,7821906816,node,12.937008,80.139316,Sri Brinda Clinic,clinic,clinic,,,,,,,medium
hospitals,7821906817,node,12.9274606,80.1143405,N S Hospital,hospital,hospital,,,,,,,medium
hospitals,7821906818,node,12.9229899,80.1105058,Dr. B.A. Tulasiram,doctors,doctor,,,,,,,medium
hospitals,7821906819,node,12.93059,80.13524,Shaz Clinic,clinic,clinic,,,,,,,medium
hospitals,7821906820,node,12.9372891,80.1390198,Dr. Sathish Kumar Institute Of Child Health and Hospital for Children,hospital,hospital,,,,,,,medium
hospitals,7821906821,node,12.928811,80.1304281,Dr. K.N Shahitha,doctors,doctor,,,,,,,medium
hospitals,7821906822,node,12.9262006,80.1107588,Dr. Nandakumaran,doctors,doctor,,,,,,,medium
hospitals,7821906823,node,12.928811,80.1305993,Skin Clinic,clinic,clinic,,,,,,,medium
hospitals,7821906824,node,12.9238952,80.1290919,Mano ENT and Skull Base Surgery Clinic,clinic,clinic,,,,,,,medium
hospitals,7821906825,node,12.9349952,80.1257351,Peeram Hospital Private Limited,hospital,hospital,,,,,,,medium
hospitals,7821906826,node,12.9368061,80.1399708,Smile Craftz Dental Centre,dentist,dentist,,,,,,,medium
hospitals,7821906827,node,12.9334577,80.1324104,Dr. Rangarajan Clinic,clinic,clinic,,,,,,,medium
hospitals,7821906828,node,12.935986,80.1247473,Prabhu Clinic,clinic,clinic,,,,,,,medium
hospitals,7821906829,node,12.9258811,80.1065962,Nalam Clinic,clinic,clinic,,,,,,,medium
hospitals,7821906830,node,12.9274239,80.1315697,SI Dental Care,dentist,dentist,,,,,,,medium
hospitals,7821906831,node,12.932112,80.1300926,Sri Satya Sai Homeo Clinic,clinic,clinic,,,,,,,medium
hospitals,7821906832,node,12.9361226,80.1238348,Saaol Heart Centre,hospital,hospital,,,,,,,medium
hospitals,7821906833,node,12.9268544,80.1128394,Dr. Seshagiri Clinic,clinic,clinic,,,,,,,medium
hospitals,7821906834,node,12.929311,80.118892,PK Multi Speciality Hospital,hospital,hospital,,,,,,,medium
hospitals,7821906835,node,12.934103,80.1323567,Deepak Multi Speciality Clinic,clinic,clinic,,,,,,,medium
hospitals,7821906836,node,12.9305296,80.1185855,Jyothi Siddha Ayurveda Hospital,hospital,hospital,,,,,,,medium
hospitals,7821906837,node,12.923229,80.097237,LPR Hospital,hospital,hospital,,,,,,,medium
hospitals,7821906838,node,12.923808,80.128158,Shri Adithya Ayurveda Clinic,clinic,clinic,,,,,,,medium
hospitals,7821906839,node,12.92446,80.099718,Usha Women and Child Clinic,clinic,clinic,,,,,,,medium
hospitals,7821906840,node,12.9291489,80.1289842,Priyam Clinic,clinic,clinic,,,,,,,medium
hospitals,7821906841,node,12.9257612,80.1271659,Amrita Homeopathy Speciality Clinic,clinic,clinic,,,,,,,medium
hospitals,7821906842,node,12.9264853,80.1026633,Sarjana Hospital,hospital,hospital,,,,,,,medium
hospitals,7821906843,node,12.9259119,80.1271937,Dr. Amarnathan's Dental Clinic,dentist,dentist,,,,,,,medium
hospitals,7821906844,node,12.9317802,80.1171508,Anbu Clinic,clinic,clinic,,,,,,,medium
hospitals,7821906845,node,12.9226874,80.1281744,Dr. Ashok Tyagarajan Clinic,clinic,clinic,,,,,,,medium
hospitals,7821906846,node,12.9373975,80.1368382,Community Health Centre,,centre,,,,,,,medium
hospitals,7821906847,node,12.9278018,80.1037467,ARZT Health Care,clinic,clinic,,,,,,,medium
hospitals,7821906848,node,12.9267246,80.1118726,Saraswati Dental Care,dentist,dentist,,,,,,,medium
hospitals,7821906849,node,12.9233992,80.1258893,Radiant Dental Care,dentist,dentist,,,,,,,medium
hospitals,7821906850,node,12.9373893,80.1421519,Dr. Vijay Kumar,doctors,doctor,,,,,,,medium
hospitals,7821906851,node,12.9267062,80.1043215,Rajan Physiotherapy Clinic,clinic,clinic,,,,,,,medium
hospitals,7821906852,node,12.9283314,80.1291024,Sai Clinic,clinic,clinic,,,,,,,medium
hospitals,7821906853,node,12.9293353,80.1131889,Sree Devi Hospital,hospital,hospital,,,,,,,medium
hospitals,7821906854,node,12.9260089,80.111206,Nalayani Endoscopic ENT Clinic,clinic,clinic,,,,,,,medium
hospitals,7821906855,node,12.9227892,80.1281937,Jawahar Hospital,hospital,hospital,,,,,,,medium
hospitals,7821906856,node,12.9313644,80.118011,Amudha Physiotherapy and Sports Injury Clinic,clinic,clinic,,,,,,,medium
hospitals,7821906857,node,12.9340178,80.1236737,Ramana Child Hospital,hospital,hospital,,,,,,,medium
hospitals,7821906858,node,12.9239283,80.1280388,Arya Vaidya Shala,hospital,hospital,,,,,,,medium
hospitals,7821906859,node,12.9323992,80.1195168,Dr. Mehta Hospital,hospital,hospital,,,,,,,medium
hospitals,7821906860,node,12.9301271,80.1195747,Seshagiri Hospital,hospital,hospital,,,,,,,medium
hospitals,7821906861,node,12.9292541,80.117767,Udhayam Maternity and General Hospital,hospital,hospital,,,,,,,medium
hospitals,7821906862,node,12.9261301,80.1059731,Children Care Centre,hospital,hospital,,,,,,,medium
hospitals,7821906863,node,12.9253206,80.1270372,Madhu Hospital,hospital,hospital,,,,,,,medium
hospitals,7821906864,node,12.9234022,80.1292693,Vithagan Health Care Hospital,hospital,hospital,,,,,,,medium
hospitals,7821906865,node,12.929717,80.1178291,"Kathir Ortho, Neuro, Spine and Physiotherapy Clinic",clinic,clinic,,,,,,,medium
hospitals,7821906866,node,12.925426,80.10622,Arul Hospital,hospital,hospital,,,,,,,medium
hospitals,7821906867,node,12.9315748,80.14016,Dr. Kayal Subburam Health Clinic,clinic,clinic,,,,,,,medium
hospitals,7821906868,node,12.9264826,80.1117834,A.G Hospital,hospital,hospital,,,,,,,medium
hospitals,7821906869,node,12.9243823,80.1061223,Apollo Hospital,hospital,hospital,,,,,,,medium
hospitals,7821906870,node,12.927009,80.112842,Balaji Cosmetic and Dental Clinic,dentist,dentist,,,,,,,medium
hospitals,7821906871,node,12.9264209,80.1078215,Parvathy Ortho Hospital,hospital,hospital,,,,,,,medium
hospitals,7821906872,node,12.9299029,80.117029,Dharani Clinic,clinic,clinic,,,,,,,medium
hospitals,7821906873,node,12.9269893,80.1137446,N.L Poly Clinic,clinic,clinic,,,,,,,medium
hospitals,7821906874,node,12.9257314,80.1074048,Dr. G. Malathi,doctors,doctor,,,,,,,medium
hospitals,7821906875,node,12.9297534,80.1390785,Herbal Clinic,clinic,clinic,,,,,,,medium
hospitals,7821906876,node,12.9255619,80.1141393,Rainbow Women and Children's Hospital,hospital,hospital,,,,,,,medium
hospitals,7821906877,node,12.9347115,80.1400661,A K Clinic,clinic,clinic,,,,,,,medium
hospitals,7821906878,node,12.915544,80.127151,Daya Speciality Clinic,clinic,clinic,,,,,,,medium
hospitals,7821906879,node,12.927288,80.112985,Elmer Kidney Care,hospital,hospital,,,,,,,medium
hospitals,7821906880,node,12.936992,80.142459,Dr. Pradeep Ortho Clinic,clinic,clinic,,,,,,,medium
hospitals,7821906881,node,12.9296894,80.1297593,Clinic Get Well,clinic,clinic,,,,,,,medium
hospitals,7821906882,node,12.9302553,80.1393013,Shivam Clinic,clinic,clinic,,,,,,,medium
hospitals,7821906883,node,12.934364,80.138685,Dr. Venkatraman,doctors,doctor,,,,,,,medium
hospitals,7821906884,node,12.9306784,80.1280886,Dr. Thamarai's Dental Care,dentist,dentist,,,,,,,medium
hospitals,7821906885,node,12.9254621,80.1047036,Dr. K. Srinivasan Clinic,clinic,clinic,,,,,,,medium
hospitals,7821906886,node,12.932104,80.129737,A.I. Dental Care and Facio Maxillary Centre,dentist,dentist,,,,,,,medium
hospitals,7821906887,node,12.9279511,80.1152234,Sri Jayam Hospital,hospital,hospital,,,,,,,medium
hospitals,7821906888,node,12.9271491,80.1131733,Saravana Dental Hospital,dentist,dentist,,,,,,,medium
hospitals,7821906889,node,12.9249694,80.1121876,Raindew Hospital,hospital,hospital,,,,,,,medium
hospitals,7821906890,node,12.9356447,80.142515,Lakshmi Nursing Home,clinic,clinic,,,,,,,medium
hospitals,7821906891,node,12.9238573,80.128523,Dr. R. Thiruthali Nathan Clinic,clinic,clinic,,,,,,,medium
hospitals,7821906892,node,12.9225987,80.1280627,M.J. Hospital,hospital,hospital,,,,,,,medium
hospitals,7821906893,node,12.9270162,80.1136956,Eye Clinic,clinic,clinic,,,,,,,medium
hospitals,7821906894,node,12.9302816,80.1175824,Sudar Hospital,hospital,hospital,,,,,,,medium
hospitals,7821906895,node,12.9233238,80.1270401,Sai Vijay Ayurvedic Herbal Health Care,hospital,hospital,,,,,,,medium
hospitals,7821906896,node,12.9286483,80.1316029,Jordan Ayur Care Clinic,clinic,clinic,,,,,,,medium
hospitals,7821906897,node,12.9368106,80.142673,MSR Dentistry,dentist,dentist,,,,,,,medium
hospitals,7821906898,node,12.9230894,80.130314,Usha Clinic,clinic,clinic,,,,,,,medium
hospitals,7821906899,node,12.9274021,80.1122022,Hema Child Clinic,clinic,clinic,,,,,,,medium
hospitals,7821906900,node,12.9336075,80.1323938,Jains Clinic,clinic,clinic,,,,,,,medium
hospitals,7821906901,node,12.9352442,80.1255855,L S Dental Clinic,dentist,dentist,,,,,,,medium
hospitals,7821906902,node,12.9226905,80.1299031,Venkateshwara Siddhartha Clinic,clinic,clinic,,,,,,,medium
hospitals,7821906903,node,12.9370716,80.1394473,Manimegalai Hospital,hospital,hospital,,,,,,,medium
hospitals,7821906904,node,12.9266108,80.1312816,Seethalakshmi Dental Care,dentist,dentist,,,,,,,medium
hospitals,7821906905,node,12.9305925,80.118488,K.K. Eye Health Care and Research Centre,clinic,clinic,,,,,,,medium
hospitals,7821906906,node,12.9261078,80.1060872,Rajarajan Venkateshan Hospital,hospital,hospital,,,,,,,medium
hospitals,7821906907,node,12.9309721,80.1071121,Dhanwanthralaya Ayurveda Speciality Hospital,hospital,hospital,,,,,,,medium
hospitals,7821906908,node,12.926297,80.11211,Dhanwantralaya,hospital,hospital,,,,,,,medium
hospitals,7821906909,node,12.9268774,80.1131365,Sai Dental Care,dentist,dentist,,,,,,,medium
hospitals,7822259982,node,12.9146216,80.1945162,Radha Nantha Homeo Clinic,clinic,clinic,,,,,,,medium
hospitals,7822259983,node,12.9151632,80.1790739,Orange Physiotherapy and Pain Relief Clinic,clinic,clinic,,,,,,,medium
hospitals,7822259984,node,12.9163865,80.1789307,Deepam Rehabilitation Centre,hospital,hospital,,,,,,,medium
hospitals,7822259985,node,12.9428602,80.2370143,Sri Kumaran Clinic,clinic,,,,,,,,medium
hospitals,7822259986,node,12.9044723,80.216804,HCL Health Care,hospital,hospital,,,,,,,medium
hospitals,7822259987,node,12.9082585,80.1570082,Ganesh Hospital,hospital,,,,,,,,medium
hospitals,7822259988,node,12.916822,80.1940932,Subasree Hospital,hospital,hospital,,,,,,,medium
hospitals,7822259989,node,12.9347551,80.2327258,Jayadeva Fertility Centre and Women's Hospital,clinic,clinic,,,,,,,medium
hospitals,7822259990,node,12.9458692,80.2361968,GV's Good Health Centre,clinic,,,,,,,,medium
hospitals,7822259991,node,12.9178805,80.1874461,Kanmani Children Clinic,clinic,clinic,,,,,,,medium
hospitals,7822259992,node,12.8948311,80.2233057,Centre For Vision and Eye Surgery,hospital,,,,,,,,medium
hospitals,7822259993,node,12.9113075,80.1962603,Kavi Dental Clinic,dentist,dentist,,,,,,,medium
hospitals,7822259994,node,12.9110988,80.1564526,Jaya ENT Clinic,clinic,,,,,,,,medium
hospitals,7822259995,node,12.912214,80.229384,Shri Sai Children's Hospital and Dental Clinic,hospital,hospital,,,,,,,medium
hospitals,7822259996,node,12.933657,80.233537,Sara Skin Clinic,clinic,clinic,,,,,,,medium
hospitals,7822259997,node,12.9163132,80.1902143,Anto Speciality Clinic,clinic,,,,,,,,medium
hospitals,7822259998,node,12.9338927,80.2355344,Eashwar Multispeciality Clinic,clinic,clinic,,,,,,,medium
hospitals,7822259999,node,12.9142526,80.1823512,Homeopathic Clinic,clinic,,,,,,,,medium
hospitals,7822260000,node,12.9131433,80.1918203,Rithika Netralaya Eye Clinic,clinic,clinic,,,,,,,medium
hospitals,7822260001,node,12.9178242,80.190331,Sri Balaji Hospital,hospital,hospital,,,,,,,medium
hospitals,7822260002,node,12.9145269,80.1538261,Santhosh Family Clinic,clinic,,,,,,,,medium
hospitals,7822260003,node,12.9153721,80.1530485,Lakshminarayan Clinic,clinic,,,,,,,,medium
hospitals,7822260004,node,12.9069075,80.2026845,S.V. Hospital,hospital,,,,,,,,medium
hospitals,7822260005,node,12.9114303,80.1563114,Bethel Hospital,hospital,,,,,,,,medium
hospitals,7822260006,node,12.9020392,80.2326608,Tharamai Child Care Clinic,clinic,clinic,,,,,,,medium
hospitals,7822260007,node,12.9186472,80.1712083,Sai Babaji's Accupuncture Centre,hospital,hospital,,,,,,,medium
hospitals,7822260008,node,12.9150815,80.2297731,Apollo White Dental Clinic and Hospital,dentist,dentist,,,,,,,medium
hospitals,7822260009,node,12.9319677,80.2326252,SV Hospital,hospital,hospital,,,,,,,medium
hospitals,7822260010,node,12.9337566,80.2331464,Apollo Clinic,clinic,clinic,,,,,,,medium
hospitals,7822260011,node,12.9233066,80.153003,Shanthi General Hospital,hospital,hospital,,,,,,,medium
hospitals,7822260012,node,12.8994432,80.228171,Dr. Nithiya Clinic,clinic,clinic,,,,,,,medium
hospitals,7822260013,node,12.9255834,80.1495551,Vishwapraja Clinic,clinic,clinic,,,,,,,medium
hospitals,7822260014,node,12.9194752,80.1711373,Smile and Shine Dental Clinic,dentist,dentist,,,,,,,medium
hospitals,7822260015,node,12.924333,80.151639,Lakshana Ortho Centre,clinic,,,,,,,,medium
hospitals,7822260016,node,12.9123221,80.192466,Karthick Children's Hospital,hospital,hospital,,,,,,,medium
hospitals,7822260017,node,12.9149784,80.1948032,Arun Hospital,hospital,hospital,,,,,,,medium
hospitals,7822260018,node,12.9131978,80.1915965,Radial Ortho Speciality Hospital,hospital,hospital,,,,,,,medium
hospitals,7822260019,node,12.9169604,80.1706796,Lakshmi Dental Clinic,dentist,dentist,,,,,,,medium
hospitals,7822260020,node,12.9424446,80.2397616,Rayar Clinic,clinic,,,,,,,,medium
hospitals,7822260021,node,12.9498749,80.2381651,Jayam Hospital,hospital,,,,,,,,medium
hospitals,7822260022,node,12.9164281,80.1939427,Dr. Hema's Skin and Hair Clinic,clinic,clinic,,,,,,,medium
hospitals,7822260023,node,12.9162911,80.1747091,Vaibhav Dental Care,dentist,dentist,,,,,,,medium
hospitals,7822260024,node,12.9144308,80.194535,U.P. Clinic,clinic,clinic,,,,,,,medium
hospitals,7822260025,node,12.9164866,80.1896622,Maternity and Child Care Hospital,hospital,hospital,,,,,,,medium
hospitals,7822260026,node,12.9162677,80.1921012,Green Land Heart Care Clinic,clinic,clinic,,,,,,,medium
hospitals,7822260027,node,12.9087161,80.1571623,Sanjeevi's Ayurveda Therapy Centre,hospital,,,,,,,,medium
hospitals,7822260028,node,12.9334179,80.2344666,H.K. Clinic,clinic,clinic,,,,,,,medium
hospitals,7822260030,node,12.9095,80.156688,Jeevan Clinic,clinic,,,,,,,,medium
hospitals,7822260032,node,12.9150069,80.1929516,Shri Balaji Diabetes Hospital,hospital,hospital,,,,,,,medium
hospitals,7822260033,node,12.9402236,80.2412342,Dhanvantri Multi Speciality,hospital,,,,,,,,medium
hospitals,7822260034,node,12.912552,80.161282,Ramana Siddha Clinic,clinic,,,,,,,,medium
hospitals,7822260035,node,12.9008257,80.2268213,Mr. and Mrs. Tooth Dental Hospital,dentist,dentist,,,,,,,medium
hospitals,7822260038,node,12.9184999,80.1892056,Annai Teresa Hospital,hospital,hospital,,,,,,,medium
hospitals,7822260039,node,12.9188404,80.1874984,Dr. Kamakshi Multi Speciality Clinic,clinic,clinic,,,,,,,medium
hospitals,7822260040,node,12.9073656,80.1571273,Government Hospital,hospital,,,,,,,,medium
hospitals,7822260041,node,12.9171051,80.1912712,Xpressions Dental Hospital,dentist,dentist,,,,,,,medium
hospitals,7822260042,node,12.920547,80.155718,Primary Health Centre,,centre,,,,,,,medium
hospitals,7822260043,node,12.918236,80.1525123,Prayoga Hospital,hospital,,,,,,,,medium
hospitals,7822260044,node,12.9011793,80.2286,Swaram Hospital and Speciality Clinic,hospital,hospital,,,,,,,medium
hospitals,7822260045,node,12.9124579,80.1965795,Urban Primary Health Centre,,centre,,,,,,,medium
hospitals,7822260046,node,12.9330206,80.2345155,Angel Child Clinic,clinic,clinic,,,,,,,medium
hospitals,7822260047,node,12.9161405,80.1903834,"Neurologist, Praveen Chander Clinic",clinic,clinic,,,,,,,medium
hospitals,7822260048,node,12.9136451,80.2321791,Cure and Care Family Clinic,clinic,clinic,,,,,,,medium
hospitals,7822260049,node,12.9111935,80.1963279,Danta Raksha Dental Clinic,dentist,dentist,,,,,,,medium
hospitals,7822260050,node,12.915688,80.190125,Dr. S. Arul Anne Rose,doctors,doctor,,,,,,,medium
hospitals,7822260051,node,12.9072738,80.2027359,C-Dot Hospital,hospital,,,,,,,,medium
hospitals,7822260052,node,12.9194652,80.1716769,32 Dental Care,dentist,dentist,,,,,,,medium
hospitals,7822260053,node,12.9153217,80.1792023,Dr. Prabha Dental Clinic,dentist,dentist,,,,,,,medium
hospitals,7822260054,node,12.9006729,80.2283278,KL Hospital,hospital,hospital,,,,,,,medium
hospitals,7822260055,node,12.9167105,80.1921463,Mugavari Eye Hospital and Research Institute,hospital,hospital,,,,,,,medium
hospitals,7822260056,node,12.9060064,80.2072713,Global Hospital,hospital,hospital,,,,,,,medium
hospitals,7822260057,node,12.9176778,80.170739,Jeeva Clinic,clinic,clinic,,,,,,,medium
hospitals,7822543394,node,12.9561969,80.1338146,Anbu Multi Speciality Clinic,clinic,clinic,,,,,,,medium
hospitals,7822543395,node,12.9383762,80.1725401,Avinash Ortho Hospital,hospital,,,,,,,,medium
hospitals,7822543396,node,12.9497553,80.1426332,Swathi Clinic,clinic,clinic,,,,,,,medium
hospitals,7822543397,node,12.9473369,80.1467822,Dr. Kengadevi Nambiraj Clinic,clinic,clinic,,,,,,,medium
hospitals,7822543398,node,12.9388007,80.1792831,Om Sakti Clinic,clinic,clinic,,,,,,,medium
hospitals,7822543399,node,12.9502691,80.1513316,Kavitha Ortho and Multi Speciality Hospital,hospital,hospital,,,,,,,medium
hospitals,7822543400,node,12.9571597,80.141249,Dr. Kavya Dental Clinic,dentist,dentist,,,,,,,medium
hospitals,7822543401,node,12.9393531,80.1823041,Kumaran Dental Centre,dentist,dentist,,,,,,,medium
hospitals,7822543402,node,12.955108,80.131944,Dr. Gomathi Hospital,hospital,hospital,,,,,,,medium
hospitals,7822543403,node,12.9208368,80.2015489,Sri Vinayaga Clinic,clinic,,,,,,,,medium
hospitals,7822543404,node,12.9575583,80.1394665,Dr. Tamilarasan Clinic,clinic,clinic,,,,,,,medium
hospitals,7822543405,node,12.9460297,80.1471915,Bharathi Dental Clinic,dentist,dentist,,,,,,,medium
hospitals,7822543406,node,12.9549234,80.1340441,"Ray's Head, Neck Care Centre-ENT and Dental Clinic",hospital,hospital,,,,,,,medium
hospitals,7822543407,node,12.9392317,80.1823305,Dr. Abdul Wahadood,doctors,doctor,,,,,,,medium
hospitals,7822543408,node,12.9586767,80.1439954,The Perima Clinic,clinic,clinic,,,,,,,medium
hospitals,7822543409,node,12.9370245,80.1820574,Meena Clinic,clinic,clinic,,,,,,,medium
hospitals,7822543410,node,12.9548395,80.1334652,Dr. R. Prameela,doctors,doctor,,,,,,,medium
hospitals,7822543411,node,12.9308777,80.2078664,S.M Clinic,clinic,clinic,,,,,,,medium
hospitals,7822543412,node,12.951173,80.146919,Dr. Sujatha Accupuncture Clinic,clinic,clinic,,,,,,,medium
hospitals,7822543413,node,12.928255,80.202681,Cuticle Skin Care Clinic,clinic,clinic,,,,,,,medium
hospitals,7822543414,node,12.9388556,80.1758632,Mile Stone Dental Care,dentist,dentist,,,,,,,medium
hospitals,7822543415,node,12.934049,80.203583,Radial Ortho Clinic,clinic,clinic,,,,,,,medium
hospitals,7822543416,node,12.9462077,80.1399766,Sri Santhanakrishna Padmavati Health Care and Research Centre,hospital,hospital,,,,,,,medium
hospitals,7822543417,node,12.957374,80.1453708,Triveni Nursing Home,clinic,clinic,,,,,,,medium
hospitals,7822543418,node,12.948073,80.135929,Dr. Santhanam R,doctors,doctor,,,,,,,medium
hospitals,7822543419,node,12.940574,80.14892,V.V. Dental Clinic,dentist,dentist,,,,,,,medium
hospitals,7822543420,node,12.928455,80.2026963,Bethany Physiotherapy Centre,clinic,clinic,,,,,,,medium
hospitals,7822543421,node,12.935226,80.183132,Dr. Shakuntala Venkatesh Nursing Home,clinic,clinic,,,,,,,medium
hospitals,7822543422,node,12.9287243,80.2008099,Janya Child Clinic,clinic,,,,,,,,medium
hospitals,7822543423,node,12.9540623,80.1339845,Sri Venkateshwara Hospital,hospital,hospital,,,,,,,medium
hospitals,7822543424,node,12.9296419,80.2029589,Dr. Velmurugan Hospital,hospital,hospital,,,,,,,medium
hospitals,7822543425,node,12.926507,80.2017237,Shree's Women Speciality Clinic,clinic,,,,,,,,medium
hospitals,7822543426,node,12.9499064,80.1349811,Sri Ram Hospital,hospital,hospital,,,,,,,medium
hospitals,7822543427,node,12.9583302,80.1360407,Premalatha Clinic,clinic,clinic,,,,,,,medium
hospitals,7822543428,node,12.956757,80.142958,Vasan Dental Care,dentist,dentist,,,,,,,medium
hospitals,7822543429,node,12.952496,80.137893,Kidney Hospital and Diagnostic Centre,hospital,hospital,,,,,,,medium
hospitals,7822543430,node,12.9344546,80.1819961,AM Hospital,hospital,hospital,,,,,,,medium
hospitals,7822543431,node,12.9280018,80.2051951,Al-Aafiyah Clinic,clinic,clinic,,,,,,,medium
hospitals,7822543432,node,12.9448167,80.1303935,TB Hospital,hospital,hospital,,,,,,,medium
hospitals,7822543433,node,12.9575434,80.143138,HCG Cancer Centre,hospital,hospital,,,,,,,medium
hospitals,7822543434,node,12.9521949,80.1432074,Sayee Hospitals,hospital,hospital,,,,,,,medium
hospitals,7822543435,node,12.924912,80.2045196,Vinu's Smile Care Dental Clinic,dentist,dentist,,,,,,,medium
hospitals,7822543436,node,12.9485087,80.1469443,Ganga Devi Clinic,clinic,clinic,,,,,,,medium
hospitals,7822543437,node,12.9351033,80.1824847,Star Dental Care and Implant Centre,dentist,dentist,,,,,,,medium
hospitals,7822543438,node,12.9339688,80.2041509,Inbam Hospital,hospital,hospital,,,,,,,medium
hospitals,7822543439,node,12.9503116,80.1513212,Thanushika Hospital,hospital,hospital,,,,,,,medium
hospitals,7822543440,node,12.928347,80.202855,Kiruba Clinic,clinic,clinic,,,,,,,medium
hospitals,7822543441,node,12.958815,80.145051,ESI Dispensary,,centre,,,,,,,medium
hospitals,7822543442,node,12.9382376,80.2090817,Mangalaa Dental Clinic,dentist,dentist,,,,,,,medium
hospitals,7822543443,node,12.9551528,80.1448332,N.B Multi Speciality Dental Clinic,dentist,dentist,,,,,,,medium
hospitals,7822543444,node,12.9393514,80.1806898,Hindusthan Hospital,hospital,hospital,,,,,,,medium
hospitals,7822543445,node,12.935996,80.204033,Sneham Clinic,clinic,clinic,,,,,,,medium
hospitals,7822543446,node,12.9349376,80.1825784,Mother's Clinic,clinic,clinic,,,,,,,medium
hospitals,7822543447,node,12.9505932,80.1446637,Hima Bindhu Maternity Clinic,clinic,clinic,,,,,,,medium
hospitals,7822543448,node,12.9478556,80.1370503,Puthur Kattu,hospital,hospital,,,,,,,medium
hospitals,7822543449,node,12.9468913,80.1466231,Prasanna Dental Care,dentist,dentist,,,,,,,medium
hospitals,7822543450,node,12.9547249,80.1447551,Minks Homeo Clinic,clinic,clinic,,,,,,,medium
hospitals,7822543451,node,12.9478082,80.1582907,Urban Primary Health Centre,,centre,,,,,,,medium
hospitals,7822543452,node,12.9379829,80.1799993,RKP Hospital,hospital,hospital,,,,,,,medium
hospitals,7822543453,node,12.9575237,80.1443199,Aura Dentistry,dentist,dentist,,,,,,,medium
hospitals,7822543454,node,12.9438692,80.1550612,KP Clinic,clinic,clinic,,,,,,,medium
hospitals,7822543455,node,12.928263,80.200805,Muthu Multi Speciality Hospital and Pharmacy,hospital,hospital,,,,,,,medium
hospitals,7822543456,node,12.9267386,80.2017852,Dr. Kumarakrishnan,doctors,doctor,,,,,,,medium
hospitals,7822543457,node,12.9459331,80.1460789,Signature Smiles,dentist,dentist,,,,,,,medium
hospitals,7822543458,node,12.9347158,80.1825728,Dr. Bharati Eye Clinic,clinic,clinic,,,,,,,medium
hospitals,7822543459,node,12.960669,80.139703,Kokila Siddha Hospital,hospital,hospital,,,,,,,medium
hospitals,7822543460,node,12.9521469,80.1443271,Shyam Child Care Clinic,clinic,clinic,,,,,,,medium
hospitals,7822543461,node,12.9522733,80.1432799,Dr. S.K Naturals,clinic,clinic,,,,,,,medium
hospitals,7822543462,node,12.9370118,80.1751576,Rekha Multi Speciality and Dental,dentist,dentist,,,,,,,medium
hospitals,7822543463,node,12.9519542,80.1450975,Ambe Clinic,clinic,clinic,,,,,,,medium
hospitals,7822543464,node,12.947995,80.136977,Suji Siddha Clinic,clinic,clinic,,,,,,,medium
hospitals,7822543465,node,12.9365802,80.1458769,Urban Primary Health Centre,,centre,,,,,,,medium
hospitals,7822543466,node,12.951829,80.1380888,Smriti's Clinic,clinic,clinic,,,,,,,medium
hospitals,7822543467,node,12.9503116,80.1382643,Chrompet Clinic,clinic,clinic,,,,,,,medium
hospitals,7822543468,node,12.9491605,80.1348885,Dr. Satyanarayan,doctors,doctor,,,,,,,medium
hospitals,7822543469,node,12.9544931,80.1439701,Thomas Health Care Centre,hospital,hospital,,,,,,,medium
hospitals,7822543470,node,12.957785,80.142752,Gold Dental,dentist,dentist,,,,,,,medium
hospitals,7822543471,node,12.935221,80.181802,Raj Joty Eye Hospital,hospital,hospital,,,,,,,medium
hospitals,7822543472,node,12.938565,80.2074694,Ramya Dental Clinic,dentist,dentist,,,,,,,medium
hospitals,7822543473,node,12.9357745,80.1444777,Jeyasri Physio Clinic,clinic,clinic,,,,,,,medium
hospitals,7822543474,node,12.9456384,80.1474374,Dr. Vasunsara Devi Clinic,clinic,clinic,,,,,,,medium
hospitals,7822543475,node,12.9486395,80.1575139,Sara Smile Care,dentist,dentist,,,,,,,medium
hospitals,7822543476,node,12.9504412,80.1458087,Care and Cure Physiotherapy Clinic,clinic,clinic,,,,,,,medium
hospitals,7822543477,node,12.9537198,80.143246,Sun Hospital,hospital,hospital,,,,,,,medium
hospitals,7822543478,node,12.9384139,80.1753876,Hariharan Clinic,clinic,clinic,,,,,,,medium
hospitals,7822543479,node,12.9427919,80.1380957,Dr. Fathima,doctors,doctor,,,,,,,medium
hospitals,7822543480,node,12.9351152,80.1469992,Kumar Dental and Maxillofacial Clinic,dentist,dentist,,,,,,,medium
hospitals,7822543481,node,12.95183,80.1454692,KGS Clinic,clinic,clinic,,,,,,,medium
hospitals,7822543482,node,12.9495249,80.1452951,Panacae Dental Care,dentist,dentist,,,,,,,medium
hospitals,7822543483,node,12.9423452,80.1411738,Sparkle Dent,dentist,dentist,,,,,,,medium
hospitals,7822543484,node,12.9520555,80.1372784,Apollo Hospitals,hospital,hospital,Apollo Hospitals,,,,,,medium
hospitals,7822543485,node,12.945721,80.136424,Dr. S. Venkatraman,doctors,doctor,,,,,,,medium
hospitals,7822543486,node,12.947177,80.1467621,C.N. Clinic,clinic,clinic,,,,,,,medium
hospitals,7822543487,node,12.9429329,80.1431628,David's Dental Clinic,dentist,dentist,,,,,,,medium
hospitals,7822543488,node,12.9467287,80.1342709,Dr. Devakanthan,doctors,doctor,,,,,,,medium
hospitals,7822543489,node,12.9531004,80.1440661,Shailaja Hospital,hospital,hospital,,,,,,,medium
hospitals,7822543490,node,12.9452437,80.140022,Dhanwantari Hospital,hospital,hospital,,,,,,,medium
hospitals,7822543491,node,12.954659,80.134998,Dr. Ashok Kumar Children's Hospital,hospital,hospital,,,,,,,medium
hospitals,7822543492,node,12.944771,80.148227,Agasthiar Siddha Herbal Health Clinic,clinic,clinic,,,,,,,medium
hospitals,7822543493,node,12.9520678,80.1447664,Shri Heart and Diabetes Care Clinic,clinic,clinic,,,,,,,medium
hospitals,7822543494,node,12.9384098,80.2053961,Delicare Clinic,clinic,clinic,,,,,,,medium
hospitals,7822543495,node,12.9545155,80.1346704,Dr. Senthilnathan,doctors,doctor,,,,,,,medium
hospitals,7822543496,node,12.9393529,80.1831056,Dr. R. Karu Shanmuga Karthik's Bone Joint and Spine Clinic,clinic,clinic,,,,,,,medium
hospitals,7822543497,node,12.9513527,80.1381858,Mahalakshmi Clinic,clinic,clinic,,,,,,,medium
hospitals,7822543498,node,12.9422406,80.1381022,Venus Accupoint,hospital,hospital,,,,,,,medium
hospitals,7822543499,node,12.9460715,80.1387322,Urban Health Centre,,centre,,,,,,,medium
hospitals,7822543500,node,12.9425452,80.1405737,Saraswathy Hospital,hospital,hospital,,,,,,,medium
hospitals,7822543501,node,12.9280452,80.199546,V Cure Hospital,hospital,hospital,,,,,,,medium
hospitals,7822543502,node,12.9569609,80.1424509,Al Elaj Accupressure and Health Centre,hospital,hospital,,,,,,,medium
hospitals,7822543503,node,12.9524445,80.1442788,Mano Dental Clinic and Implant Centre,dentist,dentist,,,,,,,medium
hospitals,7822543504,node,12.9453804,80.1360825,Thyrocare,clinic,clinic,,,,,,,medium
hospitals,7822543505,node,12.933726,80.1811973,V.S. Hospital,hospital,hospital,,,,,,,medium
hospitals,7822543506,node,12.942216,80.140802,Smile Solutions Dental Clinic,dentist,dentist,,,,,,,medium
hospitals,7822543507,node,12.9505323,80.1436471,Bhavithra Dental Clinic,dentist,dentist,,,,,,,medium
hospitals,7822543508,node,12.9358348,80.1636984,Child Care Clinic. Dr. Krithika,clinic,,,,,,,,medium
hospitals,7822543509,node,12.934834,80.213342,Sathish Clinic,clinic,clinic,,,,,,,medium
hospitals,7822543510,node,12.9576893,80.1429026,Daisy Hospitals,hospital,hospital,,,,,,,medium
hospitals,7822543511,node,12.9555946,80.133598,Shri Sarvesh Fertility and Childcare Clinic,clinic,clinic,,,,,,,medium
hospitals,7822543512,node,12.942584,80.140286,Gayatri ENT Clinic,clinic,clinic,,,,,,,medium
hospitals,7823212556,node,12.9734407,80.1388275,Dr. Bhuvaneshwari,doctors,doctor,,,,,,,medium
hospitals,7823212557,node,12.9686121,80.1454769,Al Shifa Cupping Clinic,clinic,clinic,,,,,,,medium
hospitals,7823212558,node,12.997602,80.0954018,Dr. G. Mohan,doctors,doctor,,,,,,,medium
hospitals,7823212559,node,12.9753651,80.2543198,Shakthi Hospital,hospital,hospital,,,,,,,medium
hospitals,7823212560,node,13.0214884,80.166537,Best Laser Dental Clinic,dentist,dentist,,,,,,,medium
hospitals,7823212561,node,12.9712805,80.132333,Chennai Emergency Care Centre,hospital,hospital,,,,,,,medium
hospitals,7823212562,node,12.9719872,80.1407516,JIP Hospital,hospital,hospital,,,,,,,medium
hospitals,7823212563,node,12.9762353,80.2595769,Sara Dental Care,dentist,dentist,,,,,,,medium
hospitals,7823212565,node,12.9728845,80.2604704,Dani Physio Clinic,clinic,clinic,,,,,,,medium
hospitals,7823212566,node,12.9912484,80.1005738,Health Sub Centre,,centre,,,,,,,medium
hospitals,7823212567,node,12.9668133,80.144778,Dr. Habeb Child Care Hospital,hospital,hospital,,,,,,,medium
hospitals,7823212568,node,13.0243553,80.1714555,Padmavathi Dental Care,dentist,dentist,,,,,,,medium
hospitals,7823212569,node,12.9981038,80.0955575,Sri Jaya Hospital,hospital,hospital,,,,,,,medium
hospitals,7823212570,node,12.9757686,80.2590077,Hale and Healthy Hospitals,hospital,hospital,,,,,,,medium
hospitals,7823212571,node,12.9752589,80.2594925,Noble Super Speciality Clinic,clinic,clinic,,,,,,,medium
hospitals,7823212572,node,12.9753853,80.2555078,Turiya Care,clinic,clinic,,,,,,,medium
hospitals,7823212573,node,13.0087475,80.1937172,Rathna Hospital,hospital,hospital,,,,,,,medium
hospitals,7823212574,node,12.9988186,80.0953268,Dr. Ravi Kumar Ortho Clinic,clinic,clinic,,,,,,,medium
hospitals,7823212575,node,13.034339,80.1104925,Deen Hospital,hospital,,,,,,,,medium
hospitals,7823212576,node,13.0036449,80.2030844,S.S. Hospital,hospital,hospital,,,,,,,medium
hospitals,7823212577,node,12.997158,80.0965483,Sivanthi Heart Care,hospital,hospital,,,,,,,medium
hospitals,7823212578,node,12.9789547,80.0536595,Gunam Hospital,hospital,,,,,,,,medium
hospitals,7823212579,node,13.0017797,80.2033269,Dhanraj Hospital,hospital,hospital,,,,,,,medium
hospitals,7823212580,node,12.9701253,80.1414713,Dental Hospital,dentist,dentist,,,,,,,medium
hospitals,7823212581,node,13.0164671,80.1772853,Nalam Hospital,hospital,,,,,,,,medium
hospitals,7823212582,node,12.974187,80.132151,Nithilam Dental Clinic,dentist,dentist,,,,,,,medium
hospitals,7823212583,node,12.9699839,80.1464124,Women's Health Clinic,clinic,clinic,,,,,,,medium
hospitals,7823212584,node,12.997309,80.0960119,Nalan Dental Hospital,dentist,dentist,,,,,,,medium
hospitals,7823212585,node,12.9970497,80.0965283,Vijay Ortho and Eye Clinic,clinic,clinic,,,,,,,medium
hospitals,7823212586,node,12.9731115,80.131336,Lakshmi Siddha Clinic,clinic,,,,,,,,medium
hospitals,7823212587,node,12.973474,80.1307991,Chennai Hospital,hospital,hospital,,,,,,,medium
hospitals,7823212588,node,13.0154658,80.1838246,Healthwise Clinic,clinic,,,,,,,,medium
hospitals,7823212589,node,12.9717549,80.1420392,KS Women Wellness Centre and ENT Clinic,clinic,clinic,,,,,,,medium
hospitals,7823212590,node,12.9724607,80.1390982,Dr. Ramesh Chennai Surgery Clinic and Kidney Stone Centre,clinic,clinic,,,,,,,medium
hospitals,7823212591,node,13.0358366,80.1346656,Indhu Siddha Ayurveda Clinic,clinic,,,,,,,,medium
hospitals,7823212592,node,12.9989041,80.0949732,Sri Nageshwara ENT Clinic,clinic,clinic,,,,,,,medium
hospitals,7823212593,node,12.9954309,80.0964106,Dr. Satya's Physiotherapy Clinic,clinic,clinic,,,,,,,medium
hospitals,7823212594,node,12.9998914,80.0975431,Lakshmi Homeo Care Clinic,clinic,clinic,,,,,,,medium
hospitals,7823212595,node,12.9785202,80.1364766,Nilaa Women's Care Clinic,clinic,clinic,,,,,,,medium
hospitals,7823212596,node,12.9976762,80.0950303,Illavenil Accupuncture Clinic,clinic,clinic,,,,,,,medium
hospitals,7823212597,node,13.0371387,80.1121067,Indra Clinic,clinic,,,,,,,,medium
hospitals,7823212598,node,12.9653707,80.2591196,Dr. Aleem's Homoeo Clinic,clinic,clinic,,,,,,,medium
hospitals,7823212600,node,12.9724364,80.1403695,Dr. Raja Sudarshan,doctors,doctor,,,,,,,medium
hospitals,7823212601,node,12.9904869,80.0942602,Ayyappa Clinic,clinic,,,,,,,,medium
hospitals,7823212602,node,13.0028361,80.1033642,Sai Mind Care,clinic,,,,,,,,medium
hospitals,7823212603,node,12.9738819,80.1315486,Deenan Health Care,hospital,hospital,,,,,,,medium
hospitals,7823212604,node,12.9926964,80.0954888,Sri Lakshmi Child Care,clinic,,,,,,,,medium
hospitals,7823212605,node,12.9723763,80.1396754,Dr. Chitra Ramesh Clinic,clinic,clinic,,,,,,,medium
hospitals,7823212606,node,12.9757761,80.1327778,Divine Clinic,clinic,clinic,,,,,,,medium
hospitals,7823212607,node,12.9751423,80.2582571,Promed Hospital,hospital,hospital,,,,,,,medium
hospitals,7823212608,node,12.9971757,80.0978782,Dr. JRK Hospital,hospital,hospital,,,,,,,medium
hospitals,7823212609,node,12.9975885,80.0955218,Seetha Lakshmi Clinic,clinic,clinic,,,,,,,medium
hospitals,7823212610,node,12.9693629,80.2566138,Happy Clinic Hospital,hospital,hospital,,,,,,,medium
hospitals,7823212611,node,12.9730521,80.1373013,Dharani Clinic,clinic,clinic,,,,,,,medium
hospitals,7823212613,node,12.9726702,80.2595079,Smiles Nature Cure,clinic,clinic,,,,,,,medium
hospitals,7823212614,node,13.0100737,80.1141934,Primary Health Centre,,centre,,,,,,,medium
hospitals,7823212615,node,12.992368,80.1024046,Sashmi Care and Cure Homeopathic Clinic,clinic,,,,,,,,medium
hospitals,7823212616,node,12.9718921,80.1445381,Shadithya Hospital,hospital,hospital,,,,,,,medium
hospitals,7823212617,node,12.9930997,80.0955322,Yashwanth's Physiotherapy Clinic,clinic,,,,,,,,medium
hospitals,7823212618,node,12.9752991,80.1327573,Chirayu Dental Aesthetic Centre,dentist,dentist,,,,,,,medium
hospitals,7823212619,node,13.036466,80.186442,Sri Renga Clinic,clinic,,,,,,,,medium
hospitals,7823212620,node,12.9714095,80.1422589,Vaishnavi Dental Care Centre,dentist,dentist,,,,,,,medium
hospitals,7823212621,node,12.975069,80.133741,Bailey Opticals Eye Clinic,clinic,clinic,,,,,,,medium
hospitals,7823212622,node,12.9709386,80.1464761,Dr. Padam's Day Care Surgery Clinic,clinic,clinic,,,,,,,medium
hospitals,7823212623,node,13.0027883,80.207025,Jaya Sri Hospital,hospital,,,,,,,,medium
hospitals,7823212624,node,13.0441663,80.1364773,Kedar Hospital,hospital,,,,,,,,medium
hospitals,7823212626,node,12.9734658,80.255325,Zircon Dental Care,dentist,dentist,,,,,,,medium
hospitals,7823212627,node,12.999326,80.09726,Sugam Clinic,clinic,clinic,,,,,,,medium
hospitals,7823212628,node,12.9788234,80.05346,Sri Vigneshwara Poly Clinic,clinic,,,,,,,,medium
hospitals,7823212629,node,12.9785736,80.1363228,"Dermalaya, Skin & Hair Laser Clinic",clinic,clinic,,,,,,,medium
hospitals,7823212630,node,13.0372175,80.1136836,Sai Nursing Home and Maternity Hospital,hospital,,,,,,,,medium
hospitals,7823212631,node,13.003406,80.2063632,Kaanthi Makapperu Hospital,hospital,,,,,,,,medium
hospitals,7823212632,node,12.9718026,80.1388375,Re Active Physiotherapy Clinic,clinic,clinic,,,,,,,medium
hospitals,7823212633,node,12.9700475,80.1499015,Medforte Health Care,hospital,hospital,,,,,,,medium
hospitals,7823212634,node,12.9731545,80.1386876,KO's Skin and Hair Clinic,clinic,clinic,,,,,,,medium
hospitals,7823212635,node,12.979789,80.13867,Janakheshwari Dental Clinic,dentist,dentist,,,,,,,medium
hospitals,7823212636,node,12.9976488,80.0947282,Dr. Vanthana Suresh Clinic,clinic,clinic,,,,,,,medium
hospitals,7823212637,node,12.9710055,80.1338894,Sneha General Surgical Clinic,clinic,clinic,,,,,,,medium
hospitals,7823212638,node,12.9959933,80.0931972,Thanigai Medical & Clinic,clinic,,,,,,,,medium
hospitals,7823212639,node,12.9740036,80.1352422,Bright Dental Clinic,dentist,dentist,,,,,,,medium
hospitals,7823212640,node,12.97059,80.148318,Contonment Board General Hospital,hospital,hospital,,,,,,,medium
hospitals,7823415015,node,12.9829583,80.2539494,Sri Sai Clinic,clinic,clinic,,,,,,,medium
hospitals,7823415016,node,12.9962691,80.2638132,Shri Gurukrupa Clinic,clinic,clinic,,,,,,,medium
hospitals,7823415017,node,13.0221852,80.259708,Dr. Vasantha's Eye Clinic,clinic,clinic,,,,,,,medium
hospitals,7823415018,node,12.9956385,80.2660055,Synapse Pain and Spine Clinic,clinic,clinic,,,,,,,medium
hospitals,7823415019,node,13.0380247,80.2637952,Dr. S. Nambi,doctors,doctor,,,,,,,medium
hospitals,7823415020,node,12.9915347,80.2615046,Corporation Hospital,hospital,hospital,,,,,,,medium
hospitals,7823415021,node,12.978253,80.258947,Relief Dental Hospitals,hospital,hospital,,,,,,,medium
hospitals,7823415022,node,12.9960029,80.2630762,RR Clinic,clinic,clinic,,,,,,,medium
hospitals,7823415023,node,12.9954269,80.2682429,Dr. Baranee's Sukra Diabetes Care,clinic,clinic,,,,,,,medium
hospitals,7823415024,node,12.9846827,80.2553427,Coast Dental Clinic,dentist,dentist,,,,,,,medium
hospitals,7823415025,node,12.9866722,80.2622141,Best Siddha Clinic,clinic,clinic,,,,,,,medium
hospitals,7823415026,node,13.0297211,80.2606156,Sri Sarada Ayurveda Clinic,clinic,clinic,,,,,,,medium
hospitals,7823415027,node,12.9978756,80.2578474,Dr. Parvin,doctors,doctor,,,,,,,medium
hospitals,7823415028,node,12.996018,80.2616466,C.M. Dental Clinic,dentist,dentist,,,,,,,medium
hospitals,7823415029,node,13.0292453,80.2602795,Dr. Vasantha Clinic,clinic,clinic,,,,,,,medium
hospitals,7823415030,node,12.9863661,80.2601508,Drabaranam Pulmonology Clinic,clinic,clinic,,,,,,,medium
hospitals,7823415031,node,12.9796957,80.2595179,Jeeva ENT Clinic,clinic,clinic,,,,,,,medium
hospitals,7823415032,node,13.0544077,80.2779849,Dr. Vasanthi Clinic,clinic,clinic,,,,,,,medium
hospitals,7823415033,node,13.041251,80.267354,Accu Hospital,hospital,hospital,,,,,,,medium
hospitals,7823415034,node,12.9957433,80.2651165,Nathan Dental Clinic,dentist,dentist,,,,,,,medium
hospitals,7823415035,node,12.985598,80.2585613,Leela Eye Clinic,clinic,clinic,,,,,,,medium
hospitals,7823415036,node,12.9963121,80.2637162,The Homeo Clinic,clinic,clinic,,,,,,,medium
hospitals,7823415037,node,13.0512111,80.273209,Kalyani Hospital,hospital,hospital,,,,,,,medium
hospitals,7823415038,node,13.0375294,80.2658475,Dr. N. Sekar,clinic,clinic,,,,,,,medium
hospitals,7823415039,node,13.0397241,80.2685888,Ashwath Health Care,clinic,clinic,,,,,,,medium
hospitals,7823415040,node,12.9851111,80.2621275,Little Smiles Dental Clinic,dentist,dentist,,,,,,,medium
hospitals,7823415041,node,12.9947909,80.2617929,Dr. Suseela,doctors,doctor,,,,,,,medium
hospitals,7823415042,node,12.9962821,80.2641614,Jeyam Gastro Clinc,clinic,clinic,,,,,,,medium
hospitals,7823415043,node,12.9940564,80.2694554,Rekha Multispeciality Clinic,clinic,clinic,,,,,,,medium
hospitals,7823415044,node,12.9949549,80.2629482,The Chennai Speciality Clinic,clinic,clinic,,,,,,,medium
hospitals,7823415045,node,12.9790513,80.2584981,The Madras Pain Clinic,clinic,clinic,,,,,,,medium
hospitals,7823415046,node,13.042349,80.2664963,Sai Clinic,clinic,clinic,,,,,,,medium
hospitals,7823415047,node,12.9964001,80.2626006,Akshaya Poly Clinic,clinic,clinic,,,,,,,medium
hospitals,7823415048,node,13.0385371,80.2581929,Triveni Hospital,hospital,hospital,,,,,,,medium
hospitals,7823415049,node,12.986383,80.260187,SMK Hospital,hospital,hospital,,,,,,,medium
hospitals,7823415050,node,12.9969555,80.2582848,Dr. Prema Womens Clinic,clinic,clinic,,,,,,,medium
hospitals,7823415052,node,12.9978588,80.2585578,K.S. Subramanian Child Specialist,clinic,clinic,,,,,,,medium
hospitals,7823415053,node,12.9832651,80.2559655,Dr. Kavitha Iyer's Orthodontics & Dental Centre,clinic,clinic,,,,,,,medium
hospitals,7823415054,node,13.0013115,80.2572335,Dr. Vindhiya,doctors,doctor,,,,,,,medium
hospitals,7823415055,node,13.0532206,80.2726053,B.K. Clinic,clinic,clinic,,,,,,,medium
hospitals,7823415056,node,12.9916719,80.2624479,Uma Sankaran Siddha Hospital,hospital,hospital,,,,,,,medium
hospitals,7823415057,node,13.0318707,80.2595716,Sai Neuro Clinic,clinic,,,,,,,,medium
hospitals,7823415058,node,12.9815891,80.2643211,Vethathiri Maharishi Siddha Clinic,clinic,clinic,,,,,,,medium
hospitals,7823415059,node,13.0490602,80.2747953,Vasantha Hospital,hospital,hospital,,,,,,,medium
hospitals,7823415060,node,13.034819,80.2580026,Elixir Multi Speciality Centre,clinic,,,,,,,,medium
hospitals,7823415061,node,13.0454703,80.2668731,Orthomed Hospital,hospital,hospital,,,,,,,medium
hospitals,7823415063,node,12.994316,80.2661832,Akshi Vision Therapy,clinic,clinic,,,,,,,medium
hospitals,7823415064,node,12.9767853,80.2587762,Remedy Clinic,clinic,clinic,,,,,,,medium
hospitals,7823415065,node,13.0013494,80.258796,Mint Hospitals,hospital,hospital,,,,,,,medium
hospitals,7823415067,node,12.982038,80.261741,Sri Sai Homoeo Clinic,clinic,clinic,,,,,,,medium
hospitals,7823415068,node,13.0373228,80.2612955,Sri Sai Speciality Clinic,clinic,,,,,,,,medium
hospitals,7823415069,node,12.9867215,80.25497,R.R. Dental,dentist,dentist,,,,,,,medium
hospitals,7823415070,node,12.9774564,80.2589969,Dr. Suryakumari,doctors,doctor,,,,,,,medium
hospitals,7823415071,node,12.9964116,80.2642007,Nanthini Speciality Clinic,clinic,clinic,,,,,,,medium
hospitals,7823415072,node,12.9827116,80.2543207,Appasamy Pillai Bone Setting Clinic,clinic,clinic,,,,,,,medium
hospitals,7823415073,node,12.9812766,80.2638733,Tharu Clinic,clinic,clinic,,,,,,,medium
hospitals,7823415074,node,12.993602,80.2619646,Sujetha Clinic,clinic,clinic,,,,,,,medium
hospitals,7823415075,node,13.0386219,80.261844,Dr. M G Rajamanickam,doctors,doctor,,,,,,,medium
hospitals,7823415076,node,12.9802929,80.2594242,Dr. K.Chandra ENT Clinic,clinic,clinic,,,,,,,medium
hospitals,7823415077,node,13.037733,80.261316,Dr. Niraj Joshi,doctors,doctor,,,,,,,medium
hospitals,7823415078,node,12.996308,80.263583,Dr. Ubal Dhus,doctors,doctor,,,,,,,medium
hospitals,7823415079,node,12.9854883,80.2590444,Sri Saradha Eye Clinic,clinic,clinic,,,,,,,medium
hospitals,7823415080,node,13.039965,80.267691,Dr. G. Venkatakrishnan,doctors,doctor,,,,,,,medium
hospitals,7823415082,node,12.9790152,80.2566246,Sankara Dental Clinic,dentist,dentist,,,,,,,medium
hospitals,7823415083,node,13.0436591,80.2639406,Saanvi Fertility Centre Urology and Stone Centre,hospital,hospital,,,,,,,medium
hospitals,7823415084,node,13.0528771,80.2727865,The Crescent Hospital,hospital,hospital,,,,,,,medium
hospitals,7823415085,node,13.0428357,80.2620778,Chennai Urology Clinic,clinic,clinic,,,,,,,medium
hospitals,7823415086,node,13.0383898,80.2639336,Dr. Sridher,doctors,doctor,,,,,,,medium
hospitals,7823415087,node,13.0546321,80.2774772,Syma Hospital,hospital,hospital,,,,,,,medium
hospitals,7823415088,node,13.0547617,80.2756509,Sri Parthasarathy Hospital,hospital,hospital,,,,,,,medium
hospitals,7823415089,node,13.0374881,80.2678508,Children's Clinic,clinic,clinic,,,,,,,medium
hospitals,7823415090,node,12.9787624,80.2580809,Sreehareeyam Ayurveda,clinic,clinic,,,,,,,medium
hospitals,7823415091,node,12.9890173,80.2599586,Ashwini Hospital,hospital,hospital,,,,,,,medium
hospitals,7823415092,node,13.042006,80.2665,Vijayganga Speciality Care,clinic,clinic,,,,,,,medium
hospitals,7823415093,node,13.0554568,80.2771022,Homeopathy Clinic,clinic,clinic,,,,,,,medium
hospitals,7823415094,node,12.9956803,80.2692643,Jayam Polyclinic,clinic,clinic,,,,,,,medium
hospitals,7823776192,node,13.056806,80.199977,Revathi Child Care Clinic,clinic,clinic,,,,,,,medium
hospitals,7823776193,node,13.0398827,80.1936068,Aishwarya Clinic,clinic,clinic,,,,,,,medium
hospitals,7823776194,node,13.052893,80.20767,Spn Orthopaedic Clinic,clinic,clinic,,,,,,,medium
hospitals,7823776195,node,13.0588744,80.2424194,Clove Dental,dentist,dentist,,,,,,,medium
hospitals,7823776196,node,13.0549375,80.2068588,R.S. Hospital,hospital,hospital,,,,,,,medium
hospitals,7823776197,node,13.038873,80.192755,Arun Vijaya Hospitals,hospital,hospital,,,,,,,medium
hospitals,7823776198,node,13.055132,80.198496,Dr. Jayarajah M,doctors,doctor,,,,,,,medium
hospitals,7823776199,node,13.0624604,80.24239,Pranic Health,clinic,clinic,,,,,,,medium
hospitals,7823776200,node,13.051432,80.199068,Lakshana Physiotherapy,clinic,clinic,,,,,,,medium
hospitals,7823776201,node,13.0510076,80.1988337,R.K Dental Care,dentist,dentist,,,,,,,medium
hospitals,7823776202,node,13.0549333,80.1927695,Dr. V Mahadevan,doctors,doctor,,,,,,,medium
hospitals,7823776203,node,13.0522176,80.2056967,Prime Health Care Clinics,clinic,clinic,,,,,,,medium
hospitals,7823776204,node,13.0478238,80.1892231,Arun Dental Clinic,dentist,dentist,,,,,,,medium
hospitals,7823776205,node,13.0488672,80.1938731,Swathy Clinic,clinic,clinic,,,,,,,medium
hospitals,7823776206,node,13.0463215,80.1862225,Jayanthi Skin and Bone Care Clinic,clinic,clinic,,,,,,,medium
hospitals,7823776207,node,13.0385615,80.1959333,Anub Sivam Clinic,clinic,clinic,,,,,,,medium
hospitals,7823776208,node,13.0509757,80.2034981,Dr. J. Sarojini Homoeopathic Clinic,clinic,clinic,,,,,,,medium
hospitals,7823776209,node,13.0553167,80.2012868,C.M. Hospital,hospital,hospital,,,,,,,medium
hospitals,7823776210,node,13.0580674,80.1990412,Shri Sai Skin and Eye Clinic,clinic,clinic,,,,,,,medium
hospitals,7823776211,node,13.0489648,80.193165,Pulmo Care,clinic,clinic,,,,,,,medium
hospitals,7823776212,node,13.0393234,80.1931668,Sucha Eye Cure,clinic,clinic,,,,,,,medium
hospitals,7823776213,node,13.051996,80.204702,Shali Day & Night Hospital,hospital,hospital,,,,,,,medium
hospitals,7823776214,node,13.0554821,80.1995444,Ponni Nursing Home,clinic,clinic,,,,,,,medium
hospitals,7823776215,node,13.051051,80.243818,Koncept Hospitals,hospital,hospital,,,,,,,medium
hospitals,7823776216,node,13.0484913,80.1895556,Sri Venkateswara Clinic,clinic,clinic,,,,,,,medium
hospitals,7823776217,node,13.0520108,80.2076585,Diawin Multi Speciality Siddha Hospital,hospital,hospital,,,,,,,medium
hospitals,7823776218,node,13.041368,80.1959973,Rose Dental Clinic,dentist,dentist,,,,,,,medium
hospitals,7823776219,node,13.0510747,80.2007559,JKR Clinic,clinic,clinic,,,,,,,medium
hospitals,7823776220,node,13.0567527,80.2462554,Skin Doctor,clinic,clinic,,,,,,,medium
hospitals,7823776221,node,13.0554543,80.2477343,G G Hospital,hospital,hospital,,,,,,,medium
hospitals,7823776222,node,13.0524295,80.2073763,Madhu Clinic,clinic,clinic,,,,,,,medium
hospitals,7823776223,node,13.0616711,80.2434943,K R S Hospitals,hospital,hospital,,,,,,,medium
hospitals,7823776224,node,13.0619929,80.2412336,Dr. Rajaram Clinic,clinic,clinic,,,,,,,medium
hospitals,7823776225,node,13.0616367,80.243704,Sterling Hospitals,hospital,hospital,,,,,,,medium
hospitals,7823776226,node,13.048725,80.193674,GV Dental Clinic,dentist,dentist,,,,,,,medium
hospitals,7823776227,node,13.0516365,80.1939117,Lily Shantha Hospital,hospital,hospital,,,,,,,medium
hospitals,7823776228,node,13.0381951,80.1924907,Dr. A. Aravind Clinic,clinic,clinic,,,,,,,medium
hospitals,7823776229,node,13.0542711,80.2078101,Chitra Clinic,clinic,clinic,,,,,,,medium
hospitals,7823776230,node,13.0490907,80.188543,Rahul Dental Clinic,dentist,dentist,,,,,,,medium
hospitals,7823776231,node,13.0594426,80.2459459,Dr. Maibbar Hospital,hospital,hospital,,,,,,,medium
hospitals,7823776232,node,13.0486566,80.1920141,Ruban Moses Clinic,clinic,clinic,,,,,,,medium
hospitals,7823776233,node,13.0539266,80.1991968,Swastik Hospital,hospital,hospital,,,,,,,medium
hospitals,7823776234,node,13.0518895,80.1919214,Cura Health Plus,clinic,clinic,,,,,,,medium
hospitals,7823776235,node,13.053266,80.2033729,Senthil Dental Care,dentist,dentist,,,,,,,medium
hospitals,7823776236,node,13.0422476,80.1943253,Sri Varma and Spine Care Centre,clinic,clinic,,,,,,,medium
hospitals,7823776237,node,13.0592237,80.243411,Sri Sai Swamy Clinic,clinic,clinic,,,,,,,medium
hospitals,7823776239,node,13.0417465,80.1954994,American Eye Care Centre,clinic,clinic,,,,,,,medium
hospitals,7823776240,node,13.0535204,80.2036821,SV Vision & Dental Care,clinic,clinic,,,,,,,medium
hospitals,7823776241,node,13.0541919,80.2093081,Wings Dental Care,dentist,dentist,,,,,,,medium
hospitals,7823776242,node,13.0529876,80.2038876,Sakthi Natural Fertility Care,clinic,clinic,,,,,,,medium
hospitals,7823776243,node,13.0585803,80.2012135,Sakthi Nursing Home,clinic,,,,,,,,medium
hospitals,7823776244,node,13.0542347,80.1985381,N.R.G. Multispeciality Clinic,clinic,clinic,,,,,,,medium
hospitals,7823776245,node,13.056549,80.196998,Dr. K. Chandralekha,doctors,doctor,,,,,,,medium
hospitals,7823776246,node,13.0526943,80.1899425,Standard Hospital,hospital,hospital,,,,,,,medium
hospitals,7823776247,node,13.0554179,80.1972002,Herba Clinic,clinic,clinic,,,,,,,medium
hospitals,7823776248,node,13.0496363,80.1895753,Vijay Anand Clinic,clinic,clinic,,,,,,,medium
hospitals,7823776249,node,13.0593952,80.2437091,Dr. Srinivasan,doctors,doctor,,,,,,,medium
hospitals,7823776250,node,13.0527721,80.191781,MM Hospital,hospital,hospital,,,,,,,medium
hospitals,7823776251,node,13.0519687,80.2062705,Lister Metropolis,clinic,clinic,,,,,,,medium
hospitals,7823776252,node,13.0519538,80.1922401,Dr. R. Muthukumar ENT Surgeon,clinic,clinic,,,,,,,medium
hospitals,7823776253,node,13.0514652,80.2031882,Arun Hospital,hospital,hospital,,,,,,,medium
hospitals,7823776254,node,13.0538214,80.1989274,Krishna Geetham Vaidyasala,hospital,hospital,,,,,,,medium
hospitals,7823776255,node,13.055137,80.197119,Bithi Dental Clinic,dentist,dentist,,,,,,,medium
hospitals,7823776256,node,13.053108,80.199343,Ezhilarasi Clinic,clinic,clinic,,,,,,,medium
hospitals,7823776257,node,13.0577596,80.2457812,D` Mas Joint Clinic,clinic,clinic,,,,,,,medium
hospitals,7823776258,node,13.0511518,80.1922599,Jayam Diabetes Speciality Clinic,clinic,clinic,,,,,,,medium
hospitals,7823776259,node,13.0479235,80.1895242,Dr. K V Sivakumar,doctors,doctor,,,,,,,medium
hospitals,7823776260,node,13.046215,80.1868077,Malar Homeopath Clinic,clinic,clinic,,,,,,,medium
hospitals,7823776261,node,13.0460858,80.1868088,Dr. Balagopal's Dental Clinic,dentist,dentist,,,,,,,medium
hospitals,7824965206,node,13.0802093,80.2522439,Agm Hospital,hospital,hospital,,,,,,,medium
hospitals,7824965208,node,13.0860428,80.2656345,Orient Clinics,clinic,clinic,,,,,,,medium
hospitals,7824965209,node,13.0886474,80.2416011,Dr. Sambandam Eye Hospital,hospital,hospital,,,,,,,medium
hospitals,7824965210,node,13.0797155,80.2576802,Dr. Mrs. Renuka Ramakrishnan,doctors,doctor,,,,,,,medium
hospitals,7824965211,node,13.0828855,80.2709938,Sugumar Hospital,hospital,hospital,,,,,,,medium
hospitals,7824965212,node,13.0881756,80.2418747,Dr. V.G.K Memorial Homeo Clinic,clinic,clinic,,,,,,,medium
hospitals,7824965213,node,13.0888843,80.2418555,Ranjith Hospital,hospital,hospital,,,,,,,medium
hospitals,7824965214,node,13.0885541,80.2421118,Akn Nursing Home,clinic,clinic,,,,,,,medium
hospitals,7824965215,node,13.0762266,80.2692658,Dr. S. Kalaiselvi and Dr. Raghunathan,doctors,doctor,,,,,,,medium
hospitals,7824965216,node,13.0704319,80.2421491,Mythili Hospitals,hospital,hospital,,,,,,,medium
hospitals,7824965217,node,13.07127,80.262082,Metropolis Healthcare,clinic,clinic,,,,,,,medium
hospitals,7824965218,node,13.0864725,80.2656477,Navakar I Care,clinic,clinic,,,,,,,medium
hospitals,7824965220,node,13.0719723,80.2409391,Nandita's Clinic,clinic,clinic,,,,,,,medium
hospitals,7824965221,node,13.0746638,80.2537976,Santosham Chest Hospital,hospital,hospital,,,,,,,medium
hospitals,7824965222,node,13.0715459,80.2622655,Tune 32 Hospital,hospital,hospital,,,,,,,medium
hospitals,7824965223,node,13.0771575,80.2450769,Pandalai Hospital,hospital,hospital,,,,,,,medium
hospitals,7824965224,node,13.079584,80.257578,Premier Health Centre,clinic,clinic,,,,,,,medium
hospitals,7824965225,node,13.0786423,80.2540859,Centre For Gastro Esophageal Disorders,hospital,hospital,,,,,,,medium
hospitals,7824965226,node,13.0840323,80.2698608,Dental Icons,dentist,dentist,,,,,,,medium
hospitals,7824965227,node,13.0807479,80.2340062,Be Well Hospital,hospital,hospital,,,,,,,medium
hospitals,7824965228,node,13.076912,80.233925,Padma Clinic & Nursing Home,clinic,clinic,,,,,,,medium
hospitals,7824965229,node,13.0812406,80.2506114,Puttur Kattu Hospital,hospital,hospital,,,,,,,medium
hospitals,7824965230,node,13.0752787,80.2705092,Vinayagam Clinic,clinic,clinic,,,,,,,medium
hospitals,7824965231,node,13.074758,80.2555444,Dr. Ilavarasan Ortho Clinic,clinic,clinic,,,,,,,medium
hospitals,7824965232,node,13.0849581,80.2669979,An-Noor Eye Hospital,hospital,hospital,,,,,,,medium
hospitals,7824965233,node,13.0747088,80.2688425,Nalam Clinic,clinic,clinic,,,,,,,medium
hospitals,7824965234,node,13.0755581,80.27068,Dr. Arjun Thomas Clinic,clinic,clinic,,,,,,,medium
hospitals,7824965235,node,13.082126,80.263297,TMM Eye Centre,clinic,clinic,,,,,,,medium
hospitals,7824965236,node,13.0732526,80.25379,Ranganathan Dental Clinic,dentist,dentist,,,,,,,medium
hospitals,7824965237,node,13.0793874,80.2473996,Herbzalive Ayurveda Hospital,hospital,hospital,,,,,,,medium
hospitals,7824965238,node,13.0826737,80.2705905,Meta Hospital,hospital,hospital,,,,,,,medium
hospitals,7824965239,node,13.090224,80.267898,Vardhman Multispeciality,clinic,clinic,,,,,,,medium
hospitals,7824965240,node,13.0737332,80.2268354,Dr. H. Yogish Hospital,hospital,hospital,,,,,,,medium
hospitals,7824965241,node,13.0713435,80.2625981,Neuro Hospital,hospital,hospital,,,,,,,medium
hospitals,7824965242,node,13.0904206,80.2677974,Dr. Nitesh Jain,doctors,doctor,,,,,,,medium
hospitals,7824965243,node,13.0833684,80.234299,Murugan Hospitals,hospital,hospital,,,,,,,medium
hospitals,7824965244,node,13.0811868,80.2520834,Amrit Hospital,hospital,hospital,,,,,,,medium
hospitals,7824965245,node,13.071832,80.260048,Mercury Hospital,hospital,hospital,,,,,,,medium
hospitals,7824965246,node,13.0850158,80.2699983,Naz Unani Hospital,hospital,hospital,,,,,,,medium
hospitals,7824965247,node,13.0750341,80.2684334,Vembu Clinic,clinic,clinic,,,,,,,medium
hospitals,7824965248,node,13.079104,80.249079,Dr. S. Ayyappan,doctors,doctor,,,,,,,medium
hospitals,7824965249,node,13.0761303,80.2694819,S.K. Selvam Hospital,hospital,hospital,,,,,,,medium
hospitals,7824965250,node,13.0828434,80.2288176,Kavinaya Dental Care,dentist,dentist,,,,,,,medium
hospitals,7824965251,node,13.079529,80.257646,Neuro Mind Care Clinic,clinic,clinic,,,,,,,medium
hospitals,7824965252,node,13.0825738,80.2710331,Apollo Hospital,hospital,hospital,,,,,,,medium
hospitals,7824965253,node,13.0763548,80.267103,Dr. Sridharan Clinic,clinic,clinic,,,,,,,medium
hospitals,7824965254,node,13.0813334,80.2553965,Kola Saraswathi Agarwal Samaj Health Centre,hospital,hospital,,,,,,,medium
hospitals,7824965255,node,13.0821498,80.2331613,"Psy Hub, Brain and Behaviour",clinic,clinic,,,,,,,medium
hospitals,7824965256,node,13.070275,80.2407506,Dr. Sukumar's Skin Clinic,clinic,clinic,,,,,,,medium
hospitals,7824965257,node,13.0734625,80.2679228,Dr. A Manivannan Clinic,clinic,clinic,,,,,,,medium
hospitals,7824965258,node,13.0844036,80.2454945,Demo Hospital,hospital,hospital,,,,,,,medium
hospitals,7824965259,node,13.0793157,80.2290477,Gremaltes Hospital,hospital,hospital,,,,,,,medium
hospitals,7824965260,node,13.0814203,80.2333756,Srl Hospital,hospital,hospital,,,,,,,medium
hospitals,7824965261,node,13.0846937,80.2461467,Dr. Sundar's Homoeopathic Clinic,clinic,clinic,,,,,,,medium
hospitals,7824965262,node,13.0811497,80.2620778,Periyar Maniammai Hospital,hospital,hospital,,,,,,,medium
hospitals,7824965263,node,13.07947,80.257265,Thirty 2 Dental Centre,dentist,dentist,,,,,,,medium
hospitals,7824965264,node,13.074301,80.267569,Red Cross Hospital,hospital,hospital,,,,,,,medium
hospitals,7824965265,node,13.0756085,80.2693127,Kabeer Clinic,clinic,clinic,,,,,,,medium
hospitals,7824965266,node,13.0768584,80.2339377,Ponmalligai Hospitals,hospital,hospital,,,,,,,medium
hospitals,7825002778,node,13.1231248,80.2164517,Kamala Sayee Dental Clinic,dentist,dentist,,,,,,,medium
hospitals,7825002779,node,13.1216771,80.2236766,V S Hospital,hospital,hospital,,,,,,,medium
hospitals,7825002780,node,13.1244332,80.2212904,Kottakkal Arya Vaidya Sala Clinic,clinic,clinic,,,,,,,medium
hospitals,7825002781,node,13.1160443,80.2454243,Iyyappa Multi Speciality Hospitals,hospital,hospital,,,,,,,medium
hospitals,7825002782,node,13.113594,80.2394367,GK Hospital,hospital,hospital,,,,,,,medium
hospitals,7825002783,node,13.1247301,80.2194621,Sunday Dental Clinic,dentist,dentist,,,,,,,medium
hospitals,7825002784,node,13.1161848,80.2254809,Obg Health Point,clinic,clinic,,,,,,,medium
hospitals,7825009785,node,13.1102844,80.230222,Spectrum Pediatric Therapy,clinic,clinic,,,,,,,medium
hospitals,7825009786,node,13.1155627,80.2457851,Dr. Kleela Hospital,hospital,hospital,,,,,,,medium
hospitals,7825009787,node,13.1297562,80.2172747,Bluemed Healthcare,hospital,hospital,,,,,,,medium
hospitals,7825009788,node,13.1178155,80.2278922,Hiran Eye Retina Centre,clinic,clinic,,,,,,,medium
hospitals,7825009789,node,13.1262133,80.2197712,Annai Eye Clinic,clinic,clinic,,,,,,,medium
hospitals,7825009790,node,13.1204837,80.2243993,St. Joseph Cluny Hospital,hospital,hospital,,,,,,,medium
hospitals,7825009791,node,13.116713,80.2239462,GM Nursing Home,clinic,clinic,,,,,,,medium
hospitals,7825009792,node,13.1102652,80.2418486,Dr. A C Aruldas Hospital,hospital,hospital,,,,,,,medium
hospitals,7825009793,node,13.1293965,80.2161334,Dr. Rao's Clinic,clinic,clinic,,,,,,,medium
hospitals,7825009794,node,13.1224029,80.2123936,Child Care Clinic,clinic,clinic,,,,,,,medium
hospitals,7825009795,node,13.1207062,80.2251062,G.R Clinic,clinic,clinic,,,,,,,medium
hospitals,7825009796,node,13.1175414,80.2286067,Maayi Nursing Home,clinic,clinic,,,,,,,medium
hospitals,7825009797,node,13.1300779,80.216941,Bharathiraja Hospitals,hospital,hospital,,,,,,,medium
hospitals,7825009798,node,13.1222839,80.2160951,Kolathur Multi Speciality and Research Centre,hospital,hospital,,,,,,,medium
hospitals,7825009799,node,13.1185,80.2258076,Arul Childs Hospital,hospital,hospital,,,,,,,medium
hospitals,7825009800,node,13.1272226,80.2174972,American Dental Care,clinic,clinic,,,,,,,medium
hospitals,7825009801,node,13.116675,80.224138,Jaya Eye Clinic,clinic,clinic,,,,,,,medium
hospitals,7825009802,node,13.1209261,80.214363,Ramchandras Jussmile Dental Clinic & Dental Implant Centre,dentist,dentist,,,,,,,medium
hospitals,7825009803,node,13.129071,80.2159086,KCK Hospital,hospital,hospital,,,,,,,medium
hospitals,7825009804,node,13.1245223,80.2211847,Dr. Kamalakannan,doctors,doctor,,,,,,,medium
hospitals,7825009805,node,13.121994,80.2236309,Sugar Hospital,hospital,hospital,,,,,,,medium
hospitals,7825009806,node,13.1134209,80.2288966,Dr. Lakshmanan Saravanan,doctors,doctor,,,,,,,medium
hospitals,7825009807,node,13.129869,80.214109,Retteri Kumaran Hospital,hospital,hospital,,,,,,,medium
hospitals,7825009808,node,13.1206026,80.2140335,Smileworks Dental Clinic,dentist,dentist,,,,,,,medium
hospitals,7825009809,node,13.1171076,80.2269961,Elangovan ENT Surgeon,clinic,clinic,,,,,,,medium
hospitals,7825009810,node,13.1251973,80.2170726,Sastha Dental Clinic,dentist,dentist,,,,,,,medium
hospitals,7825009811,node,13.1190292,80.2161172,P.R.K Multispeciality Dental Clinic,dentist,dentist,,,,,,,medium
hospitals,7825009812,node,13.11628,80.224767,CPL Dental Clinic,dentist,dentist,,,,,,,medium
hospitals,7825009813,node,13.1260152,80.2191464,Cure Plus Clinic,clinic,clinic,,,,,,,medium
hospitals,7825009814,node,13.12251,80.2221769,Sugam Ortho Clinic,clinic,clinic,,,,,,,medium
hospitals,7825009815,node,13.1093369,80.2312849,Government Hospital,hospital,hospital,,,,,,,medium
hospitals,7825009816,node,13.129327,80.2152624,K.H.M. Hospital,hospital,hospital,,,,,,,medium
hospitals,7825009817,node,13.1131038,80.2404022,Sankar Eye Hospital,hospital,hospital,,,,,,,medium
hospitals,7825009818,node,13.116533,80.2250502,Sendoor Clinic,clinic,clinic,,,,,,,medium
hospitals,7825009819,node,13.1101477,80.2244516,Niranjana Hospital,hospital,hospital,,,,,,,medium
hospitals,7825009820,node,13.1148422,80.2441515,Parvatham Hospital,hospital,hospital,,,,,,,medium
hospitals,7825009821,node,13.1277489,80.2168565,Akshita Speciality Clinic,clinic,clinic,,,,,,,medium
hospitals,7825009822,node,13.1243638,80.2213617,Arunz Dental Clinic,dentist,dentist,,,,,,,medium
hospitals,7825009823,node,13.1263043,80.2192658,U.S. Hospital,hospital,hospital,,,,,,,medium
hospitals,7825009824,node,13.1106227,80.2374461,Bharani Hospital,hospital,hospital,,,,,,,medium
hospitals,7825009825,node,13.1220895,80.2210295,GR Clinic,clinic,clinic,,,,,,,medium
hospitals,7825009826,node,13.119731,80.218505,G K Clinic,clinic,clinic,,,,,,,medium
hospitals,7843239851,node,13.1247933,80.1435476,Sir Ivan Stedford Hospital,hospital,hospital,,,,,,,medium
hospitals,7916491667,node,12.9651326,80.1921507,Dhaarani’s Divine Smiles,dentist,dentist,,,,,+91 63818 04443,https://ovmstudios.in/server/ddsmiles/index.html,medium
hospitals,7916557138,node,12.9742292,80.1919715,Apollo Pharmacy,pharmacy,pharmacy,Apollo,,,,+91 44 2224 5006,,medium
hospitals,7953367285,node,13.1183857,80.2606286,Unnamed,hospital,hospital,,,,,,,medium
hospitals,7988920285,node,12.7598578,80.0043806,Unnamed,hospital,hospital,,,,,,,medium
hospitals,7994263185,node,12.7638113,80.0039895,Unnamed,hospital,hospital,,,,,,,medium
hospitals,8099947735,node,13.0371216,80.2013389,K.M. Nursing Home,hospital,hospital,,,,,044 4353 0015,,medium
hospitals,8100644874,node,13.0275307,80.2102579,Raasi Medicals,pharmacy,pharmacy,,,,,044 2471 6153,,medium
hospitals,8105683179,node,13.0117736,80.1941708,Military Hospital,hospital,hospital,,,,,,,medium
hospitals,8108467017,node,13.0487242,80.2036274,உழைப்பாளி மருத்துவமனை,hospital,hospital,,,,,,,medium
hospitals,8108591031,node,13.026029,80.212368,KS Bone and Joint Clinic - Ortho,hospital,hospital,,,,,98842 83582,https://www.ksboneandjointortho.in/,medium
hospitals,8108613662,node,13.0290009,80.2085925,Veekays Pet Care Clinic,clinic,clinic,,,,,98410 42412,https://veekayspetcare.com/,medium
hospitals,8108619759,node,13.0287197,80.212303,Med Pharmacy,pharmacy,pharmacy,,,,,81444 60555,,medium
hospitals,8108621642,node,13.02906,80.2086055,Ashok Pharmacy,pharmacy,pharmacy,,,,,72990 91291,http://ashokpharmacy.com/,medium
hospitals,8111861614,node,13.0318828,80.2103124,Shens Multi-Speciality Hospital,hospital,hospital,,,,,044 2471 5000,https://shens.in/,medium
hospitals,8111869852,node,13.0312946,80.2116224,Ashok Nagar Pharmacy,pharmacy,pharmacy,,,,,,https://business.google.com/website/ashok-nagar-pharmacy,medium
hospitals,8197934476,node,12.9120483,80.2489789,Sanjeevani Ayurvedic Hospital,hospital,,,,,,9500071332,,medium
hospitals,8261017892,node,13.0388056,80.2010012,Sham's Rheumatic Care Centre,clinic,clinic,,,,,,https://www.rheumatologistchennai.in/dr-shams-rheumatic-care,medium
hospitals,8261191792,node,13.0510353,80.0941867,ABHI'S SKIN AND JOINT CLINIC,clinic,clinic,,,,,,https://www.abhiskinandjointclinic.com/dr-sriram,medium
hospitals,8494474317,node,12.9949059,80.2677253,Unnamed,pharmacy,pharmacy,,,,,,,medium
hospitals,8534551385,node,13.0157487,80.2176066,COVID Vaccination Center,,vaccination_centre,King Institute of Preventive Medicine and Research,,,,,,medium
hospitals,8562785541,node,12.9719712,80.1911113,Proscans & Labs,,laboratory,,,,,,,medium
hospitals,8573649179,node,12.9758423,80.2193076,Aarthi Scans & Labs,,laboratory,,,,,+917305079758,https://aarthiscan.com/,medium
hospitals,8594028687,node,12.9528734,80.1862504,Maternity Center,clinic,clinic,,,,,,,medium
hospitals,8597641343,node,12.9586006,80.1868115,Progress Clinic,clinic,clinic,,,,,,,medium
hospitals,8616702592,node,12.9760297,80.2204435,Lister Metropolis,,laboratory,,,,,,,medium
hospitals,8631827335,node,12.9826441,80.2253521,Unnamed,dentist,dentist,,,,,,,medium
hospitals,8637836694,node,12.9824657,80.2237405,Rajesh Medicals,pharmacy,pharmacy,,,,,,,medium
hospitals,8639896900,node,12.9784544,80.2214698,Prashanth Hospitals,hospital,hospital,,,,,+91 44 2243 9494;+91 44 4680 5544;+91 82962 63415,https://prashanthhospitals.org,medium
hospitals,8645780200,node,12.9765915,80.2225954,Rasi Medicals,pharmacy,pharmacy,,,,,,,medium
hospitals,8869350452,node,13.0381458,80.1619363,Unnamed,hospital,hospital,,,,,,,medium
hospitals,8935514615,node,13.0439323,80.2407095,Geri care hospital,hospital,hospital,,,,,,,medium
hospitals,8979558602,node,13.0946251,80.1855413,Suguna Clinic,clinic,clinic,,,,,,,medium
hospitals,8979558603,node,13.095401,80.1814241,Mohan Clinic,clinic,clinic,Dr. Mohan,,,,,,medium
hospitals,9263288722,node,13.0549752,80.1862894,Manimozhi Medicals,,yes,,,,,,,medium
hospitals,9404372922,node,12.9208601,80.1231673,Infirmary,clinic,clinic,,,,,,,medium
hospitals,9407626811,node,12.9859329,80.1910972,Neuberg Diagnostics,,laboratory,Neuberg Ehrlich Clinical Laboratories,,,,+91 44 41412222;+91 44 4854 8031,,medium
hospitals,9407641485,node,12.9769793,80.1832666,Neuberg Diagnostics Lab,,laboratory,Neuberg Ehrlich Clinical Laboratories,,,,+91 88388 06309,,medium
hospitals,9417170488,node,12.965254,80.1916291,Neuberg Diagnostics Lab - Madipakkam,,laboratory,,,,,+91 96001 04274,,medium
hospitals,9419854647,node,12.9637052,80.1875881,Bawaa Medicals,pharmacy,pharmacy,,,,,+91 44 4266 8660,,medium
hospitals,9444720904,node,12.9214652,80.1651302,4 Squares Dentistry,hospital,hospital,,,,no,044 4859 2044,https://www.4squaresdentistry.in/dental-clinic-gowrivakkam/,critical
hospitals,9502013722,node,12.9780615,80.1811597,Government Mini Clinic,clinic,,Government of Tamil Nadu,,,,,,medium
hospitals,9538903560,node,12.907488,80.2286126,Unnamed,dentist,dentist,,,,,,,medium
hospitals,9591995528,node,12.8461109,80.2263842,S B Hospital,hospital,hospital,,,,,+919514577333,https://s-b-hospital.business.site/,medium
hospitals,9676613144,node,12.9728654,80.1907063,Sparsh Physiotherapy & Sport Injury Clinic,,physiotherapist,,,,,+91 88706 34783,,medium
hospitals,9717766098,node,13.2086279,80.1698455,Chamdhi Netralayam Eye Hospital,hospital,hospital,,,,,,,medium
hospitals,9905166209,node,12.97952,80.1830158,Apollo Pharmacy,pharmacy,pharmacy,Apollo Pharmacy,,,,,,medium
hospitals,9905201923,node,12.9754445,80.1832156,MedPlus,pharmacy,pharmacy,MedPlus,,,,,,medium
hospitals,9932743017,node,13.1076382,80.1868929,Unnamed,clinic,,,,,,,,medium
hospitals,9952825959,node,12.8124897,80.2257817,Chennai Best Acupuncture Clinic in OMR Padur,hospital,hospital,,,,,,,medium
hospitals,9964211104,node,13.058583,80.2434046,Pratibha Dental Clinic,dentist,dentist,Dr. Logachander,,,,,,medium
hospitals,9980280804,node,13.1266701,80.2014392,Shreyas hospital,hospital,hospital,,,,,,,medium
hospitals,9980280808,node,13.1279965,80.2015444,MedPlus,pharmacy,pharmacy,,,,,,,medium
hospitals,9997936353,node,12.9818118,80.2214223,Apollo Pharmacy,pharmacy,pharmacy,,,,,,,medium
hospitals,10013621157,node,13.1236904,80.2014984,Sri sai baba,dentist,dentist,,,,,,,medium
hospitals,10013621163,node,13.1245764,80.201478,Trident medicare center,clinic,clinic,,,,,,,medium
hospitals,10036354897,node,12.838467,80.2286221,Novel Dental Care,dentist,dentist,,,,,,,medium
hospitals,10103037610,node,13.094975,80.2865618,Dr. Hidayathullah,doctors,doctor,,,,,,,medium
hospitals,10106243487,node,13.0937726,80.287202,Fakhri Dental Clinic,dentist,dentist,,,,,,,medium
hospitals,10115467419,node,13.0957863,80.289305,Azeez Medicals,pharmacy,pharmacy,,,,,,,medium
hospitals,10115689799,node,13.0963862,80.2890778,City Medicals,pharmacy,pharmacy,,,,,,,medium
hospitals,10116132966,node,13.0959434,80.2878228,S.S.R. Clinic,doctors,doctor,,,,,,,medium
hospitals,10156175389,node,13.0984314,80.2867438,Chindamani Dentral Centre,dentist,dentist,,,,,,,medium
hospitals,10208798641,node,13.0964031,80.2902257,Dr. S. Aadil Ahamed,dentist,dentist,,,,,,,medium
hospitals,10208858002,node,13.0969386,80.2875876,Sri Lakshmi Clinic,clinic,clinic,,,,,,,medium
hospitals,10208901306,node,13.0966093,80.2896858,Alahu Pharmacy,pharmacy,pharmacy,,,,,,,medium
hospitals,10208901309,node,13.0965427,80.2896739,S. R. Dental Care,dentist,dentist,,,,,,,medium
hospitals,10261422409,node,13.1180276,80.2126037,Women And Children Foundation Hospital,hospital,hospital,Women And Children Foundation Limited,,,,"04425508210, 8939957777, 8939917777",http://www.wcfkolathur.in/,medium
hospitals,10268908442,node,12.9985283,80.2674654,Apollo Pharmacy,pharmacy,pharmacy,,,,,,,medium
hospitals,10268908445,node,12.9983979,80.2675071,Maharaja Medicals,pharmacy,pharmacy,,,,,,,medium
hospitals,10268908448,node,12.9982648,80.2675508,Shobika Pharmacy,pharmacy,pharmacy,,,,,,,medium
hospitals,10271805421,node,13.0972767,80.1982422,Frame of Mind - SCARF Psychiatric Hospital,hospital,,,,,,+919150587361;04426151073; 04426153971,https://www.scarfindia.org/,medium
hospitals,10294576078,node,13.040756,80.2146876,Vasantha Memorial Cancer Centre,hospital,hospital,,,,,+91 9791048379,,medium
hospitals,10574108889,node,13.1020684,80.2762181,Right Pharmacy,pharmacy,pharmacy,,,,,,,medium
hospitals,10574142261,node,13.1023245,80.2775936,Rajeshwar Medicals,pharmacy,pharmacy,,,,,,,medium
hospitals,10583922905,node,13.1010225,80.2922949,K. S. Medicals,pharmacy,pharmacy,,,,,,,medium
hospitals,10584063733,node,13.0963175,80.285492,MAS Medicals,pharmacy,pharmacy,,,,,,,medium
hospitals,10595586116,node,13.0996018,80.2885735,London Medicals,pharmacy,pharmacy,,,,,,,medium
hospitals,10742375542,node,13.098707,80.2796729,Gangasri Dental Clinic,dentist,dentist,,,,,,,medium
hospitals,10742375552,node,13.0987204,80.2796089,Dr. V. Dilip Jain,doctors,doctor,,,,,,,medium
hospitals,10742379758,node,13.0992167,80.2800372,Shree Ortho Clinic,doctors,doctor,,,,,,,medium
hospitals,10742505933,node,13.0892841,80.2845422,The Homeopathic Centre,,alternative,,,,,,,medium
hospitals,10742578789,node,13.0998732,80.2801353,Mahaveer Pharmacy,pharmacy,pharmacy,,,,,,,medium
hospitals,10786832410,node,13.0793203,80.2560416,Lakshmi Pain and Palliative CareTrust,,yes,,,,,7305625469,http://www.lakshmitrust.org,medium
hospitals,10798116925,node,13.0886282,80.2821469,Malick Medicals,pharmacy,pharmacy,,,,,,,medium
hospitals,10852482368,node,13.0404708,80.2592658,Shriram Dental Clinic,dentist,dentist,,,,,,,medium
hospitals,10885759469,node,13.1047093,80.2846756,Arrahman Medicals and Surgicals,pharmacy,pharmacy,,,,,,,medium
hospitals,10892974738,node,13.1041557,80.2845635,Taj Medicals,pharmacy,pharmacy,,,,,,,medium
hospitals,10892974743,node,13.104237,80.2845792,Sree Sai Medicals,pharmacy,pharmacy,,,,,,,medium
hospitals,10895930390,node,13.094219,80.2801324,Shri Rajeshwar Medical,pharmacy,pharmacy,,,,,,,medium
hospitals,10933186980,node,13.0943423,80.2844478,Gem Medicals,pharmacy,pharmacy,,,,,,,medium
hospitals,10933382910,node,13.0980692,80.2800895,Sharma Medicals,pharmacy,pharmacy,,,,,,,medium
hospitals,10933382976,node,13.0967999,80.2800251,Sri Medicare,doctors,doctor,,,,,,,medium
hospitals,10933457922,node,13.0950834,80.280902,MedPlus,pharmacy,pharmacy,,,,,,,medium
hospitals,10933457932,node,13.0951375,80.2805799,Pooja Medical Store,pharmacy,pharmacy,,,,,,,medium
hospitals,10933495005,node,13.0985389,80.2829543,Sri Lakhsmi Medical,pharmacy,pharmacy,,,,,,,medium
hospitals,10933682445,node,13.0966762,80.2798882,Raj Pharma,pharmacy,pharmacy,,,,,,,medium
hospitals,10933682465,node,13.0971475,80.2799116,MedPlus,pharmacy,pharmacy,,,,,,,medium
hospitals,10933682482,node,13.0974459,80.2799297,Kumaran Physiotherapy & Pain Relief Clinic,clinic,clinic,,,,,,,medium
hospitals,10933682492,node,13.0976149,80.2799422,Maruti Dental Clinic,dentist,dentist,,,,,,,medium
hospitals,10933682513,node,13.0980336,80.2798983,Sree Krishna Dental Clinic,dentist,dentist,,,,,,,medium
hospitals,10933682543,node,13.0983705,80.2799933,Shaarave Pharmacy,pharmacy,pharmacy,,,,,,,medium
hospitals,10933682545,node,13.0984538,80.2800047,Shub Pharmacy,pharmacy,pharmacy,,,,,,,medium
hospitals,10933682615,node,13.0965461,80.279267,Raj Pharmacy,pharmacy,pharmacy,,,,,,,medium
hospitals,10933682616,node,13.0965132,80.279272,Mahaveer Health Care Services,clinic,clinic,,,,,,,medium
hospitals,10933795459,node,13.0946147,80.279622,Shri Soni Medicals,pharmacy,pharmacy,,,,,,,medium
hospitals,10933806238,node,13.0958069,80.2798213,G.T. Clinic,clinic,clinic,,,,,,,medium
hospitals,10933806243,node,13.0958575,80.2798307,Lal Medicals,pharmacy,pharmacy,,,,,,,medium
hospitals,10933856332,node,13.0945066,80.2792587,Aakash Dental Care,dentist,dentist,,,,,,,medium
hospitals,10943490889,node,13.0966294,80.2789801,Renuka Medicals,pharmacy,pharmacy,,,,,,,medium
hospitals,10948434909,node,13.1225226,80.209299,Unnamed,clinic,,,,,,,,medium
hospitals,10951520437,node,13.0949718,80.2815594,Rajeshwar Medical,pharmacy,pharmacy,,,,,,,medium
hospitals,10963479044,node,13.1024943,80.2843568,Eswari Medicals,pharmacy,pharmacy,,,,,,,medium
hospitals,10967199343,node,13.098293,80.2804979,J.K. Medicals,pharmacy,pharmacy,,,,,,,medium
hospitals,10967203527,node,13.0974018,80.2806005,Sakthi Clinic - Dr. B. Palani,clinic,clinic,,,,,,,medium
hospitals,10967203528,node,13.0973731,80.2805193,Akshathaa Medical,pharmacy,pharmacy,,,,,,,medium
hospitals,10967301671,node,13.0976163,80.2844014,Prem Medicals,pharmacy,pharmacy,,,,,,,medium
hospitals,10973661157,node,13.0926295,80.2798674,Mahaveer Medicals,pharmacy,pharmacy,,,,,,,medium
hospitals,11071527624,node,13.0853533,80.2128093,Apollo Pharmacy,pharmacy,pharmacy,,,,,,,medium
hospitals,11071527636,node,13.084556,80.2130458,KHM,hospital,hospital,,,,,,,medium
hospitals,11079072040,node,12.8460979,80.2263843,Shree Andal Medical,pharmacy,pharmacy,,,,,,,medium
hospitals,11081786797,node,12.9580448,80.1280036,L Rapha Life Care Hospital,hospital,hospital,,,,,,,medium
hospitals,11162390408,node,13.0856699,80.1797716,Dr. Vijay's Hospital,hospital,hospital,,,,,,,medium
hospitals,11162390464,node,13.0850035,80.1747522,Apollo Pharmacy,pharmacy,pharmacy,,,,,,,medium
hospitals,11395977107,node,13.0414646,80.2217887,Easwar medicals,pharmacy,pharmacy,,,,,,,medium
hospitals,11395977108,node,13.0439094,80.2223127,Apollo Pharmacy,pharmacy,pharmacy,,,,,,,medium
hospitals,11395977109,node,13.0467824,80.2263207,Apollo Pharmacy,pharmacy,pharmacy,,,,,,,medium
hospitals,11395977110,node,13.0454549,80.2258794,Jayalaksmi medicals,pharmacy,pharmacy,,,,,,,medium
hospitals,11395977112,node,13.0427579,80.2252034,MedPlus,pharmacy,pharmacy,,,,,,,medium
hospitals,11395977113,node,13.0426041,80.2251597,Velavan medical shop,pharmacy,pharmacy,,,,,,,medium
hospitals,11397678677,node,13.0826167,80.2752744,Apollo,clinic,clinic,Apollo Hospitals,,,,,,medium
hospitals,11428732669,node,13.0061507,80.2576709,Unnamed,clinic,clinic,,,,,,,medium
hospitals,11468740371,node,13.0868727,80.1697458,SMF,hospital,,,,,,,,medium
hospitals,11496646532,node,13.1021903,80.2819289,M.K. Dental Clinic,dentist,dentist,,,,,,,medium
hospitals,11496646587,node,13.1017714,80.2821281,K.M Medicals,pharmacy,pharmacy,,,,,,,medium
hospitals,11505503013,node,13.1026634,80.2798772,Sugam Medicals,pharmacy,pharmacy,,,,,,,medium
hospitals,11508069598,node,13.1317646,80.2487015,SIVA,pharmacy,pharmacy,,,,,,,medium
hospitals,11513226268,node,13.1003427,80.2837444,Ameer Medicals,pharmacy,pharmacy,,,,,,,medium
hospitals,11513712397,node,13.0993143,80.2866002,Broadway Dental & Face Care,dentist,dentist,,,,,,,medium
hospitals,11513795735,node,13.1029082,80.2842053,Raghavendra Medicals,pharmacy,pharmacy,,,,,,,medium
hospitals,11513816703,node,13.1014448,80.2832858,Ram Dental Clinic,dentist,dentist,,,,,,,medium
hospitals,11515688969,node,12.9191067,80.1956242,Unnamed,clinic,,,,,,+9173388844156;+9173388844157;04448504155,,medium
hospitals,11515689869,node,12.9191663,80.1958552,Unnamed,clinic,,,,,,+919884459832,,medium
hospitals,11517017883,node,12.8926234,80.1839373,Dentist,dentist,dentist,,,,,,,medium
hospitals,11533319916,node,13.1000792,80.2848974,Globe Dental Care,dentist,dentist,,,,,,,medium
hospitals,11533446513,node,13.0994602,80.2836839,Rithick Medicals,pharmacy,pharmacy,,,,,,,medium
hospitals,11679595256,node,12.9569147,80.2513405,Jananam fertility centre,hospital,hospital,,,,,,,medium
hospitals,11704000914,node,12.9219424,80.092467,Derm O Ear,doctors,doctor,,,,,06369567240,,medium
hospitals,11708347382,node,13.0022797,80.2588351,Sahar's Rehab,,physiotherapist,,,,,,,medium
hospitals,11721889433,node,13.001715,80.259994,Lister Metropolis,,laboratory,,,,,,,medium
hospitals,11782793599,node,12.9622155,80.159938,Sugam Hospital,hospital,hospital,,,,,,,medium
hospitals,11804254199,node,12.8705153,80.2233736,Dental College & Hospital,hospital,hospital,,,,no,,,critical
hospitals,11832128249,node,13.0235693,80.2626733,Neroor Eye Centre,doctors,doctor,,,,,,,medium
hospitals,11865553974,node,12.89188,80.1770557,Unnamed,hospital,,,,,,,,medium
hospitals,12108813090,node,12.8784555,80.2158837,Apollo Pharmacy,pharmacy,pharmacy,,,,,,,medium
hospitals,12108828535,node,12.8784034,80.2163126,MedPlus,pharmacy,pharmacy,,,,,,,medium
hospitals,12146055740,node,13.081276,80.2631177,"Commissioner of Police office, Greater chennai Police",hospital,hospital,,,,,,,medium
hospitals,12174769279,node,13.1398131,79.9072958,Sri ragava pharmacy,pharmacy,pharmacy,,,,,,,medium
hospitals,12175859469,node,13.1397547,79.9073176,Sri velmurugan medicals,pharmacy,pharmacy,,,,,,,medium
hospitals,12243900260,node,13.0897323,80.2147011,Building bridges therapeautic center,,occupational_therapist,,,,,,,medium
hospitals,12367559381,node,13.0920988,80.2588062,Unnamed,hospital,hospital,,,,,,,medium
hospitals,12373567187,node,13.1675126,80.2419301,Jeevodaya Hospice for Cancer Patients,,hospice,,,,,04425559671,,medium
hospitals,12378706312,node,12.9831959,80.2013573,Dr Bala's Skin clinic,hospital,hospital,Dr Balakumatan,,,,,,medium
hospitals,12432339927,node,13.1164973,79.9945299,SKS Physiotherapy Clinic & Rehab Center - Perumalpattu (Veppampattu),hospital,hospital,,,,,,,medium
hospitals,12458714111,node,13.1889086,80.3147634,Chinnus Blood Testing,clinic,clinic,,,,,,,medium
hospitals,12458725759,node,13.1881126,80.3153353,RG Clinic,clinic,clinic,,,,,,,medium
hospitals,12458756392,node,13.1877986,80.3150883,RG Clinic Diabetologist,clinic,clinic,Private,,,,,,medium
hospitals,12458756399,node,13.1918073,80.3145268,Piramal Pharma,pharmacy,pharmacy,Private,,,,,,medium
hospitals,12494690201,node,13.070634,80.2318455,MedPlus,pharmacy,pharmacy,,,,,,,medium
hospitals,12548054602,node,13.0728153,80.2524798,The Hive Fertility Centre,clinic,,,,,,,,medium
hospitals,12560767886,node,12.9809491,80.1871116,Unnamed,hospital,hospital,,,,,,,medium
hospitals,12568243303,node,12.8902304,80.1844991,Baby Child Clininc,clinic,,,,,,,,medium
hospitals,12568243304,node,12.8900211,80.1845425,Dr. S. Satish Kumar M.D.S,clinic,,,,,,,,medium
hospitals,12571350701,node,12.9913691,80.2056404,Star Pharmacy Adambakkam,pharmacy,pharmacy,Star Pharmacy,,,,,,medium
hospitals,12571366102,node,12.990467,80.2101864,Star Pharmacy,pharmacy,pharmacy,Star Pharmacy,,,,,,medium
hospitals,12581525295,node,13.1363242,80.2157688,Meridian Hospitals,hospital,hospital,,,,,,,medium
hospitals,12581658601,node,13.1396018,80.2377389,St Anthony's Hospital,hospital,hospital,,,,,,,medium
hospitals,12611351201,node,12.9130938,80.1918435,Just Kids Child Cliinc,clinic,,,,,,,,medium
hospitals,12619467462,node,13.1002212,80.2400853,Vadivelu Hospital,hospital,,,,,,,,medium
hospitals,12640713376,node,13.0531057,80.2435995,Capstone Clinic,clinic,,,,,,,,medium
hospitals,12640769301,node,13.0536582,80.2446045,The Speech Care Clinic,,speech_therapist,,,,,,,medium
hospitals,13039283368,node,13.014314,80.2313444,Tamil medicals,pharmacy,pharmacy,,,,,,,medium
hospitals,13039283371,node,13.0148869,80.2296651,Cure blue pharmacy,pharmacy,pharmacy,,,,,,,medium
hospitals,13096237915,node,13.0064894,80.2504829,Iswarya Fertility Center,hospital,hospital,,,,,,,medium
hospitals,13127975755,node,13.0124158,80.2272818,JD Dental and Implant center,dentist,dentist,,,,,,,medium
hospitals,13127975756,node,13.0124007,80.2273112,முத்து பார்மஸி,pharmacy,pharmacy,,,,,,,medium
hospitals,13142131701,node,13.0149516,80.2307333,Dr Abirami's skincare clinic,clinic,clinic,,,,,,,medium
hospitals,13155026101,node,12.9810842,80.2343492,Good Shepard hospital,hospital,,,,,,,,medium
hospitals,13184761701,node,12.9161702,80.1921511,Hariharan ENT Clinic,clinic,,,,,,+91 76999 26991,,medium
hospitals,13184761801,node,12.9159912,80.1921519,Dr. R.Suresh Child Care Clinic,clinic,,,,,,,,medium
hospitals,13184762001,node,12.9160421,80.1921398,Madila Clinic,clinic,,,,,,,,medium
hospitals,13185226534,node,13.0067683,80.256244,Apollo Pharmacy,pharmacy,pharmacy,,,,,,,medium
hospitals,13185226538,node,13.0063692,80.256188,Apollo Diagnostics,,laboratory,,,,,,,medium
hospitals,13253593003,node,13.0322096,80.2531801,Athena Diagnostics,,laboratory,,,,,,,medium
hospitals,27618339,way,13.0808972,80.2773284,Rajiv Gandhi Government General Hospital,hospital,hospital,,,,,,https://www.mmc.tn.gov.in/,medium
hospitals,28345285,way,13.1063871,80.2841452,Stanley Medical College and Hospital,hospital,hospital,,,,,,,medium
hospitals,28404807,way,13.005416,80.2396935,Unnamed,hospital,hospital,,,,,,,medium
hospitals,28493363,way,13.0410329,80.1425261,Sri Ramachandra Institute of Higher Education and Research,hospital,hospital,,,,,,,medium
hospitals,29046387,way,12.9923667,80.2550102,Tt Ranganathan Clinical Research Foundation,hospital,hospital,,,,,,,medium
hospitals,29046742,way,12.9930805,80.2572794,IMPCOPS Traditional Hospital,hospital,hospital,,,,,,https://impcops.org/,medium
hospitals,29115463,way,13.072653,80.2583254,எழும்பூர் அரசு மருத்துவமனை,,hospital,,,,,,,medium
hospitals,29116157,way,13.0702235,80.2599829,Egmore Eye Hospital,hospital,hospital,,,,,,,medium
hospitals,30973308,way,13.0950575,80.2397713,ESI Hospital,hospital,hospital,Employees' State Insurance,,,,,,medium
hospitals,31240956,way,12.9418907,80.1293774,Government Hospital of Thoracic Medicine,hospital,hospital,,,,,,,medium
hospitals,32896904,way,13.0095756,80.1950144,Cantonment General Hospital,hospital,hospital,,,,,,,medium
hospitals,33630155,way,13.0504416,80.099468,"Government Hospital, Poonamallee",hospital,hospital,,,,,,,medium
hospitals,34097016,way,13.1287163,80.2925206,Communicable Diseases Hospital,hospital,hospital,,,,,,,medium
hospitals,35312695,way,13.0384509,80.2622475,புனித இஸ்பேல் மருத்துவமனை,hospital,hospital,,,,,,,medium
hospitals,44034276,way,12.946075,80.1367453,Parvathy Hospital,hospital,hospital,,,,,+91-98412-98412,https://www.parvathyhospital.com/,medium
hospitals,44034282,way,12.9463677,80.1369815,Chennai Krishna Hospital,hospital,hospital,,,,,,,medium
hospitals,47416302,way,13.1042167,80.283195,Stanley Medical College and Hospital,hospital,hospital,,,,,,,medium
hospitals,48132798,way,13.0987536,80.2485502,Madras Pinjrapole Veterinary Home,,hospital,,,,,,,medium
hospitals,48737654,way,13.0978041,80.2457004,Unnamed,hospital,hospital,,,,,,,medium
hospitals,48738664,way,13.1016597,80.232331,Railway Hospital,,hospital,,,,,,,medium
hospitals,48741356,way,13.0998913,80.2138748,ICF Hospital,hospital,hospital,,,,,,,medium
hospitals,48753841,way,13.0954447,80.2197148,Anna Nagar Government Hospital,hospital,hospital,,,,,,,medium
hospitals,59359967,way,13.0933659,80.2403777,Unnamed,hospital,hospital,,,,,,,medium
hospitals,84087718,way,12.9568015,79.9448713,Sriperumpudur Government Hospital,hospital,hospital,,,,,,,medium
hospitals,98357534,way,12.7960588,80.2158144,Chettinad hospital,,hospital,,,,,,,medium
hospitals,100857284,way,13.0772596,80.2187728,"அறிஞர் அண்ணா அரசு இந்திய,மருத்துவமனை,அரும்பாக்கம்,சென்னை-106",hospital,hospital,,,,,,,medium
hospitals,125180726,way,13.034006,80.2078405,Govt Peripheral Hospital KK Nagar,hospital,hospital,,,,,,,medium
hospitals,131961841,way,12.9705162,80.2601162,Ayurveda Hospital,hospital,hospital,,,,,,,medium
hospitals,132073184,way,12.9630574,80.2457399,Apollo Hospital,hospital,,,,,yes,,,critical
hospitals,133862451,way,13.0695736,80.2363218,Prashanth Hospitals,hospital,hospital,,,,yes,,https://pfrcivf.com/,critical
hospitals,138307630,way,13.1253866,80.1438996,Sir Ivan Stedford Hospital,hospital,hospital,,,,,,https://stedefordhospital.org/,medium
hospitals,156240637,way,13.0391602,80.2571596,Udhi Eye Hospitals,hospital,hospital,,,,,,,medium
hospitals,156250603,way,13.0460706,80.2557204,Agarwal Eye Hospital,hospital,hospital,,,,,,,medium
hospitals,156250608,way,13.044707,80.256162,Aswene Soundarya Hospital,hospital,hospital,,,,,,,medium
hospitals,170104584,way,13.0098114,80.2515183,Global Hospitals,hospital,hospital,,,,,,,medium
hospitals,178105895,way,13.0596306,80.1273285,ACS Medical College And Hospital,,hospital,,,,,,,medium
hospitals,178747899,way,13.1090673,80.288719,Government Rsrm Lying Hospital,hospital,hospital,,,,,,,medium
hospitals,180145742,way,12.9549137,80.1381689,Sree Balaji Medical College And Hospital,hospital,hospital,,,,,,https://sbmch.ac.in/,medium
hospitals,181579506,way,13.0136347,80.2393232,Health Centre,hospital,hospital,,,,,,,medium
hospitals,188445646,way,13.0360972,80.2572646,Apollo Clinic & Pharmacy,hospital,hospital,,,,,,,medium
hospitals,209413524,way,13.0385579,80.2578675,Trinity Acute Care,hospital,hospital,,,,,,,medium
hospitals,209546207,way,13.0667961,80.2493986,Sankara Nethralaya,hospital,hospital,,,,,,,medium
hospitals,211260239,way,13.0631198,80.2515186,Apollo Hospital,hospital,hospital,,,,,,,medium
hospitals,211274279,way,13.0433307,80.2724017,CSI Kalyani Hospital,hospital,hospital,,,,,,http://www.csikalyanihospital.com/,medium
hospitals,211423255,way,13.0423476,80.2709401,EV Kalyani Hospital,hospital,hospital,,,,,,,medium
hospitals,211423281,way,13.0594053,80.2784271,Kasturibai Gandhi Hospital,hospital,hospital,,,,,,,medium
hospitals,211436948,way,13.0527537,80.280639,Unnamed,hospital,hospital,,,,,,,medium
hospitals,211900029,way,13.0090564,80.2484946,Cancer Hospital,hospital,,,,,,,http://cancerinstitutewia.in/CIWIA/,medium
hospitals,214188197,way,13.0204577,80.2240451,சைதாப்பேட்டை அரசு மருத்துவமனை,hospital,hospital,,,,yes,,,critical
hospitals,217726810,way,13.0176759,80.2598878,ஆந்திர மாநில சபா,hospital,hospital,,,,,,,medium
hospitals,217797428,way,13.0719905,80.2408853,Mehta Hospital,hospital,hospital,,,,,,,medium
hospitals,217846762,way,13.0971804,80.2754276,Corporation Baby Hospital,hospital,hospital,,,,,,,medium
hospitals,217864765,way,13.1179059,80.2910031,C.S.I. Rainy Multi Speciality Hospital,hospital,hospital,,,,,,http://csirainyhospital.com/,medium
hospitals,217864797,way,13.1260276,80.2866925,Government Peripheral Hospital,hospital,hospital,,,,,,,medium
hospitals,217868140,way,13.1269596,80.2912215,ESI,hospital,hospital,Employees' State Insurance,,,,,,medium
hospitals,217960574,way,13.0693752,80.2741496,Tamil Nadu Government Multi Super Speciality Hospital,hospital,hospital,,,,yes,,https://tngmssh.tn.gov.in/,critical
hospitals,218149507,way,13.0273509,80.2567528,Billroth Hospital,hospital,hospital,,,,yes,,https://www.billrothhospitals.com/,critical
hospitals,218163938,way,13.0101605,80.2585641,Fortis Malar Hospital,hospital,hospital,,,,,,,medium
hospitals,220821765,way,12.9773885,80.1883328,Gowri Nursing Home,hospital,hospital,,,,,,,medium
hospitals,231052536,way,13.0920868,80.218563,Vasan Dental Care,hospital,hospital,,,,,,,medium
hospitals,240472123,way,13.0744047,80.2592982,Police Hospital,hospital,hospital,,,,,,,medium
hospitals,240501607,way,13.0573425,80.2458975,The Child Trust Medical Research Foundation,hospital,hospital,,,,,,,medium
hospitals,240869141,way,13.0922878,80.2593357,Unnamed,hospital,hospital,,,,,,,medium
hospitals,249316510,way,13.1235156,79.9118951,R.K.B. Hospitals,hospital,hospital,,,,yes,,,critical
hospitals,249317000,way,13.1273966,79.9108882,District Government Hospital - Tiruvallur,hospital,hospital,,,,yes,,,critical
hospitals,254986491,way,13.2771647,80.261075,Divya Hospital,hospital,,,,,yes,,,critical
hospitals,262012749,way,13.0208732,80.2241344,Chennai Corporation 24 Hours Maternity Hospital,hospital,hospital,,,,yes,,,critical
hospitals,315499682,way,13.0336469,80.2451684,Apollo Speciality Hospital - Block A,hospital,hospital,Apollo Hospitals,,,yes,,,critical
hospitals,315499747,way,13.0336169,80.2456392,Apollo Speciality Hospital - Block B,hospital,hospital,,,,no,,,critical
hospitals,315499965,way,13.0339285,80.245666,Apollo Speciality Hospital - Block C,hospital,hospital,,,,no,,,critical
hospitals,328706398,way,12.9941997,80.2516271,Chennai Clinical Centres,hospital,hospital,Dr D Balakrishnan ENT Clinic,,,,+919841910001,,medium
hospitals,332525434,way,13.0359986,80.2218494,Public Health Centre (In Patient Block),hospital,hospital,Public Health Welfare Society,,,yes,044 2489 3172/7008/3101,https://www.phc-mc.org/,critical
hospitals,332525519,way,13.0363842,80.2219385,Public Health Centre (Out Patient Block),hospital,hospital,,,,,,,medium
hospitals,337923794,way,13.0234391,80.2229133,Chitra Maternity andSurgival Centre,hospital,hospital,,,,,,,medium
hospitals,337927915,way,13.024963,80.2220167,Sugam Medicals,pharmacy,pharmacy,,,,,,,medium
hospitals,337929079,way,13.0223109,80.2222779,Bora Hospital,hospital,hospital,,,,,,,medium
hospitals,343141649,way,13.0217319,80.2257691,Vasan,hospital,hospital,,,,,,,medium
hospitals,350538223,way,13.0418111,80.2246322,SRM Hospital,hospital,hospital,,,,yes,044 2474 4727,https://srmhospitals.org/,critical
hospitals,354243595,way,13.0772245,80.2387532,Guest Hospital,hospital,hospital,,,,,,https://www.guesthospital.com/,medium
hospitals,354244964,way,13.0820101,80.2092795,Jayanth Acupuncture - Anna Nagar | Acupuncturist and Cupping Therapy,,alternative,,,,,+917708211515,https://chennaiacupuncturedoctor.com,medium
hospitals,354278944,way,13.0875243,80.1857322,Frontier Lifeline Hospital,hospital,hospital,,,,,044 4201 7575,https://www.frontierlifeline.com/,medium
hospitals,354293689,way,13.0611783,80.2466206,Hande Medical Centre,hospital,hospital,Hande Medical Centre,,,,,,medium
hospitals,354540004,way,13.0074019,80.2060853,Balaji Hospital (P) Ltd,hospital,,,,,,,https://sribalajihospital.com/,medium
hospitals,354562297,way,12.9617858,80.1467001,Deepam Hospitals,hospital,hospital,,,,yes,,,critical
hospitals,354572408,way,13.0381039,80.1890642,Chennai Medical Centre,hospital,hospital,,,,,,,medium
hospitals,354741908,way,12.9290507,80.1137194,Vasan eye care Hospital,,optometrist,,,,,,,medium
hospitals,354791796,way,12.9723128,80.1284964,Child Clinic Dr Ashok Kumar,clinic,clinic,,,,,,,medium
hospitals,354797137,way,12.9874381,80.2012701,Neuberg Diagnostics Lab,,laboratory,Neuberg Ehrlich Clinical Laboratories,,,,+91 44 41412222,,medium
hospitals,354810486,way,12.9856604,80.228913,Unnamed,hospital,hospital,,,,,,,medium
hospitals,354839873,way,13.0505664,80.2299034,J.V. Hospitals Llp,hospital,hospital,,,,yes,,,critical
hospitals,354840226,way,13.0519005,80.2292607,R.R Dental Hospital,hospital,hospital,,,,,,,medium
hospitals,354840384,way,13.0505634,80.2297492,JV Hospital,hospital,hospital,,,,yes,,,critical
hospitals,354852817,way,12.9289825,80.1290484,Priyam Ayurveda Clinic,,alternative,,,,,04443800650,https://priyamclinic.com/,medium
hospitals,354985545,way,13.0485311,80.2661173,Neuberg Diagnostics,,laboratory,Neuberg Ehrlich,,,,+91 97003 69700,https://neubergdiagnostics.com/,medium
hospitals,355004584,way,12.9253428,80.1014392,TamilNadu Pharmacy,pharmacy,pharmacy,,,,,,,medium
hospitals,355052484,way,13.0308661,80.1717417,Viganesh Hospital,hospital,,,,,,,,medium
hospitals,355067576,way,13.0653715,80.2119909,Chennai Heritage Hospital,hospital,,,,,,,,medium
hospitals,355074781,way,12.9856134,80.2183829,Xcellent Care Hospital,hospital,,Xcellent Care Super Speciality Hospital ( P ) Ltd.,,,yes,,http://xcellentcarehospital.com,critical
hospitals,355081025,way,12.9714047,80.1908083,Sri Krishna Medicals,pharmacy,pharmacy,,,,,+91 94444 11077;+91 98840 49670,,medium
hospitals,355412721,way,13.0277703,80.2197071,MedPlus,pharmacy,pharmacy,,,,,,,medium
hospitals,355658593,way,13.0794481,80.1983283,Be Well Hospitals,hospital,hospital,,,,,,https://www.bewellhospitals.in/,medium
hospitals,355954801,way,12.9249086,80.1124696,Arthi scans,,yes,,,,,,,medium
hospitals,355954822,way,12.924879,80.1126812,HomeoCare International Hospital,hospital,alternative,,,,,,,medium
hospitals,355998644,way,12.9252568,80.1086111,Balaji Medicals,pharmacy,pharmacy,,,,,,,medium
hospitals,355998662,way,12.9249613,80.1100752,Bharat Scans,,scan_center,,,,,,,medium
hospitals,361224706,way,13.1229398,80.2875069,MN Eye Hospital,hospital,hospital,,,,yes,,,critical
hospitals,363930311,way,13.0963673,80.2914373,Chennai National Hospital,hospital,hospital,,,,,,,medium
hospitals,364356223,way,12.9809453,80.1871143,Diha Clinic,hospital,hospital,Diha Trust,,,yes,044 46878787,https://dihaclinic.org/,critical
hospitals,364483211,way,12.929765,80.1161656,Nirmal Eye Hospital,hospital,optometrist,,,,,,,medium
hospitals,364721502,way,12.976434,80.2221909,Athipathy Hospitals,hospital,hospital,,,,,,,medium
hospitals,371970672,way,12.9492371,80.2091585,Dr.Kamakshi Memorial Hospital,hospital,hospital,,,,yes,,,critical
hospitals,374048313,way,12.9977694,80.2574762,Shivasundar Hospital,hospital,hospital,,,,yes,,,critical
hospitals,397271559,way,12.9608465,80.2564406,Government Dispensary,clinic,clinic,,,,,,,medium
hospitals,428432216,way,12.9550873,80.0432574,Government Primary Health Center,hospital,centre,,,,,,,medium
hospitals,451681464,way,13.0380763,80.1889033,CMC Hospital,hospital,hospital,,,,,,,medium
hospitals,462740006,way,12.9846941,80.2573424,corporation hospital,hospital,hospital,,,,,,,medium
hospitals,468702000,way,13.0246498,80.2645949,Ravi Pharmacy,pharmacy,pharmacy,,,,,,,medium
hospitals,469672997,way,12.9207052,80.0880949,Annai Arul Hospital,hospital,hospital,,,,,,,medium
hospitals,469945922,way,13.1235594,80.2662176,Unnamed,hospital,hospital,,,,,,,medium
hospitals,596854590,way,12.9744854,80.0851527,36.6,pharmacy,pharmacy,,,,,,,medium
hospitals,765605778,way,12.8981219,80.2061579,Gleneagles Global Heath City,hospital,hospital,,,,yes,,https://www.gleneaglesglobalhospitals.com/,critical
hospitals,777448855,way,13.0550601,80.2328151,Lalchand Leeladevi Munoth Jain Medical Care,,laboratory,Tamilnadu Educational and Medical Trust,,,,+91 28251122/24/25/26/27,https://www.llmjmc.org,medium
hospitals,820175633,way,12.9677554,80.2375751,Unnamed,pharmacy,pharmacy,,,,,,,medium
hospitals,830928050,way,13.1314458,79.7805664,Thiruvalangadu Government Hospital,hospital,hospital,,,,,,,medium
hospitals,907941478,way,13.1576042,80.3012556,Tiruvottiyur Government Hospital,hospital,hospital,,,,,,,medium
hospitals,907941484,way,13.1485646,80.2994665,Unnamed,hospital,hospital,,,,,,,medium
hospitals,940932459,way,12.9694332,80.1851055,Unnamed,hospital,hospital,,,,,,,medium
hospitals,952332430,way,12.9253676,79.8675474,Dhanvanthri Healthcare Centre,,yes,MIRS,,,,,,medium
hospitals,982296103,way,13.0401853,80.1929612,Apollo Pharmacy,pharmacy,pharmacy,,,,,,,medium
hospitals,1066918400,way,12.8843391,80.2099754,Perumbakkam Primary Health Centre,,centre,,,,,,,medium
hospitals,1076599876,way,13.0888944,80.2886171,Vema Medicals,pharmacy,pharmacy,,,,,,,medium
hospitals,1076599893,way,13.0887324,80.2871152,Smith Stocking & Co,pharmacy,pharmacy,,,,,,,medium
hospitals,1089785795,way,13.0914517,80.2889213,KHM Medical Centre,clinic,clinic,,,,,,,medium
hospitals,1104433136,way,13.094813,80.2914574,Chennai National Hospital Speciality Clinics,hospital,hospital,,,,,,,medium
hospitals,1110191307,way,13.0991366,80.2868807,SA Hospital,hospital,hospital,,,,,,,medium
hospitals,1130782013,way,13.0552463,80.2819326,Marina Beach First Aid Centre,doctors,doctor,,,,,,,medium
hospitals,1154910967,way,13.2675711,80.122826,Vels Medical College and Hospital,hospital,hospital,,,,,+914435035035,https://www.velsmedicalcollege.com/,medium
hospitals,1155182281,way,13.1400478,80.2176872,Prashanth Superspeciality Hospital Kolathur,hospital,hospital,,,,,+914469177777,https://www.prashanthhospitals.org/kolathur,medium
hospitals,1172617297,way,13.0993485,79.8591936,Kadambathur Government Hospital,hospital,hospital;centre,,,,,,,medium
hospitals,1172701083,way,13.0937457,80.2796862,Singhvi Health Center,,yes,,,,,,,medium
hospitals,1176875169,way,13.0983937,80.2798773,Shaarave Hospital,hospital,hospital,,,,,,,medium
hospitals,1180441173,way,13.1030164,80.2843951,Mother Diagnostic Centre,clinic,clinic,,,,,,,medium
hospitals,1180908446,way,13.0985299,80.2814092,Seven Wells Urban Primary Health Centre,,yes,,,,,,,medium
hospitals,1180926082,way,13.0910905,80.2813876,The Arya Vysya Meternity Home and Child Welfare Centre,hospital,hospital,,,,,04425381525,,medium
hospitals,1234813078,way,13.1297067,80.1309846,Cherish Hospital,hospital,hospital,,,,,,,medium
hospitals,1241298308,way,13.100229,80.2837595,Mint Hospital,hospital,hospital,,,,,,,medium
hospitals,1263441145,way,13.0985158,80.2796105,Unnamed,hospital,hospital,,,,,,,medium
hospitals,1289802426,way,13.0617739,80.1356616,Dr. Mehta's Hospitals - Global Campus,hospital,hospital,,,,,,,medium
hospitals,1307421340,way,12.8414126,80.1566387,health center,,yes,,,,,,,medium
hospitals,1314584114,way,13.0765495,80.2245565,Government child birth Hospital,hospital,hospital,,,,,,,medium
hospitals,1358386128,way,12.7912032,80.0329076,Government Primary Health Centre,hospital,hospital,,,,,,,medium
hospitals,1382248560,way,13.0018214,80.2466372,Unnamed,doctors,doctor,,,,,,,medium
hospitals,1408942020,way,13.0008051,80.1998007,The Shankara Nethralaya Academy,,hospital,,,,,,,medium
hospitals,1409213345,way,13.0359444,80.2090663,Government Institute of Rehabilitation Medicine,,hospital,,,,,,,medium
hospitals,1409776420,way,13.022338,80.1863211,MIOT Hospital,,hospital,,,,,,,medium
hospitals,1410036059,way,13.0766394,80.2430155,Govt. Kilpauk Hospital,hospital,hospital,,,,,,,medium
hospitals,1410844331,way,13.0039138,80.2462855,VHS Multispeciality Hospital,,hospital,,,,,,,medium
hospitals,1428318904,way,13.0769748,80.2174878,Gynmc PG Block,hospital,hospital,Government of Tamilnadu,,,,,,medium
hospitals,1431604138,way,12.8932367,79.9309425,Vallam Government Primary Health Centre,,yes,,,,,,,medium
